ID,Cfset_ID,Form_ID,Comment,Source,Footnote_Number,Ordinal,Gloss_IDs,Subgroup
4-2-4-None-30-POc-bakewa-a-1-1,4-2-4-None-30-POc-bakewa-a-1,burna-boeboe-1,,,,1,95,
4-2-4-None-31-POc-maewa-a-1-1,4-2-4-None-31-POc-maewa-a-1,puluwatese-mowur-1,,,,1,114,
4-2-4-None-32-PCP-qaso-a-1-1,4-2-4-None-32-PCP-qaso-a-1,taiof-kas-1,,,,1,144,
4-2-4-None-32-PCP-qaso-a-1-2,4-2-4-None-32-PCP-qaso-a-1,halia-kosoro-1,,,,2,145,
4-2-6-None-36-POc-kuro-a-1-1,4-2-6-None-36-POc-kuro-a-1,kove-koha-1,,,,1,227,
4-2-6-None-37-POc-pupulan-a-1-1,4-2-6-None-37-POc-pupulan-a-1,mokilese-pallau-1,,,,1,241,
4-2-7-None-40-PEOc-buma-a-1-1,4-2-7-None-40-PEOc-buma-a-1,neveei-nabu-1,,,,1,331,
4-2-7-None-40-PEOc-buma-a-1-2,4-2-7-None-40-PEOc-buma-a-1,nati-nipu-1,,,,2,332,
4-2-7-None-40-PEOc-buma-a-1-3,4-2-7-None-40-PEOc-buma-a-1,southwestbay-nebu-1,,,,3,333,
4-2-7-None-40-PEOc-buma-a-1-4,4-2-7-None-40-PEOc-buma-a-1,nese-nabuo-1,,,,4,334,
4-2-7-None-40-PEOc-buma-a-1-5,4-2-7-None-40-PEOc-buma-a-1,southefate-napum-1,,,,5,335,
4-2-7-None-40-PEOc-buma-a-1-6,4-2-7-None-40-PEOc-buma-a-1,anejom-naticpom-1,,,,6,336,
4-2-7-None-40-PEOc-buma-a-1-7,4-2-7-None-40-PEOc-buma-a-1,nyelayu-bume-1,,,,7,337,
4-2-7-None-40-PEOc-buma-a-1-8,4-2-7-None-40-PEOc-buma-a-1,ba-bima-1,,,,8,338,
4-2-8-None-41-POc-qawaq-a-1-1,4-2-8-None-41-POc-qawaq-a-1,arosi-awa-1,,,,1,363,
4-2-8-None-41-POc-qawaq-a-1-2,4-2-8-None-41-POc-qawaq-a-1,kiribati-tawa-1,,,,2,364,
4-2-11-3-45-PROc-bonu-a-1-1,4-2-11-3-45-PROc-bonu-a-1,ubir-bonubonu-1,,,,1,463,
4-2-11-5-46-PROc-maraya-a-1-1,4-2-11-5-46-PROc-maraya-a-1,arosi-marea-1,,,,1,490,
4-2-11-5-47-POc-kqasuli-a-1-1,4-2-11-5-47-POc-kqasuli-a-1,bugotu-kasa-1,,,,1,496,
4-2-11-5-47-POc-kqasuli-a-1-2,4-2-11-5-47-POc-kqasuli-a-1,kiribati-kurukuru-1,,,,2,497,
4-2-11-5-47-POc-tdoloq-a-1-1,4-2-11-5-47-POc-tdoloq-a-1,tikopia-toro-1,,,,1,510,
4-2-11-5-47-POc-tdoloq-a-1-2,4-2-11-5-47-POc-tdoloq-a-1,samoan-tolo-1,,,,2,511,
4-2-11-5-48-PEOc-pulewa-a-1-1,4-2-11-5-48-PEOc-pulewa-a-1,bunama-papalewa-1,,,,1,519,
4-2-11-5-48-PEOc-pulewa-a-1-2,4-2-11-5-48-PEOc-pulewa-a-1,bauanfijian-bulewa-1,,,,2,520,
4-2-13-None-50-POc-makor-a-1-1,4-2-13-None-50-POc-makor-a-1,mokilese-malak-1,,,,1,569,
4-2-13-None-51-POc-panapa-a-1-1,4-2-13-None-51-POc-panapa-a-1,titan-cinap-1,,,,1,613,
4-2-14-None-53-POc-taraqan-a-1-1,4-2-14-None-53-POc-taraqan-a-1,rennellese-tagae-1,,,,1,659,
4-2-14-None-55-POc-jori-a-1-1,4-2-14-None-55-POc-jori-a-1,teop-hori-1,,,,1,693,
4-2-14-None-55-POc-jori-a-1-2,4-2-14-None-55-POc-jori-a-1,maringe-sori-1,,,,2,694,
4-2-14-None-55-POc-jori-a-1-3,4-2-14-None-55-POc-jori-a-1,marovo-hori-1,,,,3,695,
4-2-16-None-56-POc-puqaya-a-1-1,4-2-16-None-56-POc-puqaya-a-1,gela-hinapinivua-1,,,,1,716,
4-2-18-None-59-POc-kqaruas-a-1-1,4-2-18-None-59-POc-kqaruas-a-1,halia-karua-1,,,,1,779,
4-2-20-None-62-POc-qalu-a-1-1,4-2-20-None-62-POc-qalu-a-1,bariai-kalubia-1,,,,1,848,
4-2-22-None-64-POc-kurapu-a-1-1,4-2-22-None-64-POc-kurapu-a-1,kove-kaburu-1,,,,1,912,
4-2-22-None-64-POc-kurapu-a-1-2,4-2-22-None-64-POc-kurapu-a-1,teop-rovu-1,,,,2,913,
4-2-22-None-64-POc-kurapu-a-1-3,4-2-22-None-64-POc-kurapu-a-1,marovo-rava-1,,,,3,914,
4-2-22-None-66-POc-kawakawa-a-1-1,4-2-22-None-66-POc-kawakawa-a-1,gitua-kawakawa-1,,,,1,948,
4-2-22-None-66-POc-kawakawa-a-1-2,4-2-22-None-66-POc-kawakawa-a-1,arosi-aawa-1,,,,2,949,
4-2-22-None-66-POc-kawakawa-a-1-3,4-2-22-None-66-POc-kawakawa-a-1,woleaian-xawexaw-1,,,,3,950,
4-2-22-None-66-POc-kawakawa-a-1-4,4-2-22-None-66-POc-kawakawa-a-1,tongan-kavakava-1,,,,4,951,
4-2-22-None-66-POc-kawakawa-a-1-5,4-2-22-None-66-POc-kawakawa-a-1,niuatoputapu-kavakava-1,,,,5,952,
4-2-22-None-66-POc-kawakawa-a-1-6,4-2-22-None-66-POc-kawakawa-a-1,eastuvean-kavakava-1,,,,6,953,
4-2-22-None-66-POc-kawakawa-a-1-7,4-2-22-None-66-POc-kawakawa-a-1,samoan-avaava-1,,,,7,954,
4-2-22-None-66-POc-kawakawa-a-1-8,4-2-22-None-66-POc-kawakawa-a-1,hawaiian-aawa-1,,,,8,955,
4-2-26-None-70-POc-qulua-a-1-1,4-2-26-None-70-POc-qulua-a-1,kiribati-urua-1,,,,1,1009,
4-2-27-None-73-POc-palata-a-1-1,4-2-27-None-73-POc-palata-a-1,kove-palaa-1,,,,1,1078,
4-2-27-None-73-POc-palata-a-1-2,4-2-27-None-73-POc-palata-a-1,tolai-palataga-1,,,,2,1079,
4-2-30-None-76-POc-bapwa-a-1-1,4-2-30-None-76-POc-bapwa-a-1,bukawa-ib-1,,,,1,1118,
4-2-30-None-76-POc-bapwa-a-1-2,4-2-30-None-76-POc-bapwa-a-1,mota-pawa-1,,,,2,1119,
4-2-30-None-76-POc-sabutu-a-1-1,4-2-30-None-76-POc-sabutu-a-1,teop-kabusi-1,,,,1,1132,
4-2-30-None-78-POc-kiepv-a-1-1,4-2-30-None-78-POc-kiepv-a-1,eastuvean-kivi-1,,,,1,1175,
4-2-34-None-80-POc-lau-a-1-1,4-2-34-None-80-POc-lau-a-1,titan-loloi-1,,,,1,1219,
4-2-34-None-80-POc-lau-a-1-2,4-2-34-None-80-POc-lau-a-1,ambae-lulukala-1,,,,2,1220,
4-2-36-None-81-POc-kulabo-a-1-1,4-2-36-None-81-POc-kulabo-a-1,rotuman-ulapu-1,,,,1,1232,
4-2-36-None-81-POc-kulabo-a-1-2,4-2-36-None-81-POc-kulabo-a-1,samoan-ulapo-1,,,,2,1233,
4-2-36-None-82-POc-susul-a-1-1,4-2-36-None-82-POc-susul-a-1,carolinian-uluul-1,,,,1,1273,
4-2-37-None-86-POc-sapulu-a-1-1,4-2-37-None-86-POc-sapulu-a-1,marovo-ululo-1,,,,1,1372,
4-2-46-None-93-POc-babu-a-1-1,4-2-46-None-93-POc-babu-a-1,southefate-afam-1,,,,1,1514,
4-2-46-None-94-PEOc-lapi-a-1-1,4-2-46-None-94-PEOc-lapi-a-1,jawe-nami-1,,,,1,1550,
4-2-47-None-96-POc-kamaiutuq-a-1-1,4-2-47-None-96-POc-kamaiutuq-a-1,gumawana-motumotuya-1,,,,1,1592,
4-2-47-None-96-POc-kamaiutuq-a-1-2,4-2-47-None-96-POc-kamaiutuq-a-1,anejom-naumat-1,,,,2,1593,
4-2-47-None-97-POc-mkarawa-a-1-1,4-2-47-None-97-POc-mkarawa-a-1,mota-mera-1,,,,1,1622,
4-2-47-None-97-POc-mkarawa-a-1-2,4-2-47-None-97-POc-mkarawa-a-1,dorig-mer-1,,,,2,1623,
4-2-47-None-98-POc-mamanu-a-1-1,4-2-47-None-98-POc-mamanu-a-1,loniu-manaw-1,,,,1,1632,
4-2-47-None-98-POc-bos-a-1-1,4-2-47-None-98-POc-bos-a-1,pukapukan-moye-1,,,,1,1639,
4-2-49-None-99-POc-kakawa-a-1-1,4-2-49-None-99-POc-kakawa-a-1,rennellese-kagapa-1,,,,1,1646,
4-2-54-None-101-POc-qume-a-1-1,4-2-54-None-101-POc-qume-a-1,kilivila-gum-1,,,,1,1684,
4-2-54-None-103-POc-mara-a-1-1,4-2-54-None-103-POc-mara-a-1,kilivila-mawa-1,,,,1,1731,
4-2-54-None-103-POc-qapalir-a-1-1,4-2-54-None-103-POc-qapalir-a-1,wayan-balibali-1,,,,1,1746,
4-2-54-None-106-PEOc-bonea-a-1-1,4-2-54-None-106-PEOc-bonea-a-1,rennellese-ponoi-1,,,,1,1805,
4-2-54-None-106-POc-makqeto-a-1-1,4-2-54-None-106-POc-makqeto-a-1,kiribati-mako-1,,,,1,1822,
4-2-54-None-107-POc-balaki-a-1-1,4-2-54-None-107-POc-balaki-a-1,kove-balauu-1,,,,1,1845,
4-2-54-None-107-POc-balaki-a-1-2,4-2-54-None-107-POc-balaki-a-1,manam-belabela-1,,,,2,1846,
4-2-54-None-107-POc-balaki-a-1-3,4-2-54-None-107-POc-balaki-a-1,nehan-lakelak-1,,,,3,1847,
4-2-55-None-108-POc-kito-a-1-1,4-2-55-None-108-POc-kito-a-1,southwestbay-nata-1,,,,1,1871,
4-2-55-None-109-POc-roro-a-1-1,4-2-55-None-109-POc-roro-a-1,eastuvean-o-1,,,,1,1893,
4-2-55-None-109-POc-roro-a-1-2,4-2-55-None-109-POc-roro-a-1,tikopia-o-1,,,,2,1894,
4-2-55-None-109-POc-roro-a-1-3,4-2-55-None-109-POc-roro-a-1,tokelauan-o-1,,,,3,1895,
4-2-57-None-113-PROc-tawatawa-a-1-1,4-2-57-None-113-PROc-tawatawa-a-1,tongan-kavakava-1,,,,1,1975,
4-2-57-None-114-POc-tairi-a-1-1,4-2-57-None-114-POc-tairi-a-1,nehan-taili-1,,,,1,1998,
4-2-57-None-114-POc-tairi-a-1-2,4-2-57-None-114-POc-tairi-a-1,marovo-tatalii-1,,,,2,1999,
4-2-57-None-114-POc-tairi-a-1-3,4-2-57-None-114-POc-tairi-a-1,gela-ili-1,,,,3,2000,
4-2-57-None-114-POc-tairi-a-1-4,4-2-57-None-114-POc-tairi-a-1,pukapukan-tani-1,,,,4,2001,
4-2-57-None-114-POc-tairi-a-1-5,4-2-57-None-114-POc-tairi-a-1,rennellese-taili-1,,,,5,2002,
4-2-57-None-115-POc-jalala-a-1-1,4-2-57-None-115-POc-jalala-a-1,misima-dayaya-1,,,,1,2027,
4-2-59-None-118-POc-lapaq-a-1-1,4-2-59-None-118-POc-lapaq-a-1,kapingamarangi-paipai-1,,,,1,2109,
4-2-61-None-122-POc-barubaru-a-1-1,4-2-61-None-122-POc-barubaru-a-1,titan-palus-1,,,,1,2227,
4-2-61-None-122-POc-barubaru-a-1-2,4-2-61-None-122-POc-barubaru-a-1,penchal-pulot-1,,,,2,2228,
4-2-61-None-122-POc-barubaru-a-1-3,4-2-61-None-122-POc-barubaru-a-1,drehet-palap-1,,,,3,2229,
4-2-61-None-122-POc-barubaru-a-1-4,4-2-61-None-122-POc-barubaru-a-1,chuukese-pnn-1,,,,4,2230,
4-2-61-None-122-POc-barubaru-a-1-5,4-2-61-None-122-POc-barubaru-a-1,satawalese-pn-1,,,,5,2231,
4-2-63-None-127-POc-boeboe-a-1-1,4-2-63-None-127-POc-boeboe-a-1,wayan-bute-1,,,,1,2319,
4-2-63-None-127-POc-buli-a-1-1,4-2-63-None-127-POc-buli-a-1,manam-bulai-1,,,,1,2324,
4-2-63-None-127-POc-buli-a-1-2,4-2-63-None-127-POc-buli-a-1,takia-bului-1,,,,2,2325,
4-2-63-None-127-POc-buli-a-1-3,4-2-63-None-127-POc-buli-a-1,bing-bululuy-1,,,,3,2326,
4-2-63-None-127-PCP-jexejexe-a-1-1,4-2-63-None-127-PCP-jexejexe-a-1,roro-tee-1,,,,1,2336,
4-2-63-None-127-PCP-jexejexe-a-1-2,4-2-63-None-127-PCP-jexejexe-a-1,chuukese-sekun-1,,,,2,2337,
4-2-63-None-128-PROc-bakare-a-1-1,4-2-63-None-128-PROc-bakare-a-1,halia-burukari-1,,,,1,2347,
4-2-66-1-129-POc-bira-a-1-1,4-2-66-1-129-POc-bira-a-1,mangap-barana-1,,,,1,2368,
4-2-66-1-129-POc-bira-a-1-2,4-2-66-1-129-POc-bira-a-1,wayan-via-1,,,,2,2369,
4-2-66-2-129-POc-qasa-a-1-1,4-2-66-2-129-POc-qasa-a-1,lou-lisan-1,,,,1,2390,
4-2-66-2-129-POc-qasa-a-1-2,4-2-66-2-129-POc-qasa-a-1,saa-laasi-1,,,,2,2391,
4-2-66-2-129-POc-qasa-a-1-3,4-2-66-2-129-POc-qasa-a-1,arosi-raasi-1,,,,3,2392,
4-2-66-2-130-POc-gara-a-1-1,4-2-66-2-130-POc-gara-a-1,kilivila-garena-1,,,,1,2407,
4-2-66-3-131-POc-qunapi-a-1-1,4-2-66-3-131-POc-qunapi-a-1,sinaugoro-cunave-1,,,,1,2446,
4-2-66-3-131-POc-qunapi-a-1-2,4-2-66-3-131-POc-qunapi-a-1,niuean-hinafi-1,,,,2,2447,
4-2-66-4-133-PEOc-kabakaba-a-1-1,4-2-66-4-133-PEOc-kabakaba-a-1,tinputz-keva-1,,,,1,2488,
4-2-66-4-133-PEOc-kabakaba-a-1-2,4-2-66-4-133-PEOc-kabakaba-a-1,tongan-kapoa-1,,,,2,2489,
4-2-66-4-134-POc-siriko-a-1-1,4-2-66-4-134-POc-siriko-a-1,ponapean-sike-1,,,,1,2505,
4-4-3-2-167-PCP-jabajaba-a-1-1,4-4-3-2-167-PCP-jabajaba-a-1,gedaged-sabai-1,,,,1,2617,
4-4-3-2-167-PCP-jabajaba-a-1-2,4-4-3-2-167-PCP-jabajaba-a-1,kwamera-tpatpa-1,,,,2,2618,
4-4-3-3-168-PROc-lura-a-1-1,4-4-3-3-168-PROc-lura-a-1,sengseng-elus-1,,,,1,2623,
4-4-3-5-173-POc-tubara-a-1-1,4-4-3-5-173-POc-tubara-a-1,nduke-tubavu-1,,,,1,2726,
4-4-3-5-173-POc-tubara-a-1-2,4-4-3-5-173-POc-tubara-a-1,ghari-tuba-1,,,,2,2727,
4-4-3-5-173-POc-rakumu-a-1-1,4-4-3-5-173-POc-rakumu-a-1,kove-laumu-1,,,,1,2748,
4-4-3-5-176-PEOc-karuve-a-1-1,4-4-3-5-176-PEOc-karuve-a-1,mutu-garuru-1,,,,1,2820 2821,
4-4-3-5-177-PEOc-kakaka-a-1-1,4-4-3-5-177-PEOc-kakaka-a-1,misima-kakalisu-1,,,,1,2826,
4-4-3-5-177-PEOc-kakaka-a-1-2,4-4-3-5-177-PEOc-kakaka-a-1,marovo-kakarita-1,,,,2,2827,
4-4-3-5-177-PEOc-kakaka-a-1-3,4-4-3-5-177-PEOc-kakaka-a-1,marovo-kakabacha-1,,,,3,2828,
4-4-3-5-177-POc-karaka-a-1-1,4-4-3-5-177-POc-karaka-a-1,kiribati-kakawa-1,,,,1,2836,
4-4-3-5-177-POc-gkalau-a-1-1,4-4-3-5-177-POc-gkalau-a-1,riwo-kulau-1,,,,1,2840,
4-4-3-7-179-ProtoMalaitaMakira-sisira-a-1-1,4-4-3-7-179-ProtoMalaitaMakira-sisira-a-1,roviana-zere-1,,,,1,2847,
4-4-3-7-179-ProtoMalaitaMakira-sisira-a-1-2,4-4-3-7-179-ProtoMalaitaMakira-sisira-a-1,maringe-sisira-1,,,,2,2848,
4-4-4-2-181-POc-raa-a-1-1,4-4-4-2-181-POc-raa-a-1,maringe-cega-1,,,,1,2882,
4-4-4-2-183-PEOc-matabuku-a-1-1,4-4-4-2-183-PEOc-matabuku-a-1,maringe-pupuku-1,,,,1,2902,
4-4-4-2-183-PEOc-matabuku-a-1-2,4-4-4-2-183-PEOc-matabuku-a-1,anejom-napek-1,,,,2,2903,
4-4-4-2-184-POc-sisiq-a-1-1,4-4-4-2-184-POc-sisiq-a-1,yabem-usu-1,,,,1,2970,
4-4-4-2-184-POc-sisiq-a-1-2,4-4-4-2-184-POc-sisiq-a-1,motu-dudu-1,,,,2,2971,
4-4-4-2-186-POc-lalak-a-1-1,4-4-4-2-186-POc-lalak-a-1,mussau-lailai-1,,,,1,3004,
4-4-4-2-186-POc-lalak-a-1-2,4-4-4-2-186-POc-lalak-a-1,kove-lalai-1,,,,2,3005,
4-4-4-2-186-POc-lalak-a-1-3,4-4-4-2-186-POc-lalak-a-1,bali-lailai-1,,,,3,3006,
4-4-4-2-188-POc-burua-a-1-1,4-4-4-2-188-POc-burua-a-1,kove-vuru-1,,,,1,3031,
4-4-4-2-188-POc-burua-a-1-2,4-4-4-2-188-POc-burua-a-1,nakanai-eburu-1,,,,2,3032,
4-4-4-3-190-PEOc-bvasua-a-1-1,4-4-4-3-190-PEOc-bvasua-a-1,tongan-vasua-1,,,,1,3064,
4-4-4-3-191-POc-kasi-a-1-1,4-4-4-3-191-POc-kasi-a-1,carolinian-xatil-1,,,,1,3078,
4-4-4-3-193-POc-japi-a-1-1,4-4-4-3-193-POc-japi-a-1,hula-ravivi-1,,,,1,3158,
4-4-4-3-196-PMM-game-a-1-1,4-4-4-3-196-PMM-game-a-1,mussau-kamekame-1,,,,1,3216,
4-4-4-3-196-PMM-game-a-1-2,4-4-4-3-196-PMM-game-a-1,manam-gam-1,,,,2,3217,
4-4-4-4-197-PEOc-tadruku-a-1-1,4-4-4-4-197-PEOc-tadruku-a-1,marovo-tatadu-1,,,,1,3232,
4-4-4-6-200-POc-nusa-a-1-1,4-4-4-6-200-POc-nusa-a-1,tolai-maranua-1,,,,1,3272,
4-4-4-6-200-POc-managi-a-1-1,4-4-4-6-200-POc-managi-a-1,kove-mokave-1,,,,1,3298,
4-4-4-6-200-POc-managi-a-1-2,4-4-4-6-200-POc-managi-a-1,apalik-oyuk-1,,,,2,3299,
4-4-5-1-203-POc-sarawaki-a-1-1,4-4-5-1-203-POc-sarawaki-a-1,molima-salawaee-1,,,,1,3334,
4-4-5-1-203-POc-salan-a-1-1,4-4-5-1-203-POc-salan-a-1,mangap-sailen-1,,,,1,3344,
4-4-5-1-204-PCP-wana-a-1-1,4-4-5-1-204-PCP-wana-a-1,anejom-nahen-1,,,,1,3366,
4-4-5-2-204-POc-pbula-a-1-1,4-4-5-2-204-POc-pbula-a-1,gela-vula-1,,,,1,3380,
4-4-5-2-205-PCP-tarasea-a-1-1,4-4-5-2-205-PCP-tarasea-a-1,samoan-sea-1,,,,1,3393,
4-4-5-3-206-POc-saasaa-a-1-1,4-4-5-3-206-POc-saasaa-a-1,bauanfijian-basaga-1,,,,1,3420 3421,
4-4-6-3-210-PPn-kalukalu-a-1-1,4-4-6-3-210-PPn-kalukalu-a-1,rennellese-kaukau-1,,,,1,3489,
4-4-6-3-210-PPn-kalukalu-a-1-2,4-4-6-3-210-PPn-kalukalu-a-1,maori-karukaru-1,,,,2,3490,
4-4-7-1-210-POc-ibo-a-1-1,4-4-7-1-210-POc-ibo-a-1,teop-iobo-1,,,,1,3513,
4-4-7-2-211-POc-weli-a-1-1,4-4-7-2-211-POc-weli-a-1,dobu-palikeke-1,,,,1,3532,
4-4-7-2-211-POc-weli-a-1-2,4-4-7-2-211-POc-weli-a-1,molima-palikeke-1,,,,2,3533,
4-4-7-2-211-POc-weli-a-1-3,4-4-7-2-211-POc-weli-a-1,lau-farifari-1,,,,3,3534,
4-5-2-2-222-PNGOc-makan-a-1-1,4-5-2-2-222-PNGOc-makan-a-1,matukar-makusik-1,,,,1,3601,
4-5-2-2-222-PNGOc-makan-a-1-2,4-5-2-2-222-PNGOc-makan-a-1,kairiru-meik-1,,,,2,3602,
4-5-2-2-222-PNGOc-makan-a-1-3,4-5-2-2-222-PNGOc-makan-a-1,ali-meik-1,,,,3,3603,
4-5-2-2-222-PNGOc-makan-a-1-4,4-5-2-2-222-PNGOc-makan-a-1,kuni-mau-1,,,,4,3604,
4-5-2-4-226-PNGOc-sirraesirrae-a-1-1,4-5-2-4-226-PNGOc-sirraesirrae-a-1,gapapaiwa-surasura-1,,,,1,3643,
4-5-2-4-226-PNGOc-sirraesirrae-a-1-2,4-5-2-4-226-PNGOc-sirraesirrae-a-1,tolai-diradira-1,,,,2,3644,
4-5-2-8-232-POc-labpou-a-1-1,4-5-2-8-232-POc-labpou-a-1,neveei-nelabut-1,,,,1,3710,
4-5-2-8-232-POc-labpou-a-1-2,4-5-2-8-232-POc-labpou-a-1,nati-nelemput-1,,,,2,3711,
4-5-2-8-232-POc-labpou-a-1-3,4-5-2-8-232-POc-labpou-a-1,naman-labet-1,,,,3,3712,
4-5-2-8-232-POc-labpou-a-1-4,4-5-2-8-232-POc-labpou-a-1,southwestbay-lambut-1,,,,4,3713,
4-5-2-9-236-POc-malibeka-a-1-1,4-5-2-9-236-POc-malibeka-a-1,titan-palimet-1,,,,1,3781,
4-5-2-9-236-POc-maliboi-a-1-1,4-5-2-9-236-POc-maliboi-a-1,mussau-marieba-1,,,,1,3798,
4-5-2-9-236-POc-maliboi-a-1-2,4-5-2-9-236-POc-maliboi-a-1,ouma-maiba-1,,,,2,3799,
4-5-2-9-236-POc-maliboi-a-1-3,4-5-2-9-236-POc-maliboi-a-1,balawaia-maioba-1,,,,3,3800,
4-5-2-9-236-POc-maliboi-a-1-4,4-5-2-9-236-POc-maliboi-a-1,maopa-maopa-1,,,,4,3801,
4-5-2-9-236-POc-maliboi-a-1-5,4-5-2-9-236-POc-maliboi-a-1,hula-maopa-1,,,,5,3802,
4-5-3-1-239-POc-boukasi-a-1-1,4-5-3-1-239-POc-boukasi-a-1,saliba-puaka-1,,,,1,3858,
4-5-3-1-239-POc-boukasi-a-1-2,4-5-3-1-239-POc-boukasi-a-1,magori-uaka-1,,,,2,3859,
4-5-3-1-239-POc-boukasi-a-1-3,4-5-3-1-239-POc-boukasi-a-1,yoba-uaa-1,,,,3,3860,
4-5-3-1-239-POc-boukasi-a-1-4,4-5-3-1-239-POc-boukasi-a-1,nixumwak-puaka-1,,,,4,3861,
4-5-3-1-239-POc-boukasi-a-1-5,4-5-3-1-239-POc-boukasi-a-1,iaai-buaka-1,,,,5,3862,
4-5-3-1-239-POc-boukasi-a-1-6,4-5-3-1-239-POc-boukasi-a-1,bauanfijian-vuaka-1,,,,6,3863,
4-5-3-1-239-POc-basa-a-1-1,4-5-3-1-239-POc-basa-a-1,arosi-baba-1,,,,1,3873,
4-5-3-1-239-POc-basa-a-1-2,4-5-3-1-239-POc-basa-a-1,saa-papa-1,,,,2,3874,
4-5-3-2-241-ProtoNorthBougainville-kasi-a-1-1,4-5-3-2-241-ProtoNorthBougainville-kasi-a-1,solos-kus-1,,,,1,3886,
4-5-3-2-241-ProtoNorthBougainville-kasi-a-1-2,4-5-3-2-241-ProtoNorthBougainville-kasi-a-1,petats-kus-1,,,,2,3887,
4-5-3-2-241-ProtoNorthBougainville-kasi-a-1-3,4-5-3-2-241-ProtoNorthBougainville-kasi-a-1,longgu-usu-1,,,,3,3888,
4-5-3-2-241-ProtoNorthBougainville-kasi-a-1-4,4-5-3-2-241-ProtoNorthBougainville-kasi-a-1,saa-usu-1,,,,4,3889,
4-5-3-2-242-PWOc-kauwak-a-1-1,4-5-3-2-242-PWOc-kauwak-a-1,torau-kaukau-1,,,,1,3910,
4-5-3-2-242-PWOc-kauwak-a-1-2,4-5-3-2-242-PWOc-kauwak-a-1,monoalu-auau-1,,,,2,3911,
4-5-3-2-242-PWOc-kauwak-a-1-3,4-5-3-2-242-PWOc-kauwak-a-1,roviana-kakaula-1,,,,3,3912,
4-5-3-2-242-PWOc-kauwak-a-1-4,4-5-3-2-242-PWOc-kauwak-a-1,gela-kau-1,,,,4,3913,
4-5-3-2-242-PWOc-kauwak-a-1-5,4-5-3-2-242-PWOc-kauwak-a-1,birao-kau-1,,,,5,3914,
4-5-3-2-242-PWOc-kauwak-a-1-6,4-5-3-2-242-PWOc-kauwak-a-1,tolo-kau-1,,,,6,3915,
4-5-3-2-242-PWOc-kauwak-a-1-7,4-5-3-2-242-PWOc-kauwak-a-1,lengo-kau-1,,,,7,3916,
4-5-3-2-242-PWOc-paia-a-1-1,4-5-3-2-242-PWOc-paia-a-1,mussau-paua-1,,,,1,3920,
4-5-3-2-242-PWOc-paia-a-1-2,4-5-3-2-242-PWOc-paia-a-1,seimat-paua-1,,,,2,3921,
4-5-3-2-242-PWOc-paia-a-1-3,4-5-3-2-242-PWOc-paia-a-1,westguadalcanal-pai-1,,,,3,3922,
4-5-3-2-242-PWOc-paia-a-1-4,4-5-3-2-242-PWOc-paia-a-1,ghari-pai-1,,,,4,3923,
4-5-3-2-242-PWOc-paia-a-1-5,4-5-3-2-242-PWOc-paia-a-1,malango-pai-1,,,,5,3924,
4-5-4-1-243-POc-purapuras-a-1-1,4-5-4-1-243-POc-purapuras-a-1,ambae-vuregi-1,,,,1,3942,
4-5-4-1-244-PPn-tafouraqa-a-1-1,4-5-4-1-244-PPn-tafouraqa-a-1,namakir-tavira-1,,,,1,3955,
4-5-4-1-244-PPn-tafouraqa-a-1-2,4-5-4-1-244-PPn-tafouraqa-a-1,southefate-tafra-1,,,,2,3956,
4-5-4-1-244-PPn-tafouraqa-a-1-3,4-5-4-1-244-PPn-tafouraqa-a-1,sye-tovura-1,,,,3,3957,
4-5-4-1-244-PPn-tafouraqa-a-1-4,4-5-4-1-244-PPn-tafouraqa-a-1,kwamera-tfra-1,,,,4,3958,
4-5-4-1-244-PPn-tafouraqa-a-1-5,4-5-4-1-244-PPn-tafouraqa-a-1,wayan-tavuto-1,,,,5,3959,
4-5-4-1-244-PPn-tafouraqa-a-1-6,4-5-4-1-244-PPn-tafouraqa-a-1,bauanfijian-tavuto-1,,,,6,3960,
4-5-4-1-245-POc-kurriap-a-1-1,4-5-4-1-245-POc-kurriap-a-1,sye-sofurwavoh-1,,,9,1,4000,
4-5-4-1-245-POc-kurriap-a-1-2,4-5-4-1-245-POc-kurriap-a-1,ura-sofurwavos-1,,,,2,4001,
4-5-4-1-245-POc-kurriap-a-1-3,4-5-4-1-245-POc-kurriap-a-1,bauanfijian-gio-1,,,,3,4002,
4-5-4-1-245-POc-kurriap-a-1-4,4-5-4-1-245-POc-kurriap-a-1,kadavu-gio-1,,,,4,4003,
4-5-4-2-247-POc-ruyu-a-1-1,4-5-4-2-247-POc-ruyu-a-1,kaiep-kuoi-1,,,,1,4024,
4-5-4-2-247-POc-ruyu-a-1-2,4-5-4-2-247-POc-ruyu-a-1,kairiru-qui-1,,,,2,4025,
4-5-4-2-247-POc-ruyu-a-1-3,4-5-4-2-247-POc-ruyu-a-1,babatana-jui-1,,,,3,4026,
4-5-5-3-254-POc-karliupas-a-1-1,4-5-5-3-254-POc-karliupas-a-1,toabaita-galuaa-1,,,,1,4135,
4-5-5-3-255-PWOc-paria-a-1-1,4-5-5-3-255-PWOc-paria-a-1,nakanai-vareki-1,,,,1,4166,
4-5-5-3-256-PCP-vokai-a-1-1,4-5-5-3-256-PCP-vokai-a-1,tamambo-vohare-1,,,,1,4181,
4-5-5-3-257-POc-bili-a-1-1,4-5-5-3-257-POc-bili-a-1,tikopia-mokopili-1,,,,1,4193,
4-5-5-3-259-POc-kaporu-a-1-1,4-5-5-3-259-POc-kaporu-a-1,seruilaut-kafei-1,,,,1,4219,
4-5-5-3-259-POc-kaporu-a-1-2,4-5-5-3-259-POc-kaporu-a-1,molima-kekepa-1,,,,2,4220,
4-5-5-3-259-POc-kaporu-a-1-3,4-5-5-3-259-POc-kaporu-a-1,nakanai-kavega-1,,,,3,4221,
4-5-5-3-259-POc-kaporu-a-1-4,4-5-5-3-259-POc-kaporu-a-1,tolai-keveu-1,,,,4,4222,
4-5-5-4-260-POc-mogko-a-1-1,4-5-5-4-260-POc-mogko-a-1,saliba-kenokenomugu-1,,,,1,4282,
4-5-6-None-263-POc-parrac-a-1-1,4-5-6-None-263-POc-parrac-a-1,nakanai-pere-1,,,,1,4308,
4-5-6-None-263-POc-parrac-a-1-2,4-5-6-None-263-POc-parrac-a-1,tolai-per-1,,,,2,4309,
4-5-6-None-263-POc-parrac-a-1-3,4-5-6-None-263-POc-parrac-a-1,arosi-haro-1,,,,3,4310,
4-5-6-None-263-POc-parrac-a-1-4,4-5-6-None-263-POc-parrac-a-1,arosi-paroamaama-1,,,,4,4311,
4-5-6-None-263-POc-kurau-a-1-1,4-5-6-None-263-POc-kurau-a-1,manam-kurubasi-1,,,,1,4318,
4-5-6-None-263-POc-kurau-a-1-2,4-5-6-None-263-POc-kurau-a-1,mekeo-kulua-1,,,,2,4319,
4-5-6-None-263-POc-kurau-a-1-3,4-5-6-None-263-POc-kurau-a-1,sudest-kula-1,,,,3,4320,
4-5-6-None-263-POc-kurau-a-1-4,4-5-6-None-263-POc-kurau-a-1,balawaia-kurafege-1,,,,4,4321,
4-5-6-None-263-POc-kurau-a-1-5,4-5-6-None-263-POc-kurau-a-1,halia-kura-1,,,,5,4322,
4-5-6-None-263-POc-kurau-a-1-6,4-5-6-None-263-POc-kurau-a-1,tinputz-kura-1,,,,6,4323,
4-5-6-None-263-POc-kurau-a-1-7,4-5-6-None-263-POc-kurau-a-1,kia-kule-1,,,,7,4324,
4-5-6-None-263-POc-kurau-a-1-8,4-5-6-None-263-POc-kurau-a-1,nduke-pakarau-1,,,,8,4325,
4-5-6-None-263-POc-kurau-a-1-9,4-5-6-None-263-POc-kurau-a-1,lungga-bakarau-1,,,,9,4326,
4-5-6-None-263-POc-kurau-a-1-10,4-5-6-None-263-POc-kurau-a-1,roviana-bakarao-1,,,,10,4327,
4-5-6-None-263-POc-kurau-a-1-11,4-5-6-None-263-POc-kurau-a-1,bugotu-kuikuli-1,,,,11,4328,
4-5-6-None-263-POc-kurau-a-1-12,4-5-6-None-263-POc-kurau-a-1,arosi-wairau-1,,,,12,4329,
4-5-6-None-264-PNNG-karok-a-1-1,4-5-6-None-264-PNNG-karok-a-1,saliba-kalukalu-1,,,,1,4336,
4-5-6-None-264-PNNG-karok-a-1-2,4-5-6-None-264-PNNG-karok-a-1,wedau-qeru-1,,,,2,4337,
4-5-6-None-264-PNNG-karok-a-1-3,4-5-6-None-264-PNNG-karok-a-1,nakanai-karukaru-1,,,,3,4338,
4-5-6-None-264-PNNG-karok-a-1-4,4-5-6-None-264-PNNG-karok-a-1,halia-karou-1,,,,4,4339,
4-5-6-None-264-POc-kekeke-a-1-1,4-5-6-None-264-POc-kekeke-a-1,gapapaiwa-kere-1,,,,1,4352,
4-5-6-None-264-POc-kekeke-a-1-2,4-5-6-None-264-POc-kekeke-a-1,areare-koe-1,,,,2,4353,
4-5-6-None-264-POc-kekeke-a-1-3,4-5-6-None-264-POc-kekeke-a-1,gela-kererao-1,,,,3,4354,
4-5-6-None-264-POc-kekeke-a-1-4,4-5-6-None-264-POc-kekeke-a-1,lau-kere-1,,,,4,4355,
4-5-6-None-265-PMM-rokrok-a-1-1,4-5-6-None-265-PMM-rokrok-a-1,lou-rekrek-1,,,,1,4364,
4-5-7-1-266-POc-bati-a-1-1,4-5-7-1-266-POc-bati-a-1,nduke-patu-1,,,,1,4386,
4-5-7-1-267-PNGOc-joa-a-1-1,4-5-7-1-267-PNGOc-joa-a-1,nakanai-togo-1,,,,1,4405,
4-5-7-1-267-PNGOc-joa-a-1-2,4-5-7-1-267-PNGOc-joa-a-1,tolai-lokono-1,,,,2,4406,
4-5-7-2-268-PEOc-qunap-a-1-1,4-5-7-2-268-PEOc-qunap-a-1,kia-apo-1,,,,1,4444,
4-6-2-None-277-POc-uju-a-1-1,4-6-2-None-277-POc-uju-a-1,iduna-mudu-1,,,,1,4603,
4-6-2-None-277-POc-uju-a-1-2,4-6-2-None-277-POc-uju-a-1,gapapaiwa-mutu-1,,,,2,4604,
4-6-2-None-277-POc-uju-a-1-3,4-6-2-None-277-POc-uju-a-1,balawaia-muru-1,,,,3,4605,
4-6-2-None-278-POc-qatolur-a-1-1,4-6-2-None-278-POc-qatolur-a-1,rotuman-kalofi-1,,,,1,4665,
4-6-2-None-281-POc-toki-a-1-1,4-6-2-None-281-POc-toki-a-1,samoan-toi-1,,,,1,4744,
4-6-2-None-281-POc-toki-a-1-2,4-6-2-None-281-POc-toki-a-1,nukuoro-toi-1,,,,2,4745,
4-6-2-None-281-POc-toki-a-1-3,4-6-2-None-281-POc-toki-a-1,maori-toi-1,,,,3,4746,
4-6-4-None-286-PPn-moa-a-1-1,4-6-4-None-286-PPn-moa-a-1,yapese-moe-1,,,,1,4842,
4-6-4-None-286-PPn-moa-a-1-2,4-6-4-None-286-PPn-moa-a-1,ajie-mey-1,,,,2,4843,
4-6-4-None-286-PPn-moa-a-1-3,4-6-4-None-286-PPn-moa-a-1,tiri-me-1,,,,3,4844,
4-6-4-None-286-PPn-moa-a-1-4,4-6-4-None-286-PPn-moa-a-1,kiribati-moa-1,,,,4,4845,
4-6-4-None-286-PPn-moa-a-1-5,4-6-4-None-286-PPn-moa-a-1,wayan-mo-1,,,,5,4846,
4-6-4-None-286-PPn-moa-a-1-6,4-6-4-None-286-PPn-moa-a-1,bauanfijian-mo-1,,,,6,4847,
4-6-4-None-286-PPn-moa-a-1-7,4-6-4-None-286-PPn-moa-a-1,rotuman-moa-1,,,,7,,
4-6-4-None-287-POc-qupa-a-1-1,4-6-4-None-287-POc-qupa-a-1,rotuman-ufa-1,,,,1,4852,
4-6-5-2-291-POc-baro-a-1-1,4-6-5-2-291-POc-baro-a-1,rotuman-pelo-1,,,,1,4935,
4-6-5-2-291-POc-baro-a-1-2,4-6-5-2-291-POc-baro-a-1,bauanfijian-belo-1,,,,2,4936,
4-6-5-2-291-PSV-banie-a-1-1,4-6-5-2-291-PSV-banie-a-1,lendamboi-nalibanua-1,,,,1,4943,
4-6-5-2-291-PSV-banie-a-1-2,4-6-5-2-291-PSV-banie-a-1,labo-nbunuoj-1,,,,2,4944,
4-6-5-2-291-PSV-banie-a-1-3,4-6-5-2-291-PSV-banie-a-1,southwestbay-libanui-1,,,,3,4945,
4-6-5-2-292-ProtoCentralMicronesian-karau-a-1-1,4-6-5-2-292-ProtoCentralMicronesian-karau-a-1,rennellese-kagau-1,,,,1,4968,
4-6-5-2-292-PPn-matuku-a-1-1,4-6-5-2-292-PPn-matuku-a-1,niuean-motuku-1,,,,1,4983,
4-6-5-2-292-PPn-matuku-a-1-2,4-6-5-2-292-PPn-matuku-a-1,rennellese-matuku-1,,,,2,4984,
4-6-5-3-294-PEOc-raa-a-1-1,4-6-5-3-294-PEOc-raa-a-1,marovo-araa-1,,,,1,5030,
4-6-5-3-295-PPn-toloa-a-1-1,4-6-5-3-295-PPn-toloa-a-1,burna-teloloa-1,,,,1,5049,
4-6-5-4-296-POc-taragau-a-1-1,4-6-5-4-296-POc-taragau-a-1,nehan-targau-1,,,,1,5064,
4-6-5-4-299-PSES-tava-a-1-1,4-6-5-4-299-PSES-tava-a-1,rennellese-tava-1,,,,1,5141,
4-6-5-4-300-POc-kitso-a-1-1,4-6-5-4-300-POc-kitso-a-1,wayan-kitu-1,,,,1,5180,
4-6-5-4-301-PNGOc-kisakisa-a-1-1,4-6-5-4-301-PNGOc-kisakisa-a-1,adzera-asas-1,,,,1,5188,
4-6-5-4-301-PNGOc-kisakisa-a-1-2,4-6-5-4-301-PNGOc-kisakisa-a-1,takia-esaes-1,,,,2,5189,
4-6-5-4-301-PNGOc-kisakisa-a-1-3,4-6-5-4-301-PNGOc-kisakisa-a-1,gela-kisokiso-1,,,,3,5190,
4-6-5-4-303-PSOc-mala-a-1-1,4-6-5-4-303-PSOc-mala-a-1,ifiramele-mala-1,,,,1,5242,
4-6-5-4-303-PSOc-mala-a-1-2,4-6-5-4-303-PSOc-mala-a-1,ifiramele-malaperiki-1,,,,2,5243,
4-6-5-7-309-PPn-moso-a-1-1,4-6-5-7-309-PPn-moso-a-1,nukuoro-moso-1,,,,1,5412,
4-6-5-7-309-PPn-moso-a-1-2,4-6-5-7-309-PPn-moso-a-1,kapingamarangi-moeho-1,,,,2,5413,
4-6-5-8-312-POc-baluc-a-1-1,4-6-5-8-312-POc-baluc-a-1,roviana-baruku-1,,,,1,5514,
4-6-5-8-312-POc-baluc-a-1-2,4-6-5-8-312-POc-baluc-a-1,simbo-baru-1,,,,2,5515,
4-6-5-8-312-POc-baluc-a-1-3,4-6-5-8-312-POc-baluc-a-1,maringe-balu-1,,,,3,5516,
4-6-5-8-312-POc-baluc-a-1-4,4-6-5-8-312-POc-baluc-a-1,kia-babaluhu-1,,,,4,5517,
4-6-5-8-313-POc-bona-a-1-1,4-6-5-8-313-POc-bona-a-1,pileni-numbona-1,,,,1,5526,
4-6-5-8-314-PCP-rubve-a-1-1,4-6-5-8-314-PCP-rubve-a-1,burna-telupe-1,,,,1,5550,
4-6-5-8-314-PCP-rubve-a-1-2,4-6-5-8-314-PCP-rubve-a-1,kiribati-rupe-1,,,,2,5551,
4-6-5-8-314-PCP-rubve-a-1-3,4-6-5-8-314-PCP-rubve-a-1,rotuman-rupevao-1,,,,3,5552,
4-6-5-8-318-POc-kurlukurlu-a-1-1,4-6-5-8-318-POc-kurlukurlu-a-1,gedaged-kududuk-1,,,,1,5704,
4-6-5-8-319-POc-kurau-a-1-1,4-6-5-8-319-POc-kurau-a-1,bauro-kuvau-1,,,,1,5714,
4-6-5-8-319-POc-kurau-a-1-2,4-6-5-8-319-POc-kurau-a-1,bauro-kuvaumano-1,,,,2,5715,
4-6-5-8-319-POc-kurau-a-1-3,4-6-5-8-319-POc-kurau-a-1,rennellese-kiou-1,,,,3,5716,
4-6-5-8-320-POc-baruruk-a-1-1,4-6-5-8-320-POc-baruruk-a-1,tolai-bilul-1,,,,1,5734,
4-6-5-9-321-PPT-wakekekakawe-a-1-1,4-6-5-9-321-PPT-wakekekakawe-a-1,nduke-vakvoa-1,,,,1,5750,
4-6-5-9-321-PPT-wakekekakawe-a-1-2,4-6-5-9-321-PPT-wakekekakawe-a-1,maringe-vea-1,,,,2,5751,
4-6-5-9-324-POc-sipirri-a-1-1,4-6-5-9-324-POc-sipirri-a-1,nduke-sivoro-1,,,,1,5856,
4-6-5-9-324-POc-sipirri-a-1-2,4-6-5-9-324-POc-sipirri-a-1,roviana-sivoro-1,,,,2,5857,
4-6-5-9-324-POc-sipirri-a-1-3,4-6-5-9-324-POc-sipirri-a-1,maringe-sivoro-1,,,,3,5858,
4-6-5-9-325-POc-siri-a-1-1,4-6-5-9-325-POc-siri-a-1,ponapean-seret-1,,,,1,5906,
4-6-5-9-325-POc-siri-a-1-2,4-6-5-9-325-POc-siri-a-1,mokilese-ceret-1,,,,2,5907,
4-6-5-9-325-POc-siri-a-1-3,4-6-5-9-325-POc-siri-a-1,nukuoro-serete-1,,,,3,5908,
4-6-5-9-326-POc-kareas-a-1-1,4-6-5-9-326-POc-kareas-a-1,tikopia-lea-1,,,,1,5943,
4-6-5-9-327-POc-kkgilne-a-1-1,4-6-5-9-327-POc-kkgilne-a-1,rennellese-inei-1,,,,1,5967,
4-6-5-9-328-PCP-kula-a-1-1,4-6-5-9-328-PCP-kula-a-1,kiribati-kura-1,,,,1,5984,
4-6-5-11-330-POc-kurudrdu-a-1-1,4-6-5-11-330-POc-kurudrdu-a-1,mangap-uloto-1,,,,1,6040,
4-6-5-11-330-POc-kurudrdu-a-1-2,4-6-5-11-330-POc-kurudrdu-a-1,kia-kikituru-1,,,,2,6041,
4-6-5-11-331-POc-drudrurr-a-1-1,4-6-5-11-331-POc-drudrurr-a-1,halia-tutul-1,,,,1,6049,
4-6-5-11-331-POc-drudrurr-a-1-2,4-6-5-11-331-POc-drudrurr-a-1,tinputz-toruruen-1,,,,2,6050,
4-6-5-11-331-PROc-lulu-a-1-1,4-6-5-11-331-PROc-lulu-a-1,rotuman-ruru-1,,,,1,6066,
4-6-5-11-331-PROc-lulu-a-2-1,4-6-5-11-331-PROc-lulu-a-2,burna-eluro-1,,,,1,6067,
4-6-5-12-334-POc-kabakabal-a-1-1,4-6-5-12-334-POc-kabakabal-a-1,tikopia-pakalili-1,,,,1,6121,
4-6-5-12-334-POc-kabakabal-a-2-1,4-6-5-12-334-POc-kabakabal-a-2,iduna-manuyayabama-1,,,,1,6122,
4-6-5-12-334-POc-kabakabal-a-2-2,4-6-5-12-334-POc-kabakabal-a-2,ura-nibem-1,,,,2,6123,
4-6-5-12-334-POc-kabakabal-a-2-3,4-6-5-12-334-POc-kabakabal-a-2,sye-nimpem-1,,,,3,6124,
4-6-5-13-336-POc-sjiko-a-1-1,4-6-5-13-336-POc-sjiko-a-1,rennellese-lio-1,,,,1,6199,
4-6-6-1-342-POc-pisu-a-1-1,4-6-6-1-342-POc-pisu-a-1,teop-kuisau-1,,,,1,6303,
4-6-6-1-342-POc-pisu-a-1-2,4-6-6-1-342-POc-pisu-a-1,banoni-kuisa-1,,,,2,6304,
4-6-6-1-342-POc-pisu-a-1-3,4-6-6-1-342-POc-pisu-a-1,malango-koiso-1,,,,3,6305,
4-6-6-3-343-POc-takere-a-1-1,4-6-6-3-343-POc-takere-a-1,emae-takerokero-1,,,,1,6331,
4-6-6-3-343-ProtoNorthwestSolomonic-pitikole-a-1-1,4-6-6-3-343-ProtoNorthwestSolomonic-pitikole-a-1,halia-pipikula-1,,,,1,6347,
4-6-6-3-344-PSOc-sora-a-1-1,4-6-6-3-344-PSOc-sora-a-1,arosi-tatarapera-1,,,,1,6357,
4-6-6-3-344-PSES-riuriukabe-a-1-1,4-6-6-3-344-PSES-riuriukabe-a-1,rennellese-maiape-1,,,,1,6369,
4-6-6-3-344-PSES-riuriukabe-a-1-2,4-6-6-3-344-PSES-riuriukabe-a-1,rennellese-maiape-2,,,,2,6370,
4-6-6-3-344-PSES-riuriukabe-a-1-3,4-6-6-3-344-PSES-riuriukabe-a-1,rennellese-mauape-1,,,,3,6371,
4-6-6-5-345-PNCV-laka-a-1-1,4-6-6-5-345-PNCV-laka-a-1,mota-male-1,,,,1,6403,
4-6-6-5-345-PNCV-laka-a-1-2,4-6-6-5-345-PNCV-laka-a-1,mwotlap-namlgleg-1,,,,2,6404,
4-6-6-5-345-PNCV-laka-a-2-1,4-6-6-5-345-PNCV-laka-a-2,emae-lako-1,,,,1,6405,
4-6-6-6-346-POc-midi-a-1-1,4-6-6-6-346-POc-midi-a-1,pileni-mihi-1,,,,1,6418,
4-6-6-7-348-POc-bisu-a-1-1,4-6-6-7-348-POc-bisu-a-1,rennellese-apilu-1,,,,1,6455,
4-6-6-7-348-POc-bisu-a-2-1,4-6-6-7-348-POc-bisu-a-2,teop-buibui-1,,,,1,6456,
4-6-6-7-348-POc-bisu-a-2-2,4-6-6-7-348-POc-bisu-a-2,tinputz-bosi-1,,,,2,6457,
4-6-6-7-348-POc-bisu-a-2-3,4-6-6-7-348-POc-bisu-a-2,mota-wotepispis-1,,,,3,6458,
4-6-6-7-349-PPn-miti-a-1-1,4-6-6-7-349-PPn-miti-a-1,laueasternfijian-miti-1,,,,1,6468,
4-6-6-7-349-PSES-ciilo-a-1-1,4-6-6-7-349-PSES-ciilo-a-1,halia-cigilio-1,,,,1,6474,
4-6-6-7-349-PSES-ciilo-a-1-2,4-6-6-7-349-PSES-ciilo-a-1,banoni-ciino-1,,,,2,6475,
4-6-6-7-349-PSES-ciilo-a-1-3,4-6-6-7-349-PSES-ciilo-a-1,torau-sigineu-1,,,,3,6476,
4-6-7-1-352-PROc-taikok-a-1-1,4-6-7-1-352-PROc-taikok-a-1,rotuman-tviko-1,,,,1,6579,
4-6-7-2-353-PMic-tiku-a-1-1,4-6-7-2-353-PMic-tiku-a-1,yapese-yug-1,,,,1,6601,
4-6-7-2-354-PPn-tawake-a-1-1,4-6-7-2-354-PPn-tawake-a-1,burna-tavake-1,,,,1,6618,
4-6-7-2-354-PPn-tawake-a-1-2,4-6-7-2-354-PPn-tawake-a-1,anejom-ntauo-1,,,,2,6619,
4-6-7-2-354-PPn-tawake-a-1-3,4-6-7-2-354-PPn-tawake-a-1,kiribati-take-1,,,,3,6620,
4-6-7-2-354-PPn-tawake-a-1-4,4-6-7-2-354-PPn-tawake-a-1,rotuman-tvke-1,,,,4,6621,
4-6-7-2-354-PPn-tawake-a-2-1,4-6-7-2-354-PPn-tawake-a-2,bauanfijian-tawake-1,,,,1,6622,
4-6-7-3-356-PNPn-mauakena-a-1-1,4-6-7-3-356-PNPn-mauakena-a-1,kiribati-mouakena-1,,,,1,6647,
4-6-7-3-356-PNPn-kanapu-a-1-1,4-6-7-3-356-PNPn-kanapu-a-1,rotuman-kanpu-1,,,,1,6667,
4-6-7-4-357-POc-drdaula-a-1-1,4-6-7-4-357-POc-drdaula-a-1,pileni-kaulakoula-1,,,,1,6701,
4-6-7-5-360-POc-pipipi-a-1-1,4-6-7-5-360-POc-pipipi-a-1,burna-vivi-1,,,,1,6779,
4-6-7-5-360-POc-pipipi-a-1-2,4-6-7-5-360-POc-pipipi-a-1,seambrym-hehe-1,,,,2,6780,
4-6-7-5-360-POc-pipipi-a-1-3,4-6-7-5-360-POc-pipipi-a-1,tuvalu-vivitai-1,,,,3,6781,
4-6-7-5-360-POc-pipipi-a-1-4,4-6-7-5-360-POc-pipipi-a-1,sikaiana-vivitai-1,,,,4,6782,
4-6-7-5-361-PCP-tulii-a-1-1,4-6-7-5-361-PCP-tulii-a-1,nehan-tulia-1,,,,1,6826,
4-6-7-5-361-PCP-tulii-a-1-2,4-6-7-5-361-PCP-tulii-a-1,nehan-tuituitulia-1,,,,2,6827,
4-6-7-5-361-PCP-tulii-a-1-3,4-6-7-5-361-PCP-tulii-a-1,nehan-tulia-2,,,,3,6828,
4-6-7-5-362-PPn-kiukiwi-a-1-1,4-6-7-5-362-PPn-kiukiwi-a-1,halia-kivi-1,,,,1,6848,
4-6-7-5-364-ProtoChuukicPonapeic-kuliua-a-1-1,4-6-7-5-364-ProtoChuukicPonapeic-kuliua-a-1,yapese-kule-1,,,,1,6870,
4-6-7-5-364-PROc-kekekaka-a-1-1,4-6-7-5-364-PROc-kekekaka-a-1,nukuoro-kaka-1,,,,1,6880,
4-6-7-5-364-PROc-kekekaka-a-1-2,4-6-7-5-364-PROc-kekekaka-a-1,kapingamarangi-kaka-1,,,,2,6881,
4-6-7-5-364-PPn-lafulafulafu-a-1-1,4-6-7-5-364-PPn-lafulafulafu-a-1,tongan-lafu-1,,,,1,6888,
4-6-7-6-366-POc-selekai-a-1-1,4-6-7-6-366-POc-selekai-a-1,sonsorolese-kirigayxirixax-1,,,,1,6935,
4-6-7-6-366-PMic-karakara-a-1-1,4-6-7-6-366-PMic-karakara-a-1,nehan-kara-1,,,,1,6959,
4-6-7-6-368-PPn-tala-a-1-1,4-6-7-6-368-PPn-tala-a-1,rotuman-tala-1,,,,1,7032,
4-6-7-6-368-PPn-tala-a-1-2,4-6-7-6-368-PPn-tala-a-1,kiribati-taraoo-1,,,,2,7033,
4-6-7-6-369-PCP-oo-a-1-1,4-6-7-6-369-PCP-oo-a-1,hawaiian-noio-1,,,,1,7056,
4-6-7-6-369-PCP-oo-a-1-2,4-6-7-6-369-PCP-oo-a-1,mangareva-oio-1,,,,2,7057,
4-6-7-6-369-PCP-oo-a-1-3,4-6-7-6-369-PCP-oo-a-1,tahitian-oio-1,,,,3,7058,
4-6-7-6-369-PCP-oo-a-1-4,4-6-7-6-369-PCP-oo-a-1,rarotongan-oio-1,,,,4,7059,
4-7-3-None-378-POc-kaubebek-a-1-1,4-7-3-None-378-POc-kaubebek-a-1,puluwatese-lipekipek-1,,,,1,7254,
4-7-3-None-378-POc-kaubebek-a-1-2,4-7-3-None-378-POc-kaubebek-a-1,woleaian-riexiex-1,,,,2,7255,
4-7-3-None-379-ProtoNorthwestSolomonic-pepele-a-1-1,4-7-3-None-379-ProtoNorthwestSolomonic-pepele-a-1,burna-mebeli-1,,,,1,7272,
4-7-4-None-382-POc-makinit-a-1-1,4-7-4-None-382-POc-makinit-a-1,tikopia-kinikini-1,,,,1,7353,
4-7-8-None-387-POc-kororo-a-1-1,4-7-8-None-387-POc-kororo-a-1,sinaugoro-kororo-1,,,,1,7464,
4-7-9-None-388-POc-pupuk-a-1-1,4-7-9-None-388-POc-pupuk-a-1,minaveha-vuvuha-1,,,,1,7495,
4-7-9-None-388-POc-pupuk-a-1-2,4-7-9-None-388-POc-pupuk-a-1,nakanai-vuvuli-1,,,,2,7496,
4-7-9-None-388-POc-pupuk-a-1-3,4-7-9-None-388-POc-pupuk-a-1,roviana-vuvunu-1,,,,3,7497,
4-7-9-None-388-POc-pupuk-a-1-4,4-7-9-None-388-POc-pupuk-a-1,raga-huhugai-1,,,,4,7498,
4-7-9-None-388-POc-pupuk-a-1-5,4-7-9-None-388-POc-pupuk-a-1,raga-huhulua-1,,,,5,7499,
4-7-9-None-389-POc-bubu-a-1-1,4-7-9-None-389-POc-bubu-a-1,gitua-bubula-1,,,,1,7510,
4-7-9-None-389-POc-bubu-a-1-2,4-7-9-None-389-POc-bubu-a-1,saa-pupuoro-1,,,,2,7511,
4-7-9-None-389-POc-bubu-a-1-3,4-7-9-None-389-POc-bubu-a-1,arosi-buburumago-1,,,,3,7512,
4-7-9-None-389-POc-bubu-a-1-4,4-7-9-None-389-POc-bubu-a-1,arosi-buburuatoa-1,,,,4,7513,
4-7-9-None-389-POc-bubu-a-1-5,4-7-9-None-389-POc-bubu-a-1,tikopia-pupumatau-1,,,,5,7514,
4-7-9-None-390-POc-manipo-a-1-1,4-7-9-None-390-POc-manipo-a-1,yabem-bani-1,,,,1,7522,
4-7-9-None-390-POc-nninnipo-a-1-1,4-7-9-None-390-POc-nninnipo-a-1,manam-niniko-1,,,,1,7527,
4-7-9-None-390-POc-nninnipo-a-1-2,4-7-9-None-390-POc-nninnipo-a-1,protocentralpapuan-nanio-1,,,,2,7528,
4-7-9-None-390-POc-nninnipo-a-1-3,4-7-9-None-390-POc-nninnipo-a-1,sinaugoro-nanio-1,,,,3,7529,
4-7-9-None-390-POc-nninnipo-a-1-4,4-7-9-None-390-POc-nninnipo-a-1,motu-nanio-1,,,,4,7530,
4-7-9-None-390-POc-nninnipo-a-1-5,4-7-9-None-390-POc-nninnipo-a-1,lala-nanio-1,,,,5,7531,
4-7-10-None-391-POc-loro-a-1-1,4-7-10-None-391-POc-loro-a-1,lou-lol-1,,,,1,7587,
4-7-10-None-392-POc-drui-a-1-1,4-7-10-None-392-POc-drui-a-1,vitu-duriduri-1,,,,1,7605,
4-7-12-None-395-POc-sisirr-a-1-1,4-7-12-None-395-POc-sisirr-a-1,tolai-tititi-1,,,,1,7659,
4-7-12-None-395-POc-sisirr-a-1-2,4-7-12-None-395-POc-sisirr-a-1,mwotlap-titikey-1,,,,2,7660,
4-7-13-None-398-POc-mimismata-a-1-1,4-7-13-None-398-POc-mimismata-a-1,molima-mataseasea-1,,,,1,7718,
4-7-15-None-401-POc-tabururu-a-1-1,4-7-15-None-401-POc-tabururu-a-1,maposbuang-abu-1,,,,1,7739,
4-7-15-None-401-POc-tabururu-a-1-2,4-7-15-None-401-POc-tabururu-a-1,nduke-vure-1,,,,2,7740,
4-7-15-None-401-POc-kamak-a-1-1,4-7-15-None-401-POc-kamak-a-1,nakanai-komaga-1,,,,1,7747,
4-7-15-None-402-PSES-kolrokolro-a-1-1,4-7-15-None-402-PSES-kolrokolro-a-1,saa-orooro-1,,,,1,7753,
4-7-16-None-402-POc-ipos-a-1-1,4-7-16-None-402-POc-ipos-a-1,raga-ihi-1,,,,1,7765,
4-7-17-None-404-POc-qapator-a-1-1,4-7-17-None-404-POc-qapator-a-1,sinaugoro-kavata-1,,,,1,7819,
4-7-17-None-404-POc-qapator-a-1-2,4-7-17-None-404-POc-qapator-a-1,nakanai-kgavato-1,,,,2,7820,
4-7-17-None-405-POc-munomuno-a-1-1,4-7-17-None-405-POc-munomuno-a-1,nduke-meno-1,,,,1,7834,
4-7-18-None-406-POc-qalipan-a-1-1,4-7-18-None-406-POc-qalipan-a-1,rennellese-agipaipai-1,,,,1,7864,
4-7-18-None-407-PWOc-mali-a-1-1,4-7-18-None-407-PWOc-mali-a-1,molima-palikeke-2,,,,1,7869,
4-7-18-None-407-PPn-taqetuli-a-1-1,4-7-18-None-407-PPn-taqetuli-a-1,rotuman-turi-1,,,,1,7875,
4-7-20-None-410-POc-koko-a-1-1,4-7-20-None-410-POc-koko-a-1,wedau-wagogo-1,,,,1,7936,
4-7-20-None-410-POc-koko-a-1-2,4-7-20-None-410-POc-koko-a-1,gapapaiwa-wakoko-1,,,,2,7937,
4-7-20-None-410-POc-koko-a-1-3,4-7-20-None-410-POc-koko-a-1,rennellese-komiti-1,,,,3,7938,
4-7-21-None-412-POc-droman-a-1-1,4-7-21-None-412-POc-droman-a-1,nakanai-soma-1,,,,1,7974,
4-7-21-None-412-POc-droman-a-1-2,4-7-21-None-412-POc-droman-a-1,tolai-domol-1,,,,2,,
4-7-22-2-414-PPn-kelemutu-a-1-1,4-7-22-2-414-PPn-kelemutu-a-1,loniu-tekelimet-1,,,,1,8028,
1-3-3-4-56-POc-bou-a-1-1,1-3-3-4-56-POc-bou-a-1,arosi-bou-2,,,,1,8249,
1-3-3-4-56-POc-bou-a-1-2,1-3-3-4-56-POc-bou-a-1,lau-bou-1,,,,2,8250,
1-3-3-4-56-POc-bou-a-1-3,1-3-3-4-56-POc-bou-a-1,gela-bou-1,,,,3,8251,
1-3-3-4-56-POc-sokar-a-1-1,1-3-3-4-56-POc-sokar-a-1,dami-soko-1,,,,1,8261,
1-3-3-5-57-POc-logi-a-1-1,1-3-3-5-57-POc-logi-a-1,gela-voki-1,,,,1,8273,
1-3-3-5-57-POc-patar-a-1-1,1-3-3-5-57-POc-patar-a-1,kiribati-pata-1,,,,1,8289,
1-3-3-7-63-POc-pera-a-1-1,1-3-3-7-63-POc-pera-a-1,mota-varea-1,,,,1,8469,
1-3-3-7-63-POc-pera-a-1-2,1-3-3-7-63-POc-pera-a-1,raga-avare-1,,,,2,8470,
1-3-3-7-63-POc-pera-a-1-3,1-3-3-7-63-POc-pera-a-1,nguna-varea-1,,,,3,8471,
1-3-3-7-64-POc-malala-a-1-1,1-3-3-7-64-POc-malala-a-1,lonwolwol-har-1,,,,1,8490,
1-3-3-7-64-POc-malala-a-1-2,1-3-3-7-64-POc-malala-a-1,bauanfijian-lala-1,,,,2,8491,
1-3-3-7-64-POc-malala-a-1-3,1-3-3-7-64-POc-malala-a-1,tongan-lala-1,,,,3,8492,
1-4-2-1-69-PNGOc-badri-a-1-1,1-4-2-1-69-PNGOc-badri-a-1,motu-hodu-1,,,,1,8521,
1-4-2-1-69-PNGOc-badri-a-1-2,1-4-2-1-69-PNGOc-badri-a-1,lala-vodu-1,,,,2,8522,
1-4-2-2-72-POc-tabira-a-1-1,1-4-2-2-72-POc-tabira-a-1,tolo-tabili-1,,,,1,8562,
1-4-2-2-72-POc-tabira-a-1-2,1-4-2-2-72-POc-tabira-a-1,longgu-tabili-1,,,,2,8563,
1-4-2-2-72-POc-tabira-a-1-3,1-4-2-2-72-POc-tabira-a-1,kwaio-tabili-1,,,,3,8564,
1-4-2-2-72-POc-tabira-a-1-4,1-4-2-2-72-POc-tabira-a-1,areare-tapire-1,,,,4,8565,
1-4-2-2-72-POc-tabira-a-1-5,1-4-2-2-72-POc-tabira-a-1,arosi-tapiri-1,,,,5,8566,
1-4-2-2-72-POc-tabira-a-1-6,1-4-2-2-72-POc-tabira-a-1,bauanfijian-tabili-1,,,,6,8567,
1-4-2-2-73-PCP-kumete-a-1-1,1-4-2-2-73-PCP-kumete-a-1,mota-wumeto-1,,,,1,8581,
1-4-2-2-73-PCP-kumete-a-1-2,1-4-2-2-73-PCP-kumete-a-1,kiribati-kumete-1,,,,2,8582,
1-4-2-3-78-PWOc-kase-a-1-1,1-4-2-3-78-PWOc-kase-a-1,mussau-keru-1,,,,1,8712,
1-4-3-2-84-POc-piri-a-1-1,1-4-3-2-84-POc-piri-a-1,gumawana-kipili-1,,,,1,8864,
1-4-3-2-84-POc-piri-a-1-2,1-4-3-2-84-POc-piri-a-1,tolai-pir-1,,,,2,8850,
1-4-3-2-86-POc-saqit-a-1-1,1-4-3-2-86-POc-saqit-a-1,sengseng-sihit-1,,,,1,8933,
1-4-4-1-91-PEOc-sele-a-1-1,1-4-4-1-91-PEOc-sele-a-1,lukep-sele-1,,,,1,9064,
1-4-4-1-91-PEOc-sele-a-1-2,1-4-4-1-91-PEOc-sele-a-1,lihir-sele-1,,,,2,9065,
1-4-4-1-91-PEOc-sele-a-1-3,1-4-4-1-91-PEOc-sele-a-1,nengone-hele-1,,,,3,9066,
1-4-4-1-95-POc-giri-a-1-1,1-4-4-1-95-POc-giri-a-1,takia-riri-1,,,,1,9144,
1-4-4-1-95-POc-giri-a-1-2,1-4-4-1-95-POc-giri-a-1,motu-riri-1,,,,2,9145,
1-4-5-1-96-PCP-taba-a-1-1,1-4-5-1-96-PCP-taba-a-1,lau-aba-1,,,,1,9154,
1-4-5-1-96-PCP-taba-a-1-2,1-4-5-1-96-PCP-taba-a-1,arosi-aba-1,,,,2,9155,
1-4-5-3-100-POc-lumuk-a-1-1,1-4-5-3-100-POc-lumuk-a-1,areare-ruma-1,,,,1,9221,
1-4-5-3-101-PWOc-tapal-a-1-1,1-4-5-3-101-PWOc-tapal-a-1,roviana-davala-1,,,,1,9234,
1-4-5-3-101-PWOc-tapal-a-1-2,1-4-5-3-101-PWOc-tapal-a-1,saa-taha-1,,,,2,9235,
1-4-5-5-104-POc-sabisabi-a-1-1,1-4-5-5-104-POc-sabisabi-a-1,muyuw-lap-1,,,,1,9282,
1-4-5-5-104-POc-sabisabi-a-1-2,1-4-5-5-104-POc-sabisabi-a-1,molima-sapisapi-1,,,,2,9283,
1-4-7-1-111-POc-salap-a-1-1,1-4-7-1-111-POc-salap-a-1,tolai-are-1,,,,1,9449,
1-4-7-1-111-POc-salap-a-1-2,1-4-7-1-111-POc-salap-a-1,saa-sasala-1,,,,2,9450,
1-4-7-1-111-POc-salap-a-1-3,1-4-7-1-111-POc-salap-a-1,arosi-masara-1,,,,3,9451,
1-4-7-1-111-POc-salap-a-1-4,1-4-7-1-111-POc-salap-a-1,mota-sara-1,,,,4,9452,
1-4-7-1-111-POc-salap-a-1-5,1-4-7-1-111-POc-salap-a-1,nguna-sara-1,,,,5,9453,
1-4-7-1-111-POc-salap-a-1-6,1-4-7-1-111-POc-salap-a-1,wayan-ara-1,,,,6,9454,
1-4-7-1-111-POc-salap-a-1-7,1-4-7-1-111-POc-salap-a-1,bauanfijian-ara-1,,,,7,9455,
1-4-7-1-111-POc-salap-a-1-8,1-4-7-1-111-POc-salap-a-1,bauanfijian-araara-1,,,,8,9456,
1-5-5-1-121-PWOc-lamo-a-1-1,1-5-5-1-121-PWOc-lamo-a-1,baluan-lolomek-1,,,,1,9606,
1-5-5-2-122-POc-sokot-a-1-1,1-5-5-2-122-POc-sokot-a-1,arosi-togo-1,,,,1,9622,
1-5-5-4-123-POc-keli-a-1-1,1-5-5-4-123-POc-keli-a-1,mussau-kai-1,,,,1,9669,
1-5-5-4-123-POc-keli-a-1-2,1-5-5-4-123-POc-keli-a-1,mussau-kakaia-1,,,,2,9670,
1-5-5-4-123-POc-keli-a-1-3,1-5-5-4-123-POc-keli-a-1,patpatar-kil-1,,,,3,9671,
1-5-5-4-123-POc-keli-a-1-4,1-5-5-4-123-POc-keli-a-1,ramoaaina-kil-1,,,,4,9672,
1-5-5-4-123-POc-keli-a-1-5,1-5-5-4-123-POc-keli-a-1,label-kil-1,,,,5,9673,
1-5-5-4-123-POc-keli-a-1-6,1-5-5-4-123-POc-keli-a-1,lau-ili-1,,,,6,9674,
1-5-5-4-123-POc-keli-a-1-7,1-5-5-4-123-POc-keli-a-1,arosi-giri-1,,,,7,9675,
1-5-5-4-123-POc-keli-a-1-8,1-5-5-4-123-POc-keli-a-1,lonwolwol-kil-1,,,,8,9676,
1-5-5-4-123-POc-keli-a-1-9,1-5-5-4-123-POc-keli-a-1,lenakel-il-1,,,,9,9677,
1-5-5-4-124-POc-suar-a-1-1,1-5-5-4-124-POc-suar-a-1,vaghua-sula-1,,,,1,9689,
1-5-8-2-132-PEOc-pasi-a-1-1,1-5-8-2-132-PEOc-pasi-a-1,mussau-pasa-1,,,,1,9819,
1-5-8-2-132-POc-tanum-a-1-1,1-5-8-2-132-POc-tanum-a-1,nakanai-galu-1,,,,1,9831,
1-5-8-2-132-POc-tanum-a-1-2,1-5-8-2-132-POc-tanum-a-1,meramera-danu-1,,,,2,9832,
1-5-9-4-135-POc-marao-a-1-1,1-5-9-4-135-POc-marao-a-1,niuean-mao-2,,,,1,9893,
1-5-9-4-135-POc-marao-a-1-2,1-5-9-4-135-POc-marao-a-1,samoan-mao-2,,,,2,9894,
1-5-9-4-135-POc-malai-a-1-1,1-5-9-4-135-POc-malai-a-1,kove-malai-1,,,,1,9899,
1-5-10-None-137-POc-saput-a-1-1,1-5-10-None-137-POc-saput-a-1,roviana-zapu-1,,,,1,9938,
1-5-10-None-137-PCP-paki-a-1-1,1-5-10-None-137-PCP-paki-a-1,sengseng-pak-1,,,,1,9963,
1-5-10-None-137-PCP-paki-a-1-2,1-5-10-None-137-PCP-paki-a-1,motu-baki-1,,,,2,9964,
1-5-10-None-137-PCP-paki-a-1-3,1-5-10-None-137-PCP-paki-a-1,tongan-paki-1,,,,3,9965,
1-5-12-None-139-POc-logi-a-1-1,1-5-12-None-139-POc-logi-a-1,gela-voki-1,,,,1,8273,
1-6-2-4-147-POc-rapur-a-1-1,1-6-2-4-147-POc-rapur-a-1,tongan-talafu-1,,,,1,10048,
1-6-2-7-148-POc-kapit-a-1-1,1-6-2-7-148-POc-kapit-a-1,tongan-hikofi-1,,,,1,10079,
1-6-2-7-148-POc-kapit-a-1-2,1-6-2-7-148-POc-kapit-a-1,westfutunan-ikofi-1,,,,2,10080,
1-6-3-5-153-POc-rara-a-1-1,1-6-3-5-153-POc-rara-a-1,tongan-lala-1,,,,1,10180,
1-6-5-8-169-POc-ppippit-a-1-1,1-6-5-8-169-POc-ppippit-a-1,gumawana-bibi-1,,,,1,10605,
1-6-5-8-169-POc-ppippit-a-1-2,1-6-5-8-169-POc-ppippit-a-1,gumawana-vatabibi-1,,,,2,10606,
1-6-5-8-169-POc-ppippit-a-1-3,1-6-5-8-169-POc-ppippit-a-1,arosi-bibi-1,,,,3,10607,
1-7-2-2-182-PEOc-paqurua-a-1-1,1-7-2-2-182-PEOc-paqurua-a-1,bauanfijian-druawagadrua-1,,,,1,10756,
1-7-2-2-182-PEOc-paqurua-a-1-2,1-7-2-2-182-PEOc-paqurua-a-1,samoan-fautasi-1,,,,2,10757,
1-7-2-2-182-PEOc-paqurua-a-1-3,1-7-2-2-182-PEOc-paqurua-a-1,manihiki-wakataurua-1,,,,3,10758,
1-7-2-2-182-PEOc-paqurua-a-1-4,1-7-2-2-182-PEOc-paqurua-a-1,hawaiian-waakaulua-1,,,,4,10759,
1-7-5-3-196-PEOc-kaiutuqur-a-1-1,1-7-5-3-196-PEOc-kaiutuqur-a-1,seimat-kauehu-1,,,,1,11028,
1-7-5-3-196-PEOc-kaiutuqur-a-1-2,1-7-5-3-196-PEOc-kaiutuqur-a-1,motu-autubua-1,,,,2,11029,
1-7-7-2-200-PEOc-suac-a-1-1,1-7-7-2-200-PEOc-suac-a-1,wayan-due-1,,,,1,11173,
1-7-7-2-200-PEOc-suac-a-1-2,1-7-7-2-200-PEOc-suac-a-1,wayan-idue-1,,,,2,11174,
1-7-7-2-200-PEOc-suac-a-1-3,1-7-7-2-200-PEOc-suac-a-1,samoan-suati-1,,,,3,11175,
1-7-7-2-200-PEOc-suac-a-1-4,1-7-7-2-200-PEOc-suac-a-1,tikopia-suati-1,,,,4,11176,
1-7-7-2-200-PEOc-suac-a-1-5,1-7-7-2-200-PEOc-suac-a-1,westuvean-huage-1,,,,5,11177,
1-7-7-3-200-POc-tokon-a-1-1,1-7-7-3-200-POc-tokon-a-1,sangir-teki-1,,,,1,11194,
1-7-7-3-200-POc-tokon-a-1-2,1-7-7-3-200-POc-tokon-a-1,malay-teken-1,,,,2,11195,
1-7-7-3-200-POc-tokon-a-1-3,1-7-7-3-200-POc-tokon-a-1,javanese-teken-1,,,,3,11196,
1-7-7-5-202-PCP-tadravu-a-1-1,1-7-7-5-202-PCP-tadravu-a-1,arosi-dohu-1,,,,1,11240,
1-7-7-5-202-PCP-tadravu-a-1-2,1-7-7-5-202-PCP-tadravu-a-1,mota-tarowo-2,,,,2,11241,
1-7-8-3-204-POc-sawa-a-1-1,1-7-8-3-204-POc-sawa-a-1,tongan-ava-2,,,,1,11301,
1-7-8-3-204-POc-sawa-a-1-2,1-7-8-3-204-POc-sawa-a-1,tongan-vaha-1,,,,2,11302,
1-7-9-2-206-POc-palaur-a-1-1,1-7-9-2-206-POc-palaur-a-1,gela-vinau-1,,,,1,11363,
1-7-9-2-206-POc-palaur-a-1-2,1-7-9-2-206-POc-palaur-a-1,nukuoro-balia-1,,,,2,11364,
1-7-9-3-207-PROc-tautasik-a-1-1,1-7-9-3-207-PROc-tautasik-a-1,tolai-tenata-1,,,,1,11391,
1-9-2-1-236-POc-giri-a-1-1,1-9-2-1-236-POc-giri-a-1,takia-riri-1,,,,1,9144,
1-9-2-1-236-POc-giri-a-1-2,1-9-2-1-236-POc-giri-a-1,motu-riri-1,,,,2,9145,
1-9-2-2-239-POc-karas-a-1-1,1-9-2-2-239-POc-karas-a-1,dobu-kwakwara-1,,,,1,11797,
1-9-2-2-239-POc-karas-a-1-2,1-9-2-2-239-POc-karas-a-1,maringe-karaji-1,,,,2,11798,
1-9-2-2-240-POc-kasi-a-1-1,1-9-2-2-240-POc-kasi-a-1,motu-kakasi-1,,,,1,11815,
1-9-2-2-240-POc-kasi-a-1-2,1-9-2-2-240-POc-kasi-a-1,maringe-kekesi-1,,,,2,11816,
1-9-2-2-240-POc-kasi-a-1-3,1-9-2-2-240-POc-kasi-a-1,lau-kesi-1,,,,3,11817,
1-9-3-1-247-POc-kutu-a-1-1,1-9-3-1-247-POc-kutu-a-1,maringe-kusu-1,,,,1,11897,
1-9-3-1-247-POc-kutu-a-1-2,1-9-3-1-247-POc-kutu-a-1,bauanfijian-gutugutuva-1,,,,2,11898,
1-9-3-1-248-POc-muju-a-1-1,1-9-3-1-248-POc-muju-a-1,wayan-mudu-1,,,,1,11930,
1-9-3-1-248-POc-muju-a-1-2,1-9-3-1-248-POc-muju-a-1,wayan-muduki-1,,,,2,11931,
1-9-3-1-248-POc-muju-a-1-3,1-9-3-1-248-POc-muju-a-1,bauanfijian-mudu-1,,,,3,11932,
1-9-3-1-248-POc-muju-a-1-4,1-9-3-1-248-POc-muju-a-1,bauanfijian-muduka-1,,,,4,11933,
1-9-3-1-250-POc-siba-a-1-1,1-9-3-1-250-POc-siba-a-1,wayan-ebeti-1,,,,1,11971,
1-9-3-1-250-POc-siba-a-1-2,1-9-3-1-250-POc-siba-a-1,bauanfijian-ebeta-1,,,,2,11972,
1-9-3-2-250-POc-ppasi-a-1-1,1-9-3-2-250-POc-ppasi-a-1,motu-vasiga-1,,,,1,12000,
1-9-3-2-251-POc-poka-a-1-1,1-9-3-2-251-POc-poka-a-1,wayan-bokati-1,,,,1,12012,
1-9-3-2-251-POc-poka-a-1-2,1-9-3-2-251-POc-poka-a-1,carolinian-pax-1,,,,2,12013,
1-9-3-5-254-POc-kolo-a-1-1,1-9-3-5-254-POc-kolo-a-1,motu-koro-1,,,,1,12099,
1-9-3-7-258-POc-tosi-a-1-1,1-9-3-7-258-POc-tosi-a-1,maringe-tohi-1,,,,1,12170,
1-9-3-8-260-POc-ppolaq-a-1-1,1-9-3-8-260-POc-ppolaq-a-1,wayan-bola-1,,,,1,12203,
1-9-3-8-260-POc-ppolaq-a-1-2,1-9-3-8-260-POc-ppolaq-a-1,bauanfijian-bolaa-1,,,,2,12204,
1-9-3-8-261-POc-botak-a-1-1,1-9-3-8-261-POc-botak-a-1,gela-voti-1,,,,1,10547,
1-9-3-8-261-POc-botak-a-1-2,1-9-3-8-261-POc-botak-a-1,bauanfijian-bete-1,,,,2,12231,
1-9-3-8-261-POc-kakas-a-1-1,1-9-3-8-261-POc-kakas-a-1,lau-kakari-1,,,,1,12241,
1-9-3-8-261-POc-kakas-a-1-2,1-9-3-8-261-POc-kakas-a-1,marshallese-kek-1,,,,2,12242,
1-9-3-9-263-POc-sika-a-1-1,1-9-3-9-263-POc-sika-a-1,arosi-sigo-1,,,,1,12294,
1-9-4-2-266-POc-buru-a-1-1,1-9-4-2-266-POc-buru-a-1,tawala-buhu-1,,,,1,12364,
1-9-4-2-266-POc-buru-a-1-2,1-9-4-2-266-POc-buru-a-1,motu-budu-1,,,,2,12365,
1-9-4-2-266-POc-buru-a-1-3,1-9-4-2-266-POc-buru-a-1,motu-ibudu-1,,,,3,12366,
1-9-5-2-276-PEOc-porak-a-1-1,1-9-5-2-276-PEOc-porak-a-1,tolai-vatabora-1,,,,1,12710,
1-9-6-1-278-POc-saput-a-1-1,1-9-6-1-278-POc-saput-a-1,roviana-zapu-1,,,,1,9938,
1-9-6-1-279-POc-sapaki-a-1-1,1-9-6-1-279-POc-sapaki-a-1,ponapean-sapak-1,,,,1,12748,
1-9-6-1-279-POc-paki-a-1-1,1-9-6-1-279-POc-paki-a-1,sengseng-pak-1,,,,1,9963,
1-9-6-1-279-POc-paki-a-1-2,1-9-6-1-279-POc-paki-a-1,motu-baki-1,,,,2,9964,
1-9-6-1-279-POc-paki-a-1-3,1-9-6-1-279-POc-paki-a-1,tongan-paki-1,,,,3,9965,
1-9-7-None-282-POc-ppippit-a-1-1,1-9-7-None-282-POc-ppippit-a-1,gumawana-bibi-1,,,,1,10605,
1-9-7-None-282-POc-ppippit-a-1-2,1-9-7-None-282-POc-ppippit-a-1,gumawana-vatabibi-1,,,,2,10606,
1-9-7-None-282-POc-ppippit-a-1-3,1-9-7-None-282-POc-ppippit-a-1,arosi-bibi-1,,,,3,10607,
1-9-7-None-283-PNNG-ppisak-a-1-1,1-9-7-None-283-PNNG-ppisak-a-1,mangap-bibizi-1,,,,1,12835,
1-9-7-None-283-PNNG-ppisak-a-1-2,1-9-7-None-283-PNNG-ppisak-a-1,mangap-parbibizi-1,,,,2,12836,
1-9-8-None-286-POc-piri-a-1-1,1-9-8-None-286-POc-piri-a-1,gumawana-kipili-1,,,,1,8864,
1-9-8-None-286-POc-piri-a-1-2,1-9-8-None-286-POc-piri-a-1,tolai-pir-1,,,,2,8850,
1-9-8-None-287-PEOc-piripiri-a-1-1,1-9-8-None-287-PEOc-piripiri-a-1,woleaian-piripir-1,,,,1,8868,
1-9-8-None-287-POc-piro-a-1-1,1-9-8-None-287-POc-piro-a-1,gapapaiwa-piro-1,,,,1,12891,
1-9-8-None-287-POc-piro-a-1-2,1-9-8-None-287-POc-piro-a-1,arosi-piro-1,,,,2,12892,
1-9-8-None-287-POc-piro-a-1-3,1-9-8-None-287-POc-piro-a-1,marshallese-piro-1,,,,3,12893,
1-9-8-None-287-PEOc-pilos-a-1-1,1-9-8-None-287-PEOc-pilos-a-1,mengen-bulosi-1,,,,1,12906,
1-9-8-None-287-PEOc-pilos-a-1-2,1-9-8-None-287-PEOc-pilos-a-1,nakanai-pulo-1,,,,2,12907,
1-9-8-None-287-PEOc-pilos-a-1-3,1-9-8-None-287-PEOc-pilos-a-1,meramera-pule-1,,,,3,12908,
1-9-8-None-287-PEOc-pilos-a-1-4,1-9-8-None-287-PEOc-pilos-a-1,saa-pulo-1,,,,4,12909,
1-9-8-None-287-PEOc-pilos-a-1-5,1-9-8-None-287-PEOc-pilos-a-1,lau-bulobulo-1,,,,5,12910,
1-9-8-None-287-PEOc-pilos-a-1-6,1-9-8-None-287-PEOc-pilos-a-1,ifiramele-polosia-1,,,,6,12911,
1-9-8-None-289-PWOc-buogo-a-1-1,1-9-8-None-289-PWOc-buogo-a-1,nakanai-vugo-1,,,,1,12941,
1-9-8-None-289-POc-kilis-a-1-1,1-9-8-None-289-POc-kilis-a-1,nadroga-gili-1,,,,1,12949,
1-9-8-None-289-POc-kilis-a-1-2,1-9-8-None-289-POc-kilis-a-1,bauanfijian-gili-1,,,,2,12950,
1-9-11-None-294-POc-sokot-a-1-1,1-9-11-None-294-POc-sokot-a-1,arosi-togo-1,,,,1,9622,
5-2-2-1-38-POc-tau-a-1-1,5-2-2-1-38-POc-tau-a-1,gela-tau-1,,,,1,13067,
5-2-2-2-44-POc-tamataq-a-1-1,5-2-2-2-44-POc-tamataq-a-1,mussau-taumatu-1,,,,1,13158,
5-2-2-2-45-POc-taumate-a-1-1,5-2-2-2-45-POc-taumate-a-1,mota-tamate-1,,,,1,13167,
5-2-2-2-45-POc-taumate-a-1-2,5-2-2-2-45-POc-taumate-a-1,mwotlap-tmat-1,,,,2,13168,
5-2-2-2-45-POc-taumate-a-1-3,5-2-2-2-45-POc-taumate-a-1,nokuku-temate-1,,,,3,13169,
5-2-2-2-45-POc-taumate-a-1-4,5-2-2-2-45-POc-taumate-a-1,paamese-temate-1,,,,4,13170,
5-2-2-3-46-POc-qata-a-1-1,5-2-2-3-46-POc-qata-a-1,pije-kaca-1,,,,1,13190,
5-2-2-3-46-POc-qata-a-1-2,5-2-2-3-46-POc-qata-a-1,fwai-kaya-1,,,,2,13191,
5-2-2-3-46-POc-qata-a-1-3,5-2-2-3-46-POc-qata-a-1,jawe-kaya-1,,,,3,13192,
5-2-2-3-46-POc-qata-a-1-4,5-2-2-3-46-POc-qata-a-1,nemi-kaca-1,,,,4,13193,
5-2-2-3-46-POc-qata-a-1-5,5-2-2-3-46-POc-qata-a-1,xaracuu-ka-1,,,,5,13194,
5-2-3-2-56-POc-qatapine-a-1-1,5-2-3-2-56-POc-qatapine-a-1,tongan-taahine-1,,,,1,13492,
5-2-3-2-56-POc-qatapine-a-1-2,5-2-3-2-56-POc-qatapine-a-1,rennellese-taahine-1,,,,2,13493,
5-2-3-2-56-POc-qatapine-a-1-3,5-2-3-2-56-POc-qatapine-a-1,samoan-teine-1,,,,3,13494,
5-2-4-2-62-POc-meramera-a-1-1,5-2-4-2-62-POc-meramera-a-1,misima-melumelu-1,,,,1,13557,
5-2-4-2-62-POc-meramera-a-1-2,5-2-4-2-62-POc-meramera-a-1,misima-memelona-2,,,,2,13558,
5-2-4-2-64-POc-qitik-a-1-1,5-2-4-2-64-POc-qitik-a-1,nehan-keketiki-1,,,,1,13603,
5-2-4-3-65-POc-paqoru-a-1-1,5-2-4-3-65-POc-paqoru-a-1,medebur-kaidikwaun-2,,,,1,13629,
5-2-4-3-65-POc-paqoru-a-1-2,5-2-4-3-65-POc-paqoru-a-1,mutu-erpau-1,,,,2,13630,
5-2-4-3-65-POc-paqoru-a-1-3,5-2-4-3-65-POc-paqoru-a-1,atui-ulpo-1,,,,3,13631,
5-2-4-3-65-POc-paqoru-a-1-4,5-2-4-3-65-POc-paqoru-a-1,gumawana-tubuwau-1,,,,4,13632,
5-2-4-3-65-POc-paqoru-a-1-5,5-2-4-3-65-POc-paqoru-a-1,misima-heval-1,,,,5,13633,
5-2-4-3-65-POc-paqoru-a-1-6,5-2-4-3-65-POc-paqoru-a-1,sinaugoro-fouvariu-1,,,,6,13634,
5-2-4-3-65-POc-paqoru-a-1-7,5-2-4-3-65-POc-paqoru-a-1,torau-podoauru-1,,,,7,13635,
5-2-4-3-65-POc-paqoru-a-1-8,5-2-4-3-65-POc-paqoru-a-1,monoalu-porohaulu-1,,,,8,13636,
5-2-4-3-65-POc-paqoru-a-1-9,5-2-4-3-65-POc-paqoru-a-1,bugotu-luvaolu-1,,,,9,13637,
5-2-4-3-65-POc-paqoru-a-1-10,5-2-4-3-65-POc-paqoru-a-1,gela-vaolu-1,,,,10,13638,
5-2-4-3-65-POc-paqoru-a-1-11,5-2-4-3-65-POc-paqoru-a-1,areare-manehaoru-1,,,,11,13639,
5-2-4-3-65-POc-paqoru-a-1-12,5-2-4-3-65-POc-paqoru-a-1,areare-kenihaoru-1,,,,12,13640,
5-2-4-3-65-POc-paqoru-a-1-13,5-2-4-3-65-POc-paqoru-a-1,ulawa-kenihaolu-1,,,,13,13641,
5-2-4-3-65-POc-paqoru-a-1-14,5-2-4-3-65-POc-paqoru-a-1,lewo-yaruviulala-1,,,,14,13642,
5-2-4-3-65-POc-paqoru-a-1-15,5-2-4-3-65-POc-paqoru-a-1,bauanfijian-auravou-1,,,,15,13643,
5-2-4-3-65-POc-paqoru-a-1-16,5-2-4-3-65-POc-paqoru-a-1,wayan-saravou-1,,,,16,13644,
5-2-4-6-69-POc-marap-a-1-1,5-2-4-6-69-POc-marap-a-1,pncv-tamaraai-1,,,,1,13717,
5-2-4-6-69-POc-marap-a-1-2,5-2-4-6-69-POc-marap-a-1,lehali-tamaj-1,,,,2,13718,
5-2-4-6-69-POc-marap-a-1-3,5-2-4-6-69-POc-marap-a-1,mota-tamaraai-1,,,,3,13719,
5-2-4-6-69-POc-marap-a-1-4,5-2-4-6-69-POc-marap-a-1,mwotlap-tamay-1,,,,4,13720,
5-2-4-6-69-POc-marap-a-1-5,5-2-4-6-69-POc-marap-a-1,lakon-tama-1,,,,5,13721,
5-2-4-6-69-POc-marap-a-1-6,5-2-4-6-69-POc-marap-a-1,ambae-tamaraai-1,,,,6,13722,
5-2-4-6-69-POc-marap-a-1-7,5-2-4-6-69-POc-marap-a-1,marshallese-mor-1,,,,7,13723,
5-2-5-2-70-POc-jamu-a-1-1,5-2-5-2-70-POc-jamu-a-1,manam-amuna-1,,,,1,13754,
5-3-2-1-79-PPn-tino-a-1-1,5-3-2-1-79-PPn-tino-a-1,bugotu-tono-1,,,,1,13853,
5-3-2-1-79-PPn-tino-a-1-2,5-3-2-1-79-PPn-tino-a-1,gela-tono-1,,,,2,13854,
5-3-3-3-82-POc-draraq-a-1-1,5-3-3-3-82-POc-draraq-a-1,roviana-ehara-1,,,,1,14012,
5-3-3-3-82-POc-draraq-a-1-2,5-3-3-3-82-POc-draraq-a-1,gela-ara-1,,,,2,14013,
5-3-3-4-85-POc-tuqan-a-1-1,5-3-3-4-85-POc-tuqan-a-1,gela-tua-1,,,,1,14071,
5-3-3-4-85-POc-tuqan-a-1-2,5-3-3-4-85-POc-tuqan-a-1,westguadalcanal-tua-1,,,,2,14072,
5-3-3-4-85-POc-tuqan-a-1-3,5-3-3-4-85-POc-tuqan-a-1,talise-tua-1,,,,3,14073,
5-3-3-4-85-POc-tuqan-a-1-4,5-3-3-4-85-POc-tuqan-a-1,birao-tua-1,,,,4,14074,
5-3-3-4-85-POc-tuqan-a-1-5,5-3-3-4-85-POc-tuqan-a-1,lengo-tua-1,,,,5,14075,
5-3-3-4-85-POc-tuqan-a-1-6,5-3-3-4-85-POc-tuqan-a-1,arosi-uwa-1,,,,6,14076,
5-3-3-4-85-POc-tuqan-a-1-7,5-3-3-4-85-POc-tuqan-a-1,bauro-auwa-1,,,,7,14077,
5-3-3-4-85-POc-tuqan-a-1-8,5-3-3-4-85-POc-tuqan-a-1,fagani-auwa-1,,,,8,14078,
5-3-3-4-88-POc-suri-a-1-1,5-3-3-4-88-POc-suri-a-1,nyindrou-druwi-1,,,,1,14128,
5-3-3-4-88-POc-suri-a-1-2,5-3-3-4-88-POc-suri-a-1,barim-tura-1,,,,2,14129,
5-3-3-4-88-POc-suri-a-1-3,5-3-3-4-88-POc-suri-a-1,lukep-tura-1,,,,3,14130,
5-3-3-4-88-POc-suri-a-1-4,5-3-3-4-88-POc-suri-a-1,malasanga-tura-1,,,,4,14131,
5-3-3-4-88-POc-suri-a-1-5,5-3-3-4-88-POc-suri-a-1,mangap-tiro-1,,,,5,14132,
5-3-3-4-88-POc-suri-a-1-6,5-3-3-4-88-POc-suri-a-1,dawawa-turia-1,,,,6,14133,
5-3-3-4-88-POc-suri-a-1-7,5-3-3-4-88-POc-suri-a-1,gapapaiwa-tuira-1,,,,7,14134,
5-3-3-4-88-POc-suri-a-1-8,5-3-3-4-88-POc-suri-a-1,sinaugoro-turia-1,,,,8,14135,
5-3-3-4-88-POc-suri-a-1-9,5-3-3-4-88-POc-suri-a-1,motu-turia-1,,,,9,14136,
5-3-3-4-88-POc-suri-a-1-10,5-3-3-4-88-POc-suri-a-1,doura-kuria-1,,,,10,14137,
5-3-3-4-88-POc-suri-a-1-11,5-3-3-4-88-POc-suri-a-1,carolinian-s-1,,,,11,14138,
5-3-3-4-88-POc-suri-a-1-12,5-3-3-4-88-POc-suri-a-1,woleaian-s-1,,,,12,14139,
5-3-3-6-91-POc-kiras-a-1-1,5-3-3-6-91-POc-kiras-a-1,lau-kida-1,,,,1,14199,
5-3-3-7-95-POc-papata-a-1-1,5-3-3-7-95-POc-papata-a-1,mwotlap-pas-1,,,,1,14312,
5-3-3-7-95-POc-papata-a-1-2,5-3-3-7-95-POc-papata-a-1,mota-pasa-1,,,,2,14313,
5-3-3-7-95-POc-papata-a-1-3,5-3-3-7-95-POc-papata-a-1,lenakel-apa-1,,,,3,14314,
5-3-3-7-95-POc-papata-a-1-4,5-3-3-7-95-POc-papata-a-1,kwamera-apa-1,,,,4,14315,
5-3-3-9-98-POc-urat-a-1-1,5-3-3-9-98-POc-urat-a-1,rotuman-uaua-1,,,,1,14441,
5-3-3-9-100-POc-waroc-a-1-1,5-3-3-9-100-POc-waroc-a-1,pncv-karo-1,,,,1,14478,
5-3-3-9-100-POc-waroc-a-1-2,5-3-3-9-100-POc-waroc-a-1,maewo-ao-1,,,,2,14479,
5-3-3-9-100-POc-waroc-a-1-3,5-3-3-9-100-POc-waroc-a-1,ambae-karohuwe-1,,,,3,14480,
5-3-4-2-104-POc-ppatuk-a-1-1,5-3-4-2-104-POc-ppatuk-a-1,numbami-watu-1,,,,1,14568,
5-3-4-2-104-POc-ppatuk-a-1-2,5-3-4-2-104-POc-ppatuk-a-1,gela-vatula-1,,,,2,14569,
5-3-4-2-104-POc-ppatuk-a-1-3,5-3-4-2-104-POc-ppatuk-a-1,protocentralmicronesian-fatuku-1,,,,3,14570,
5-3-4-2-104-POc-ppatuk-a-1-4,5-3-4-2-104-POc-ppatuk-a-1,kiribati-teatu-1,,,,4,14571,
5-3-4-2-104-POc-ppatuk-a-1-5,5-3-4-2-104-POc-ppatuk-a-1,puloannian-ax-1,,,,5,14572,
5-3-4-2-104-POc-ppatuk-a-1-6,5-3-4-2-104-POc-ppatuk-a-1,sonsorolese-faduku-1,,,,6,14573,
5-3-4-2-107-POc-pau-a-1-1,5-3-4-2-107-POc-pau-a-1,gumawana-bobou-1,,,,1,14667,
5-3-4-2-107-POc-pau-a-1-2,5-3-4-2-107-POc-pau-a-1,roro-pau-1,,,,2,14668,
5-3-4-2-107-POc-pau-a-1-3,5-3-4-2-107-POc-pau-a-1,kuni-bau-1,,,,3,14669,
5-3-4-3-108-POc-raqe-a-1-1,5-3-4-3-108-POc-raqe-a-1,mussau-patilaka-1,,,,1,14698,
5-3-4-3-108-POc-raqe-a-1-2,5-3-4-3-108-POc-raqe-a-1,lamasong-patlak-2,,,,2,14699,
5-3-4-3-108-POc-raqe-a-1-3,5-3-4-3-108-POc-raqe-a-1,madak-patlakuat-1,,,,3,14700,
5-3-4-3-108-POc-raqe-a-1-4,5-3-4-3-108-POc-raqe-a-1,bugotu-lae-1,,,,4,14701,
5-3-4-3-109-POc-drama-a-1-1,5-3-4-3-109-POc-drama-a-1,maposbuang-daba-1,,,,1,14726,
5-3-4-3-109-POc-drama-a-1-2,5-3-4-3-109-POc-drama-a-1,kilivila-daba-1,,,,2,14727,
5-3-4-3-109-POc-drama-a-1-3,5-3-4-3-109-POc-drama-a-1,gumawana-daba-1,,,,3,14728,
5-3-4-4-110-POc-qutok-a-1-1,5-3-4-4-110-POc-qutok-a-1,saa-uto-1,,,,1,14763,
5-3-4-4-110-POc-qutok-a-1-2,5-3-4-4-110-POc-qutok-a-1,areare-oso-1,,,,2,14764,
5-3-4-4-110-POc-qutok-a-1-3,5-3-4-4-110-POc-qutok-a-1,oroha-oso-1,,,,3,14765,
5-3-4-4-110-POc-qutok-a-1-4,5-3-4-4-110-POc-qutok-a-1,tikopia-kuto-1,,,,4,14766,
5-3-4-6-113-POc-manawa-a-1-1,5-3-4-6-113-POc-manawa-a-1,bauanfijian-manamana-1,,,,1,14843,
5-3-4-7-114-POc-nako-a-1-1,5-3-4-7-114-POc-nako-a-1,nakanai-lagu-1,,,,1,14878,
5-3-4-8-116-POc-papara-a-1-1,5-3-4-8-116-POc-papara-a-1,sobei-popa-1,,,,1,14917,
5-3-4-8-116-POc-babarli-a-1-1,5-3-4-8-116-POc-babarli-a-1,manam-papaki-1,,,,1,14930,
5-3-4-8-116-POc-babarli-a-1-2,5-3-4-8-116-POc-babarli-a-1,pcepn-papaaria-1,,,,2,14931,
5-3-4-8-116-POc-babarli-a-1-3,5-3-4-8-116-POc-babarli-a-1,maori-paparia-1,,,,3,14932,
5-3-4-8-116-POc-babarli-a-1-4,5-3-4-8-116-POc-babarli-a-1,tahitian-paparia-1,,,,4,14933,
5-3-4-8-116-POc-babarli-a-1-5,5-3-4-8-116-POc-babarli-a-1,tuamotuan-paparia-1,,,,5,14934,
5-3-4-8-116-POc-babarli-a-1-6,5-3-4-8-116-POc-babarli-a-1,hawaiian-papalina-1,,,,6,14935,
5-3-4-9-120-PEOc-pinupinunimata-a-1-1,5-3-4-9-120-PEOc-pinupinunimata-a-1,motu-matakopi-1,,,,1,15035,
5-3-4-9-120-PEOc-pinupinunimata-a-1-2,5-3-4-9-120-PEOc-pinupinunimata-a-1,wedau-mataopi-1,,,,2,15036,
5-3-4-9-120-PEOc-pinupinunimata-a-1-3,5-3-4-9-120-PEOc-pinupinunimata-a-1,dobu-mataapaapara-1,,,,3,15037,
5-3-4-9-120-PEOc-pinupinunimata-a-1-4,5-3-4-9-120-PEOc-pinupinunimata-a-1,tolai-pilpilnamata-1,,,,4,15038,
5-3-4-9-120-PEOc-pinupinunimata-a-1-5,5-3-4-9-120-PEOc-pinupinunimata-a-1,roviana-pokopokomata-1,,,,5,15039,
5-3-4-9-120-PEOc-pinupinunimata-a-1-6,5-3-4-9-120-PEOc-pinupinunimata-a-1,kwaio-fefeluima-1,,,,6,15040,
5-3-4-9-120-PEOc-pinupinunimata-a-1-7,5-3-4-9-120-PEOc-pinupinunimata-a-1,tamambo-buroimata-1,,,,7,15041,
5-3-4-9-120-PEOc-pinupinunimata-a-1-8,5-3-4-9-120-PEOc-pinupinunimata-a-1,tongan-laumata-1,,,,8,15042,
5-3-4-9-120-PEOc-pinupinunimata-a-1-9,5-3-4-9-120-PEOc-pinupinunimata-a-1,niuean-laumata-1,,,,9,15043,
5-3-4-11-124-POc-balrusu-a-1-1,5-3-4-11-124-POc-balrusu-a-1,lou-pursu-1,,,,1,15145,
5-3-4-11-124-POc-balrusu-a-1-2,5-3-4-11-124-POc-balrusu-a-1,sowa-basu-1,,,,2,15146,
5-3-4-11-124-POc-balrusu-a-1-3,5-3-4-11-124-POc-balrusu-a-1,araki-alsu-1,,,,3,15147,
5-3-4-11-124-POc-balrusu-a-1-4,5-3-4-11-124-POc-balrusu-a-1,aore-kalsu-1,,,,4,15148,
5-3-4-11-124-POc-balrusu-a-1-5,5-3-4-11-124-POc-balrusu-a-1,lendamboi-nagars-1,,,,5,15149,
5-3-4-11-124-POc-balrusu-a-1-6,5-3-4-11-124-POc-balrusu-a-1,nisvai-nagursu-1,,,,6,15150,
5-3-4-12-127-POc-bibiri-a-1-1,5-3-4-12-127-POc-bibiri-a-1,matukar-bru-1,,,,1,15238,
5-3-4-12-127-POc-bibiri-a-1-2,5-3-4-12-127-POc-bibiri-a-1,roviana-beru-1,,,,2,15239,
5-3-4-12-128-POc-papaq-a-1-1,5-3-4-12-128-POc-papaq-a-1,molima-vava-1,,,,1,15264,
5-3-4-12-128-POc-papaq-a-1-2,5-3-4-12-128-POc-papaq-a-1,nakanai-sivava-1,,,,2,15265,
5-3-4-12-131-POc-nipo-a-1-1,5-3-4-12-131-POc-nipo-a-1,minaveha-niho-1,,,,1,15360,
5-3-4-12-133-POc-para-a-1-1,5-3-4-12-133-POc-para-a-1,lou-area-1,,,,1,15401,
5-3-4-12-133-POc-para-a-1-2,5-3-4-12-133-POc-para-a-1,minigir-pala-1,,,,2,15402,
5-3-4-12-133-POc-para-a-1-3,5-3-4-12-133-POc-para-a-1,tolai-palaie-1,,,,3,15403,
5-3-4-12-134-POc-bati-a-1-1,5-3-4-12-134-POc-bati-a-1,lala-asiasi-1,,,,1,15432,
5-3-4-13-136-POc-kumi-a-1-1,5-3-4-13-136-POc-kumi-a-1,bali-umi-1,,,,1,15523,
5-3-4-13-136-POc-kumi-a-1-2,5-3-4-13-136-POc-kumi-a-1,rotuman-kumkumu-1,,,,2,15524,
5-3-4-14-140-PPn-korokoro-a-1-1,5-3-4-14-140-PPn-korokoro-a-1,loniu-kolu-1,,,,1,15639,
5-3-4-14-140-PPn-korokoro-a-1-2,5-3-4-14-140-PPn-korokoro-a-1,nakanai-golu-1,,,,2,15640,
5-3-4-14-140-PPn-korokoro-a-1-3,5-3-4-14-140-PPn-korokoro-a-1,nakanai-barigolu-1,,,,3,15641,
5-3-4-14-140-PPn-korokoro-a-1-4,5-3-4-14-140-PPn-korokoro-a-1,karaeast-koloma-1,,,,4,15642,
5-3-4-14-140-PPn-korokoro-a-1-5,5-3-4-14-140-PPn-korokoro-a-1,roviana-korokorona-1,,,,5,15643,
5-3-5-1-141-POc-takuru-a-1-1,5-3-5-1-141-POc-takuru-a-1,wuvulu-uku-1,,,,1,15670,
5-3-5-3-143-POc-qapara-a-1-1,5-3-5-3-143-POc-qapara-a-1,mussau-papapa-1,,,,1,15709,
5-3-5-3-143-POc-qapara-a-1-2,5-3-5-3-143-POc-qapara-a-1,kove-wala-1,,,,2,15710,
5-3-5-6-146-PSES-garogaro-a-1-1,5-3-5-6-146-PSES-garogaro-a-1,bola-karo-1,,,,1,15779,
5-3-5-6-146-PSES-garogaro-a-1-2,5-3-5-6-146-PSES-garogaro-a-1,maringe-gagaro-1,,,,2,15780,
5-3-5-6-147-POc-ragerage-a-1-1,5-3-5-6-147-POc-ragerage-a-1,halia-likiliki-1,,,,1,15790,
5-3-5-6-147-POc-ragerage-a-1-2,5-3-5-6-147-POc-ragerage-a-1,teop-rikirikii-1,,,,2,15791,
5-3-5-6-147-POc-ragerage-a-1-3,5-3-5-6-147-POc-ragerage-a-1,banoni-ririki-1,,,,3,15792,
5-3-5-6-147-PPn-kasokaso-a-1-1,5-3-5-6-147-PPn-kasokaso-a-1,mwotlap-naaah-1,,,,1,15801,
5-3-5-6-147-PPn-kasokaso-a-1-2,5-3-5-6-147-PPn-kasokaso-a-1,tongan-kahoki-1,,,,2,15802,
5-3-5-9-150-POc-kapa-a-1-1,5-3-5-9-150-POc-kapa-a-1,lou-kopu-1,,,,1,15920,
5-3-5-9-150-POc-kapa-a-1-2,5-3-5-9-150-POc-kapa-a-1,ponapean-kapet-1,,,,2,15921,
5-3-5-12-155-POc-bisi-a-1-1,5-3-5-12-155-POc-bisi-a-1,barok-biti-1,,,,1,15975,
5-3-5-12-155-POc-bisi-a-1-2,5-3-5-12-155-POc-bisi-a-1,patpatar-biti-1,,,,2,15976,
5-3-5-12-155-POc-bisi-a-1-3,5-3-5-12-155-POc-bisi-a-1,tolai-biti-1,,,,3,15977,
5-3-5-12-155-POc-bboto-a-1-1,5-3-5-12-155-POc-bboto-a-1,mangap-putu-1,,,,1,15989,
5-3-5-12-155-POc-bboto-a-1-2,5-3-5-12-155-POc-bboto-a-1,siar-pututu-1,,,,2,15990,
5-3-5-13-159-POc-tole-a-1-1,5-3-5-13-159-POc-tole-a-1,nakanai-tiri-1,,,,1,16095,
5-3-5-13-159-POc-tole-a-1-2,5-3-5-13-159-POc-tole-a-1,woleaian-tora-1,,,,2,16096,
5-3-5-13-159-POc-tole-a-1-3,5-3-5-13-159-POc-tole-a-1,bauanfijian-tele-1,,,,3,16097,
5-3-6-3-164-POc-mauri-a-1-1,5-3-6-3-164-POc-mauri-a-1,nakanai-meru-1,,,,1,16263,
5-3-6-3-164-POc-mauri-a-1-2,5-3-6-3-164-POc-mauri-a-1,lenakel-mu-1,,,,2,16264,
5-3-6-5-168-POc-paqal-a-1-1,5-3-6-5-168-POc-paqal-a-1,arosi-pa-1,,,,1,16396,
5-3-6-8-177-PWOc-kappa-a-1-1,5-3-6-8-177-PWOc-kappa-a-1,lau-kakau-1,,,,1,16637,
5-3-6-8-177-PWOc-kappa-a-1-2,5-3-6-8-177-PWOc-kappa-a-1,arosi-kakau-1,,,,2,16638,
5-3-6-8-177-PWOc-kappa-a-1-3,5-3-6-8-177-PWOc-kappa-a-1,areare-karukapi-1,,,,3,16639,
5-3-7-2-182-PWOc-busaq-a-1-1,5-3-7-2-182-PWOc-busaq-a-1,kia-busaka-1,,,,1,16724,
5-3-7-3-182-POc-paraq-a-1-1,5-3-7-3-182-POc-paraq-a-1,bariai-boroio-1,,,,1,16738,
5-3-7-3-183-POc-qatemaraqan-a-1-1,5-3-7-3-183-POc-qatemaraqan-a-1,rotuman-mamaa-1,,,,1,16760,
5-3-7-3-183-POc-qatemaraqan-a-1-2,5-3-7-3-183-POc-qatemaraqan-a-1,hawaiian-akemakani-1,,,,2,16761,
5-3-7-4-184-POc-toba-a-1-1,5-3-7-4-184-POc-toba-a-1,neveei-netabaa-1,,,,1,16785,
5-3-7-4-184-POc-toba-a-1-2,5-3-7-4-184-POc-toba-a-1,naman-dabaxa-1,,,,2,16786,
5-3-7-4-184-POc-toba-a-1-3,5-3-7-4-184-POc-toba-a-1,larevat-tabxa-1,,,,3,16787,
5-3-7-4-184-POc-toba-a-1-4,5-3-7-4-184-POc-toba-a-1,tirax-tbax-1,,,,4,16788,
5-3-7-4-186-POc-manawa-a-1-1,5-3-7-4-186-POc-manawa-a-1,wedau-manawa-1,,,,1,16843,
5-3-7-4-186-POc-manawa-a-1-2,5-3-7-4-186-POc-manawa-a-1,gapapaiwa-manawa-1,,,,2,16844,
5-3-7-4-186-POc-manawa-a-1-3,5-3-7-4-186-POc-manawa-a-1,kiribati-temanawa-1,,,,3,16845,
5-3-8-3-199-POc-orok-a-1-1,5-3-8-3-199-POc-orok-a-1,bing-urur-1,,,,1,17141,
5-3-8-3-199-POc-orok-a-1-2,5-3-8-3-199-POc-orok-a-1,molima-nelu-1,,,,2,17142,
5-3-8-3-199-POc-orok-a-1-3,5-3-8-3-199-POc-orok-a-1,dobu-nelu-1,,,,3,17143,
5-3-8-3-199-POc-orok-a-1-4,5-3-8-3-199-POc-orok-a-1,wedau-nerubai-1,,,,4,17144,
5-3-8-3-199-POc-orok-a-1-5,5-3-8-3-199-POc-orok-a-1,minaveha-nenu-1,,,,5,17145,
5-3-8-3-199-POc-orok-a-1-6,5-3-8-3-199-POc-orok-a-1,motu-kuru-1,,,,6,17146,
5-4-2-1-212-PPn-ola-a-1-1,5-4-2-1-212-PPn-ola-a-1,gela-vola-1,,,,1,17463 17464,
5-4-2-1-212-PPn-ola-a-1-2,5-4-2-1-212-PPn-ola-a-1,rotuman-ora-1,,,,2,17465,
5-4-2-2-216-POc-qait-a-1-1,5-4-2-2-216-POc-qait-a-1,yabem-gasi-1,,,,1,17599,
5-4-2-2-216-POc-qait-a-1-2,5-4-2-2-216-POc-qait-a-1,kove-ahe-2,,,,2,17600,
5-4-2-2-217-PEOc-pais-a-1-1,5-4-2-2-217-PEOc-pais-a-1,sye-evis-1,,,,1,17625,
5-4-2-2-217-PEOc-pais-a-1-2,5-4-2-2-217-PEOc-pais-a-1,anejom-ihis-1,,,,2,17626,
5-4-2-2-221-POc-pusa-a-1-1,5-4-2-2-221-POc-pusa-a-1,lamasong-pasik-1,,,,1,17719,
5-4-2-2-221-POc-pusa-a-1-2,5-4-2-2-221-POc-pusa-a-1,madak-pisik-1,,,,2,17720,
5-4-2-2-221-POc-pusa-a-1-3,5-4-2-2-221-POc-pusa-a-1,bauanfijian-vusa-1,,,,3,17721,
5-4-2-2-222-POc-puta-a-1-1,5-4-2-2-222-POc-puta-a-1,seimat-petpetipet-1,,,,1,17727,
5-4-2-2-222-PMM-poda-a-1-1,5-4-2-2-222-PMM-poda-a-1,raga-vora-1,,,,1,17736,
5-4-2-2-222-PMM-poda-a-1-2,5-4-2-2-222-PMM-poda-a-1,tamambo-vora-1,,,,2,17737,
5-4-3-1-233-POc-kamu-a-1-1,5-4-3-1-233-POc-kamu-a-1,bauanfijian-gamuta-1,,,,1,17965,
5-4-3-1-233-POc-kamu-a-1-2,5-4-3-1-233-POc-kamu-a-1,wayan-gam-1,,,,2,17966,
5-4-3-1-233-POc-kamu-a-1-3,5-4-3-1-233-POc-kamu-a-1,wayan-gamti-1,,,,3,17967,
5-4-3-1-233-POc-kamu-a-1-4,5-4-3-1-233-POc-kamu-a-1,rennellese-kamu-1,,,,4,17968,
5-4-3-1-233-POc-kamu-a-1-5,5-4-3-1-233-POc-kamu-a-1,tikopia-kamu-1,,,,5,17969,
5-4-3-1-233-POc-au-a-1-1,5-4-3-1-233-POc-au-a-1,tolai-oe-1,,,,1,17996,
5-4-3-1-234-POc-aris-a-1-1,5-4-3-1-234-POc-aris-a-1,roviana-uriurihi-1,,,,1,18014,
5-4-3-1-234-POc-aris-a-1-2,5-4-3-1-234-POc-aris-a-1,toabaita-ori-1,,,,2,18015,
5-4-3-1-234-POc-aris-a-1-3,5-4-3-1-234-POc-aris-a-1,saa-ero-1,,,,3,18016,
5-4-3-1-236-POc-as-a-1-1,5-4-3-1-236-POc-as-a-1,monoalu-asu-1,,,,1,18050,
5-4-3-1-236-POc-as-a-1-2,5-4-3-1-236-POc-as-a-1,hoava-ahu-1,,,,2,18051,
5-4-3-1-236-POc-as-a-1-3,5-4-3-1-236-POc-as-a-1,vangunu-asu-1,,,,3,18052,
5-4-3-1-236-POc-as-a-1-4,5-4-3-1-236-POc-as-a-1,bugotu-aata-1,,,,4,18053,
5-4-3-1-236-POc-as-a-1-5,5-4-3-1-236-POc-as-a-1,gela-ataata-1,,,,5,18054,
5-4-3-1-236-POc-as-a-1-6,5-4-3-1-236-POc-as-a-1,gela-aata-1,,,,6,18055,
5-4-3-1-236-POc-as-a-1-7,5-4-3-1-236-POc-as-a-1,longgu-ata-1,,,,7,18056,
5-4-3-1-236-POc-as-a-1-8,5-4-3-1-236-POc-as-a-1,longgu-ataata-1,,,,8,18057,
5-4-3-1-238-POc-mamaq-a-1-1,5-4-3-1-238-POc-mamaq-a-1,roro-momo-1,,,,1,18110,
5-4-3-1-239-POc-jamu-a-1-1,5-4-3-1-239-POc-jamu-a-1,roviana-hamua-1,,,,1,18164,
5-4-3-2-245-POc-gkaga-a-1-1,5-4-3-2-245-POc-gkaga-a-1,blablanga-kou-1,,,,1,18279,
5-4-3-2-245-POc-gkaga-a-1-2,5-4-3-2-245-POc-gkaga-a-1,maringe-kou-1,,,,2,18280,
5-4-3-2-245-POc-gkaga-a-1-3,5-4-3-2-245-POc-gkaga-a-1,bugotu-kou-1,,,,3,18281,
5-4-3-2-245-POc-gkaga-a-1-4,5-4-3-2-245-POc-gkaga-a-1,lau-gou-1,,,,4,18282,
5-4-3-2-245-POc-gkaga-a-1-5,5-4-3-2-245-POc-gkaga-a-1,kwaraae-kohi-1,,,,5,18283,
5-4-3-2-245-POc-gkaga-a-1-6,5-4-3-2-245-POc-gkaga-a-1,kwaio-goufi-1,,,,6,18284,
5-4-3-2-245-POc-gkaga-a-1-7,5-4-3-2-245-POc-gkaga-a-1,areare-kouh-1,,,,7,18285,
5-4-3-2-248-POc-sorop-a-1-1,5-4-3-2-248-POc-sorop-a-1,patep-hlup-1,,,,1,18361,
5-4-3-2-248-POc-sorop-a-1-2,5-4-3-2-248-POc-sorop-a-1,ririo-torope-1,,,,2,18362,
5-4-3-2-248-POc-sorop-a-1-3,5-4-3-2-248-POc-sorop-a-1,halia-toropo-1,,,,3,18363,
5-4-3-2-250-PPn-momi-a-1-1,5-4-3-2-250-PPn-momi-a-1,kela-mu-1,,,,1,18401,
5-4-3-2-250-PPn-momi-a-1-2,5-4-3-2-250-PPn-momi-a-1,wayan-omi-1,,,,2,18402,
5-4-3-3-254-PCP-viakani-a-1-1,5-4-3-3-254-PCP-viakani-a-1,wayan-matakani-1,,,,1,18545,
5-4-3-3-256-PCP-viainu-a-1-1,5-4-3-3-256-PCP-viainu-a-1,takia-youomat-1,,,,1,18585,
5-4-3-3-256-PCP-viainu-a-1-2,5-4-3-3-256-PCP-viainu-a-1,nehan-malainum-1,,,,2,18586,
5-4-3-3-256-PCP-viainu-a-1-3,5-4-3-3-256-PCP-viainu-a-1,gela-hagainu-1,,,,3,18587,
5-4-3-3-256-PCP-viainu-a-1-4,5-4-3-3-256-PCP-viainu-a-1,kwaio-maaligou-1,,,,4,18588,
5-4-3-3-256-PCP-viainu-a-1-5,5-4-3-3-256-PCP-viainu-a-1,wayan-matasom-1,,,,5,18589,
5-4-3-4-258-POc-polom-a-1-1,5-4-3-4-258-POc-polom-a-1,lou-por-1,,,,1,18628,
5-4-3-4-263-POc-tolom-b-1-1,5-4-3-4-263-POc-tolom-b-1,tabar-konokono-1,,,,1,18741,
5-4-3-4-263-POc-tolom-b-1-2,5-4-3-4-263-POc-tolom-b-1,tangga-kokoo-1,,,,2,18742,
5-4-3-4-263-POc-tolom-b-1-3,5-4-3-4-263-POc-tolom-b-1,vaghua-knkn-1,,,,3,18743,
5-4-3-4-263-POc-tolom-b-1-4,5-4-3-4-263-POc-tolom-b-1,varisi-kokoli-1,,,,4,18744,
5-4-3-4-263-POc-tolom-b-1-5,5-4-3-4-263-POc-tolom-b-1,ririo-kukun-1,,,,5,18745,
5-4-3-4-263-POc-tolom-b-1-6,5-4-3-4-263-POc-tolom-b-1,sisiqa-kokunu-1,,,,6,18746,
5-4-3-4-263-POc-tolom-b-1-7,5-4-3-4-263-POc-tolom-b-1,babatana-kunu-1,,,,7,18747,
5-4-3-4-263-POc-tolom-b-1-8,5-4-3-4-263-POc-tolom-b-1,babatana-kukunu-1,,,,8,18748,
5-4-3-4-263-POc-tolom-b-1-9,5-4-3-4-263-POc-tolom-b-1,birao-konokono-1,,,,9,18749,
5-4-3-4-263-POc-tolom-b-1-10,5-4-3-4-263-POc-tolom-b-1,fagani-konokono-1,,,,10,18750,
5-4-3-5-272-POc-mumur-a-1-1,5-4-3-5-272-POc-mumur-a-1,bauanfijian-bubu-1,,,,1,18983,
5-4-3-6-273-POc-misik-a-1-1,5-4-3-6-273-POc-misik-a-1,bauanfijian-misi-1,,,,1,19020,
5-4-4-3-283-POc-kasupati-a-1-1,5-4-4-3-283-POc-kasupati-a-1,misima-kuluvi-1,,,,1,19294,
5-4-4-3-283-POc-kasupati-a-1-2,5-4-4-3-283-POc-kasupati-a-1,roinji-anup-1,,,,2,19295,
5-4-4-3-283-POc-kasupati-a-1-3,5-4-4-3-283-POc-kasupati-a-1,bulu-kalupe-1,,,,3,19296,
5-4-4-3-283-POc-kasupati-a-1-4,5-4-4-3-283-POc-kasupati-a-1,bola-kalupe-1,,,,4,19297,
5-4-4-3-283-POc-kasupati-a-1-5,5-4-4-3-283-POc-kasupati-a-1,nakanai-katupe-1,,,,5,19298,
5-4-4-3-283-POc-kasupati-a-1-6,5-4-4-3-283-POc-kasupati-a-1,wayan-katasivi-1,,,35,6,19299 19300,
5-4-4-3-283-POc-kasupati-a-1-7,5-4-4-3-283-POc-kasupati-a-1,wayan-katasiviti-1,,,,7,19301,
5-4-4-3-283-POc-kasupati-a-1-8,5-4-4-3-283-POc-kasupati-a-1,wayan-katasivitakini-1,,,,8,19302,
5-4-4-7-288-POc-mimis-a-1-1,5-4-4-7-288-POc-mimis-a-1,samoan-mimi-2,,,,1,19500,
5-4-4-7-288-POc-mimis-a-1-2,5-4-4-7-288-POc-mimis-a-1,tikopia-mimi-1,,,,2,19501,
5-4-4-7-290-PNGOc-bajurriu-a-1-1,5-4-4-7-290-PNGOc-bajurriu-a-1,gumawana-bisoso-1,,,,1,19536,
5-4-4-7-290-PNGOc-bajurriu-a-1-2,5-4-4-7-290-PNGOc-bajurriu-a-1,gumawana-bisosoe-1,,,,2,19537,
5-4-4-7-290-PNGOc-bajurriu-a-1-3,5-4-4-7-290-PNGOc-bajurriu-a-1,gumawana-basi-1,,,,3,19538,
5-4-4-7-290-PNGOc-bajurriu-a-1-4,5-4-4-7-290-PNGOc-bajurriu-a-1,dobu-basi-1,,,,4,19539,
5-4-4-7-290-PNGOc-bajurriu-a-1-5,5-4-4-7-290-PNGOc-bajurriu-a-1,misima-basoso-1,,,,5,19540,
5-4-4-7-290-PNGOc-bajurriu-a-1-6,5-4-4-7-290-PNGOc-bajurriu-a-1,misima-baesi-1,,,,6,19541,
5-4-4-7-290-PNGOc-bajurriu-a-1-7,5-4-4-7-290-PNGOc-bajurriu-a-1,kilivila-besi-1,,,,7,19542,
5-4-4-7-290-PNGOc-bajurriu-a-1-8,5-4-4-7-290-PNGOc-bajurriu-a-1,muyuw-beis-1,,,,8,19543,
5-4-4-8-291-POc-pekas-a-1-1,5-4-4-8-291-POc-pekas-a-1,takia-bei-1,,,,1,19594,
5-4-4-8-291-POc-pekas-a-1-2,5-4-4-8-291-POc-pekas-a-1,karaeast-pes-1,,,,2,19595,
5-4-4-8-291-POc-pekas-a-1-3,5-4-4-8-291-POc-pekas-a-1,nehan-behebeh-1,,,,3,19596,
5-4-4-8-291-POc-pekas-a-1-4,5-4-4-8-291-POc-pekas-a-1,halia-pi-1,,,,4,19597,
5-4-4-8-291-POc-pekas-a-1-5,5-4-4-8-291-POc-pekas-a-1,tinputz-bebeak-1,,,,5,19598,
5-4-5-2-296-POc-ara-a-1-1,5-4-5-2-296-POc-ara-a-1,sio-aa-1,,,,1,19680,
5-4-5-2-296-POc-ara-a-1-2,5-4-5-2-296-POc-ara-a-1,nakanai-lalahate-1,,,,2,19681,
5-4-5-2-296-POc-ara-a-1-3,5-4-5-2-296-POc-ara-a-1,ramoaaina-orooro-1,,,,3,19682,
5-4-5-2-296-POc-ara-a-1-4,5-4-5-2-296-POc-ara-a-1,roviana-aaha-1,,,,4,19683,
5-4-5-3-296-POc-orok-a-1-1,5-4-5-3-296-POc-orok-a-1,tongan-olo-1,,,,1,19714,
5-4-5-6-300-POc-mawap-a-1-1,5-4-5-6-300-POc-mawap-a-1,tolai-mauviap-1,,,,1,19837,
5-4-5-8-304-POc-paus-a-1-1,5-4-5-8-304-POc-paus-a-1,samoan-foi-1,,,,1,19954,
5-4-5-9-305-POc-kasipe-a-1-1,5-4-5-9-305-POc-kasipe-a-1,nehan-siir-1,,,,1,19979,
5-4-5-9-305-POc-kasipe-a-1-2,5-4-5-9-305-POc-kasipe-a-1,petats-hahacilue-1,,,,2,19980,
5-4-5-9-305-POc-kasipe-a-1-3,5-4-5-9-305-POc-kasipe-a-1,halia-haciele-1,,,,3,19981,
5-4-5-9-305-POc-kasipe-a-1-4,5-4-5-9-305-POc-kasipe-a-1,selau-acir-1,,,,4,19982,
5-4-5-9-306-POc-kasiek-a-1-1,5-4-5-9-306-POc-kasiek-a-1,akolet-kicim-1,,,,1,19999,
5-4-5-9-306-POc-kasiek-a-1-2,5-4-5-9-306-POc-kasiek-a-1,mangseng-iaksiem-1,,,,2,20000,
5-4-5-9-306-POc-kasiek-a-1-3,5-4-5-9-306-POc-kasiek-a-1,patep-kseb-1,,,,3,20001,
5-4-5-9-307-POc-tise-a-1-1,5-4-5-9-307-POc-tise-a-1,nakanai-hatihoatihe-1,,,,1,20030,
5-4-5-9-307-PROc-matiua-a-1-1,5-4-5-9-307-PROc-matiua-a-1,tongan-mafatua-1,,,,1,20044,
5-4-5-9-307-PROc-matiua-a-1-2,5-4-5-9-307-PROc-matiua-a-1,samoan-mafatua-1,,,,2,20045,
5-4-6-2-311-PCP-viamoze-a-1-1,5-4-6-2-311-PCP-viamoze-a-1,wayan-matamoe-1,,,,1,20133,
5-4-6-2-312-POc-malumalumu-a-1-1,5-4-6-2-312-POc-malumalumu-a-1,arosi-maro-2,,,,1,20143,
5-4-6-2-312-POc-malumalumu-a-1-2,5-4-6-2-312-POc-malumalumu-a-1,mota-male-2,,,41,2,20144,
5-4-6-2-312-POc-malumalumu-a-1-3,5-4-6-2-312-POc-malumalumu-a-1,namakir-molomal-1,,,,3,20145,
5-4-6-2-313-PPn-fitaqa-a-1-1,5-4-6-2-313-PPn-fitaqa-a-1,poc-pita-1,,,,1,20158,
5-4-6-2-313-PPn-fitaqa-a-1-2,5-4-6-2-313-PPn-fitaqa-a-1,iduna-vita-1,,,,2,20159,
5-4-6-2-313-PPn-fitaqa-a-1-3,5-4-6-2-313-PPn-fitaqa-a-1,dawawa-vita-1,,,,3,20160,
5-4-6-2-313-PPn-fitaqa-a-1-4,5-4-6-2-313-PPn-fitaqa-a-1,tawala-witai-1,,,,4,20161,
5-4-6-2-313-PPn-fitaqa-a-1-5,5-4-6-2-313-PPn-fitaqa-a-1,ulawa-hia-1,,,,5,20162,
5-4-6-2-313-PPn-fitaqa-a-1-6,5-4-6-2-313-PPn-fitaqa-a-1,maori-hia-1,,,,6,20163,
5-4-6-3-313-POc-mipi-a-1-1,5-4-6-3-313-POc-mipi-a-1,gitua-vivi-1,,,,1,20199,
5-4-6-3-313-POc-mipi-a-1-2,5-4-6-3-313-POc-mipi-a-1,nalik-mirif-1,,,,2,20200,
5-4-6-4-316-PCP-qadra-a-1-1,5-4-6-4-316-PCP-qadra-a-1,niuean-ala-1,,,,1,20286,
5-4-6-5-317-POc-kimo-a-1-1,5-4-6-5-317-POc-kimo-a-1,rotuman-kemo-1,,,,1,20314,
5-4-7-2-319-POc-ii-a-1-1,5-4-7-2-319-POc-ii-a-1,ponapean-i-1,,,,1,20376,
5-4-7-2-319-POc-ii-a-1-2,5-4-7-2-319-POc-ii-a-1,carolinian-i-1,,,,2,20377,
5-4-7-2-319-POc-ii-a-1-3,5-4-7-2-319-POc-ii-a-1,woleaian-i-1,,,,3,20378,
5-4-7-2-320-POc-iisa-a-1-1,5-4-7-2-320-POc-iisa-a-1,motu-ise-1,,,,1,20413,
5-4-7-2-320-POc-iisa-a-1-2,5-4-7-2-320-POc-iisa-a-1,mekeo-nie-1,,,,2,20414,
5-4-7-6-324-POc-riri-a-1-1,5-4-7-6-324-POc-riri-a-1,mangap-moriri-1,,,,1,20552,
5-4-7-6-325-POc-dridri-a-1-1,5-4-7-6-325-POc-dridri-a-1,wayan-driwadriwa-1,,,,1,20557,
5-4-7-6-327-PROc-drudru-a-1-1,5-4-7-6-327-PROc-drudru-a-1,rotuman-ru-1,,,,1,20638,
5-5-3-1-336-POc-masakit-a-1-1,5-5-3-1-336-POc-masakit-a-1,fagani-hasii-1,,,,1,20824,
5-5-3-1-336-POc-masakit-a-1-2,5-5-3-1-336-POc-masakit-a-1,bauanfijian-mosi-1,,,,2,20825,
5-5-3-1-336-POc-masakit-a-1-3,5-5-3-1-336-POc-masakit-a-1,bauanfijian-mosita-1,,,,3,20826,
5-5-3-2-340-POc-paraoq-a-1-1,5-5-3-2-340-POc-paraoq-a-1,dobu-para-1,,,,1,20912,
5-5-3-2-341-PNCV-vosa-a-1-1,5-5-3-2-341-PNCV-vosa-a-1,manam-poake-1,,,,1,20931,
5-5-3-2-341-PNCV-vosa-a-1-2,5-5-3-2-341-PNCV-vosa-a-1,buang-ps-1,,,,2,20932,
5-5-3-2-341-PNCV-vosa-a-1-3,5-5-3-2-341-PNCV-vosa-a-1,iduna-bake-1,,,,3,20933,
5-5-3-2-344-POc-makato-a-1-1,5-5-3-2-344-POc-makato-a-1,drehet-mato-1,,,,1,21048,
5-5-3-2-344-POc-makato-a-1-2,5-5-3-2-344-POc-makato-a-1,gedaged-magagau-1,,,,2,21049,
5-5-3-2-344-POc-makato-a-1-3,5-5-3-2-344-POc-makato-a-1,nakanai-makasili-1,,,,3,21050,
5-5-3-2-345-PPn-maesho-a-1-1,5-5-3-2-345-PPn-maesho-a-1,lou-as-1,,,,1,21059,
5-5-3-3-346-POc-kurikuri-a-1-1,5-5-3-3-346-POc-kurikuri-a-1,motu-kuhikuhi-1,,,,1,21079,
5-5-3-3-348-POc-pano-a-1-1,5-5-3-3-348-POc-pano-a-1,gumawana-vana-1,,,,1,21139,
5-5-3-3-348-POc-pano-a-1-2,5-5-3-3-348-POc-pano-a-1,kilivila-vana-1,,,,2,21140,
5-5-3-3-348-POc-pano-a-1-3,5-5-3-3-348-POc-pano-a-1,gapapaiwa-vanaa-1,,,,3,21141,
5-5-3-3-348-POc-pano-a-1-4,5-5-3-3-348-POc-pano-a-1,iduna-vanala-1,,,,4,21142,
5-5-3-3-349-PROc-tani-a-1-1,5-5-3-3-349-PROc-tani-a-1,tawala-dani-1,,,,1,21153,
5-5-3-3-349-PROc-tani-a-1-2,5-5-3-3-349-PROc-tani-a-1,longgu-tani-1,,,,2,21154,
5-5-3-4-350-POc-luka-a-1-1,5-5-3-4-350-POc-luka-a-1,molima-liliu-1,,,,1,21161,
5-5-3-4-350-POc-luka-a-1-2,5-5-3-4-350-POc-luka-a-1,molima-lolaalaa-1,,,,2,21162,
5-5-3-4-350-POc-luka-a-1-3,5-5-3-4-350-POc-luka-a-1,nakanai-malulu-1,,,,3,21163,
5-5-3-4-350-PCP-jona-a-1-1,5-5-3-4-350-PCP-jona-a-1,toabaita-tona-1,,,,1,21173,
5-5-3-6-351-POc-uul-a-1-1,5-5-3-6-351-POc-uul-a-1,nakanai-golu-1,,,,1,21184,
5-5-3-7-352-POc-ara-a-1-1,5-5-3-7-352-POc-ara-a-1,sio-aa-1,,,,1,19680,
5-5-3-7-352-POc-ara-a-1-2,5-5-3-7-352-POc-ara-a-1,nakanai-lalahate-1,,,,2,21186,
5-5-3-7-352-POc-ara-a-1-3,5-5-3-7-352-POc-ara-a-1,ramoaaina-orooro-1,,,,3,21187,
5-5-3-7-352-POc-ara-a-1-4,5-5-3-7-352-POc-ara-a-1,roviana-aaha-1,,,,4,19683,
5-5-3-9-353-POc-sana-a-1-1,5-5-3-9-353-POc-sana-a-1,rotuman-sana-1,,,,1,21215,
5-5-3-11-355-POc-tubuq-a-1-1,5-5-3-11-355-POc-tubuq-a-1,samoan-tupa-1,,,,1,21261,
5-5-3-11-356-PEOc-tubua-a-1-1,5-5-3-11-356-PEOc-tubua-a-1,rotuman-pua-1,,,,1,21265,
5-5-3-11-356-PEOc-tubua-a-1-2,5-5-3-11-356-PEOc-tubua-a-1,ppn-pua-2,,,,2,21266,
5-5-3-11-356-PEOc-tubua-a-1-3,5-5-3-11-356-PEOc-tubua-a-1,tongan-pua-1,,,,3,21267,
5-5-3-11-356-PEOc-tubua-a-1-4,5-5-3-11-356-PEOc-tubua-a-1,samoan-pua-1,,,,4,21268,
5-5-3-11-356-PEOc-tubua-a-1-5,5-5-3-11-356-PEOc-tubua-a-1,tahitian-pua-1,,,,5,21269,
5-5-3-11-356-PEOc-tubua-a-1-6,5-5-3-11-356-PEOc-tubua-a-1,maori-pua-1,,,,6,21270,
5-5-3-11-356-PEOc-tubua-a-1-7,5-5-3-11-356-PEOc-tubua-a-1,tuamotuan-pua-1,,,,7,21271,
5-5-3-13-357-POc-pular-a-1-1,5-5-3-13-357-POc-pular-a-1,seimat-pulaxa-1,,,,1,21297,
5-5-3-14-358-POc-bool-a-1-1,5-5-3-14-358-POc-bool-a-1,patpatar-ulo-1,,,,1,21313,
5-5-3-16-360-PPn-ninimo-a-1-1,5-5-3-16-360-PPn-ninimo-a-1,samoan-niniva-1,,,,1,21346,
5-5-4-1-361-POc-mapo-a-1-1,5-5-4-1-361-POc-mapo-a-1,nakanai-mahavu-1,,,,1,21396,
5-5-4-2-362-POc-puras-a-1-1,5-5-4-2-362-POc-puras-a-1,tawala-ulaulasi-1,,,,1,21406,
5-5-4-2-363-POc-puruk-a-1-1,5-5-4-2-363-POc-puruk-a-1,lou-pirek-1,,,,1,21417,
5-5-4-2-363-POc-puruk-a-1-2,5-5-4-2-363-POc-puruk-a-1,lou-purik-1,,,,2,21418,
5-5-4-2-363-PROc-amosi-a-1-1,5-5-4-2-363-PROc-amosi-a-1,paamese-kamusi-1,,,,1,21439,
5-6-2-1-370-POc-nopoq-a-1-1,5-6-2-1-370-POc-nopoq-a-1,malai-unep-1,,,,1,21535,
5-6-2-1-370-POc-nopoq-a-1-2,5-6-2-1-370-POc-nopoq-a-1,lukep-nepa-1,,,,2,21536,
5-6-2-1-370-POc-nopoq-a-1-3,5-6-2-1-370-POc-nopoq-a-1,kia-nohe-1,,,,3,21537,
5-6-2-1-370-POc-nopoq-a-1-4,5-6-2-1-370-POc-nopoq-a-1,bugotu-nohe-1,,,,4,21538,
5-6-2-2-374-POc-tuqur-a-1-1,5-6-2-2-374-POc-tuqur-a-1,vaghua-deere-1,,,,1,21724,
5-6-2-2-374-POc-tuqur-a-1-2,5-6-2-2-374-POc-tuqur-a-1,varisi-deere-1,,,,2,21725,
5-6-2-2-374-POc-tuqur-a-1-3,5-6-2-2-374-POc-tuqur-a-1,ririo-der-1,,,,3,21726,
5-6-2-2-374-POc-tuqur-a-1-4,5-6-2-2-374-POc-tuqur-a-1,babatana-dere-1,,,,4,21727,
5-6-2-2-374-POc-tuqur-a-1-5,5-6-2-2-374-POc-tuqur-a-1,sisiqa-dere-1,,,,5,21728,
5-6-2-2-377-POc-madriri-a-1-1,5-6-2-2-377-POc-madriri-a-1,meramera-magili-1,,,,1,21754,
5-6-2-2-377-PNGOc-midi-a-1-1,5-6-2-2-377-PNGOc-midi-a-1,numbami-di-1,,,,1,21762,
5-6-2-2-377-PNGOc-midi-a-1-2,5-6-2-2-377-PNGOc-midi-a-1,misim-vadi-1,,,,2,21763,
5-6-2-3-378-POc-qenop-a-1-1,5-6-2-3-378-POc-qenop-a-1,roinji-kinu-1,,,,1,21814,
5-6-2-3-378-POc-qenop-a-1-2,5-6-2-3-378-POc-qenop-a-1,tami-gin-1,,,,2,21815,
5-6-2-3-378-POc-qenop-a-1-3,5-6-2-3-378-POc-qenop-a-1,ramoaaina-inep-1,,,,3,21816,
5-6-2-3-378-POc-qenop-a-1-4,5-6-2-3-378-POc-qenop-a-1,kandas-inep-1,,,,4,21817,
5-6-2-3-378-POc-qenop-a-1-5,5-6-2-3-378-POc-qenop-a-1,tolai-inep-1,,,,5,21818,
5-6-2-4-382-POc-tuku-a-1-1,5-6-2-4-382-POc-tuku-a-1,bariai-tututu-1,,,,1,21886,
5-6-2-4-383-POc-sorop-a-1-1,5-6-2-4-383-POc-sorop-a-1,lukep-saurai-1,,,,1,21895,
5-6-2-4-384-POc-paralat-a-1-1,5-6-2-4-384-POc-paralat-a-1,areare-hatara-1,,,,1,21931,
5-6-2-4-384-POc-paralat-a-1-2,5-6-2-4-384-POc-paralat-a-1,saa-hatara-1,,,,2,21932,
5-6-2-4-384-POc-paralat-a-1-3,5-6-2-4-384-POc-paralat-a-1,arosi-hatara-1,,,,3,21933,
5-6-3-1-387-POc-la-a-1-1,5-6-3-1-387-POc-la-a-1,mangap-lae-1,,,,1,22014,
5-6-3-1-387-POc-la-a-1-2,5-6-3-1-387-POc-la-a-1,gapapaiwa-nae-1,,,,2,22015,
5-6-3-1-387-POc-la-a-1-3,5-6-3-1-387-POc-la-a-1,tawala-nae-1,,,,3,22016,
5-6-3-1-387-POc-la-a-1-4,5-6-3-1-387-POc-la-a-1,longgu-lae-1,,,,4,22017,
5-6-3-1-387-POc-la-a-1-5,5-6-3-1-387-POc-la-a-1,lonwolwol-lae-1,,,,5,22018,
5-6-3-1-393-POc-rakat-a-1-1,5-6-3-1-393-POc-rakat-a-1,lihir-lakan-1,,,,1,22163,
5-6-3-2-400-POc-ropok-a-1-1,5-6-3-2-400-POc-ropok-a-1,wayan-ro-1,,,,1,22386,
5-6-3-2-400-POc-ropok-a-1-2,5-6-3-2-400-POc-ropok-a-1,wayan-rovi-1,,,,2,22387,
5-6-3-2-400-POc-ropok-a-1-3,5-6-3-2-400-POc-ropok-a-1,boumaa-ro-1,,,,3,22388,
5-6-3-2-400-POc-ropok-a-1-4,5-6-3-2-400-POc-ropok-a-1,boumaa-rova-1,,,,4,22389,
5-6-3-2-402-POc-ppukka-a-1-1,5-6-3-2-402-POc-ppukka-a-1,numbami-peka-1,,,,1,22421,
5-6-3-2-402-POc-ppukka-a-1-2,5-6-3-2-402-POc-ppukka-a-1,iduna-beu-1,,,,2,22422,
5-6-3-2-402-POc-ppukka-a-1-3,5-6-3-2-402-POc-ppukka-a-1,gapapaiwa-peku-1,,,,3,22423,
5-6-3-2-402-POc-ppukka-a-1-4,5-6-3-2-402-POc-ppukka-a-1,tawala-peu-1,,,,4,22424,
5-6-3-2-402-POc-ppukka-a-1-5,5-6-3-2-402-POc-ppukka-a-1,dawawa-beku-1,,,,5,22425,
5-6-3-2-402-POc-ppukka-a-1-6,5-6-3-2-402-POc-ppukka-a-1,halia-puku-1,,,,6,22426,
5-6-3-3-403-POc-palaur-a-1-1,5-6-3-3-403-POc-palaur-a-1,misima-alalau-1,,,,1,22437,
5-6-4-1-409-POc-uliq-a-1-1,5-6-4-1-409-POc-uliq-a-1,mengen-ule-1,,,,1,22599,
5-6-4-2-412-POc-liu-a-1-1,5-6-4-2-412-POc-liu-a-1,sursurunga-ririu-1,,,,1,22722,
5-6-4-2-412-POc-liu-a-1-2,5-6-4-2-412-POc-liu-a-1,roviana-taliri-1,,,,2,22723,
5-6-4-2-412-POc-liu-a-1-3,5-6-4-2-412-POc-liu-a-1,bugotu-riu-1,,,,3,22724,
5-6-4-2-412-POc-liu-a-1-4,5-6-4-2-412-POc-liu-a-1,bugotu-riuriu-1,,,,4,22725,
5-6-4-2-412-POc-liu-a-1-5,5-6-4-2-412-POc-liu-a-1,gela-riu-1,,,,5,22726,
5-6-4-2-412-POc-liu-a-1-6,5-6-4-2-412-POc-liu-a-1,lengo-ririu-1,,,,6,22727,
5-6-4-2-412-POc-liu-a-1-7,5-6-4-2-412-POc-liu-a-1,longgu-ririu-1,,,,7,22728,
5-6-4-2-414-POc-likot-a-1-1,5-6-4-2-414-POc-likot-a-1,vangunu-likoso-1,,,,1,22743,
5-6-4-4-419-POc-paka-a-1-1,5-6-4-4-419-POc-paka-a-1,chuukese-pri-1,,,,1,22881,
5-6-4-4-419-POc-paka-a-1-2,5-6-4-4-419-POc-paka-a-1,puluwatese-pri-1,,,,2,22882,
5-6-6-1-428-POc-kau-a-1-1,5-6-6-1-428-POc-kau-a-1,mussau-ga-1,,,,1,23050,
5-6-6-1-428-POc-kau-a-1-2,5-6-6-1-428-POc-kau-a-1,kove-kea-1,,,,2,23051,
5-6-6-1-428-POc-kau-a-1-3,5-6-6-1-428-POc-kau-a-1,sio-kai-1,,,,3,23052,
5-6-6-1-428-POc-kau-a-1-4,5-6-6-1-428-POc-kau-a-1,kaulong-kai-1,,,,4,23053,
5-6-6-1-428-POc-kau-a-1-5,5-6-6-1-428-POc-kau-a-1,dawawa-kaya-1,,,,5,23054,
5-6-6-1-428-POc-kau-a-1-6,5-6-6-1-428-POc-kau-a-1,madak-kaka-1,,,,6,23055,
5-6-6-1-428-POc-kau-a-1-7,5-6-6-1-428-POc-kau-a-1,owa-ai-1,,,,7,23056,
5-6-6-1-431-POc-qusur-a-1-1,5-6-6-1-431-POc-qusur-a-1,lukep-surpaki-1,,,,1,23108,
5-6-6-1-431-POc-qusur-a-1-2,5-6-6-1-431-POc-qusur-a-1,bariai-susuran-1,,,,2,23109,
5-6-6-1-431-POc-qusur-a-1-3,5-6-6-1-431-POc-qusur-a-1,dawawa-suria-1,,,,3,23110,
5-6-6-1-431-POc-qusur-a-1-4,5-6-6-1-431-POc-qusur-a-1,nakanai-susu-2,,,,4,23111,
5-6-6-1-431-POc-qusur-a-1-5,5-6-6-1-431-POc-qusur-a-1,kokota-huzui-1,,,,5,23112,
5-6-6-2-434-POc-puat-a-1-1,5-6-6-2-434-POc-puat-a-1,saa-fue-1,,,,1,23190,
5-6-6-2-434-POc-puat-a-1-2,5-6-6-2-434-POc-puat-a-1,arosi-huahuasi-1,,,,2,23191,
5-6-6-2-435-POc-suqun-a-1-1,5-6-6-2-435-POc-suqun-a-1,wayan-su-1,,,,1,23211,
5-6-6-2-435-POc-suqun-a-1-2,5-6-6-2-435-POc-suqun-a-1,wayan-suni-1,,,,2,23212,
5-6-6-2-436-PWOc-kudru-a-1-1,5-6-6-2-436-PWOc-kudru-a-1,kaulong-un-1,,,,1,23229,
5-6-6-2-436-PWOc-kudru-a-1-2,5-6-6-2-436-PWOc-kudru-a-1,numbami-kuku-2,,,,2,23230,
5-6-6-2-441-POc-qappis-a-1-1,5-6-6-2-441-POc-qappis-a-1,teop-kapisi-1,,,,1,23358,
5-6-6-2-442-POc-qapin-a-1-1,5-6-6-2-442-POc-qapin-a-1,dangal-kafi-1,,,,1,23373,
5-6-6-2-442-POc-qapin-a-1-2,5-6-6-2-442-POc-qapin-a-1,maposbuang-kpi-1,,,,2,23361,
5-6-6-2-442-POc-qapin-a-1-3,5-6-6-2-442-POc-qapin-a-1,mangga-kapin-1,,,,3,23374,
5-6-6-2-442-POc-qapin-a-1-4,5-6-6-2-442-POc-qapin-a-1,portsandwich-xavini-1,,,,4,23375,
5-6-6-3-449-POc-taruq-a-1-1,5-6-6-3-449-POc-taruq-a-1,maposbuang-tau-1,,,,1,23433,
5-6-6-3-449-POc-taruq-a-1-2,5-6-6-3-449-POc-taruq-a-1,meramera-tau-1,,,,2,23434,
5-7-4-2-471-POc-kiris-a-1-1,5-7-4-2-471-POc-kiris-a-1,maringe-fakikili-1,,,,1,23927,
5-7-4-2-471-POc-kiris-a-1-2,5-7-4-2-471-POc-kiris-a-1,arosi-kirikiri-1,,,,2,23928,
5-7-6-1-476-POc-susup-a-1-1,5-7-6-1-476-POc-susup-a-1,teop-sisibu-1,,,,1,24088,
5-7-6-1-481-POc-kaya-a-1-1,5-7-6-1-481-POc-kaya-a-1,nyindrou-aya-1,,,,1,24211,
5-7-6-1-481-POc-kaya-a-1-2,5-7-6-1-481-POc-kaya-a-1,titan-yay-1,,,,2,24212,
5-7-6-2-483-POc-puqi-a-1-1,5-7-6-2-483-POc-puqi-a-1,wayan-vue-1,,,,1,24255,
5-7-6-2-483-POc-puqi-a-1-2,5-7-6-2-483-POc-puqi-a-1,wayan-vueti-1,,,,2,24256,
5-8-2-None-494-POc-taddraq-a-1-1,5-8-2-None-494-POc-taddraq-a-1,vitu-ada-1,,,,1,24482,
5-8-2-None-494-POc-taddraq-a-1-2,5-8-2-None-494-POc-taddraq-a-1,lavongai-arai-1,,,,2,24483,
5-8-4-None-503-POc-saoin-a-1-1,5-8-4-None-503-POc-saoin-a-1,drehet-hunuhu-1,,,,1,24736,
5-8-4-None-503-POc-saoin-a-1-2,5-8-4-None-503-POc-saoin-a-1,lavongai-sain-1,,,,2,24737,
5-8-4-None-504-POc-quru-a-1-1,5-8-4-None-504-POc-quru-a-1,ramoaaina-lui-1,,,,1,24749,
5-8-4-None-505-POc-asok-a-1-1,5-8-4-None-505-POc-asok-a-1,lau-gasu-1,,,,1,24765,
5-8-4-None-505-POc-asok-a-1-2,5-8-4-None-505-POc-asok-a-1,carolinian-uas-1,,,,2,24766,
5-8-4-None-508-POc-qaor-a-1-1,5-8-4-None-508-POc-qaor-a-1,arosi-wao-1,,,,1,24855,
5-8-4-None-508-POc-qaor-a-1-2,5-8-4-None-508-POc-qaor-a-1,arosi-waora-1,,,,2,24856,
5-8-5-None-512-POc-topo-a-1-1,5-8-5-None-512-POc-topo-a-1,gela-tovo-1,,,,1,24987,
5-8-5-None-515-PNCV-tiqeli-a-1-1,5-8-5-None-515-PNCV-tiqeli-a-1,kilivila-momkoli-1,,,,1,25035,
5-8-5-None-515-PNCV-tiqeli-a-1-2,5-8-5-None-515-PNCV-tiqeli-a-1,tolai-tuk-1,,,,2,25036,
5-9-2-2-523-POc-lalo-a-1-1,5-9-2-2-523-POc-lalo-a-1,bauanfijian-loma-1,,,,1,25077,
5-10-2-None-540-POc-taqu-a-1-1,5-10-2-None-540-POc-taqu-a-1,manam-to-1,,,,1,25182,
5-10-2-None-540-POc-mataqu-a-1-1,5-10-2-None-540-POc-mataqu-a-1,rotuman-macau-1,,,,1,25194,
5-10-3-None-544-POc-nonom-a-1-1,5-10-3-None-544-POc-nonom-a-1,lukep-nantut-1,,,,1,25228,
5-10-3-None-544-POc-nonom-a-1-2,5-10-3-None-544-POc-nonom-a-1,mengen-nanguni-1,,,,2,25229,
5-10-3-None-544-POc-nonom-a-1-3,5-10-3-None-544-POc-nonom-a-1,babatana-nuni-1,,,,3,25230,
5-10-3-None-544-POc-nonom-a-1-4,5-10-3-None-544-POc-nonom-a-1,vaghua-nanavu-1,,,,4,25231,
5-10-3-None-544-POc-nonom-a-1-5,5-10-3-None-544-POc-nonom-a-1,varisi-nanao-1,,,,5,25232 25233,
5-10-3-None-547-POc-manacam-a-1-1,5-10-3-None-547-POc-manacam-a-1,nehan-manate-1,,,,1,25335,
5-10-4-None-550-POc-tutuna-a-1-1,5-10-4-None-550-POc-tutuna-a-1,lou-tuna-1,,,,1,25347,
5-10-4-None-550-POc-tutuna-a-1-2,5-10-4-None-550-POc-tutuna-a-1,bauanfijian-dina-1,,,,2,25348,
5-10-4-None-550-POc-tutuna-a-1-3,5-10-4-None-550-POc-tutuna-a-1,bauanfijian-vakadinat-1,,,,3,25349,
5-10-4-None-551-POc-tonuq-a-1-1,5-10-4-None-551-POc-tonuq-a-1,mangap-dudu-1,,,,1,25383,
5-10-4-None-551-POc-tonuq-a-1-2,5-10-4-None-551-POc-tonuq-a-1,malai-dunua-1,,,,2,25384,
5-10-4-None-551-POc-tonuq-a-1-3,5-10-4-None-551-POc-tonuq-a-1,bugotu-jino-1,,,,3,25385,
5-10-4-None-551-POc-tonuq-a-1-4,5-10-4-None-551-POc-tonuq-a-1,mota-nun-1,,,,4,25386,
5-10-4-None-551-POc-tonuq-a-1-5,5-10-4-None-551-POc-tonuq-a-1,kwamera-atun-1,,,,5,25387,
5-10-4-None-551-POc-tonuq-a-1-6,5-10-4-None-551-POc-tonuq-a-1,bauanfijian-donu-1,,,,6,25388,
5-10-4-None-551-POc-tonuq-a-1-7,5-10-4-None-551-POc-tonuq-a-1,wayan-donu-1,,,,7,25389,
5-10-4-None-552-POc-maqoli-a-1-1,5-10-4-None-552-POc-maqoli-a-1,gela-mauri-1,,,,1,25414,
5-10-4-None-552-POc-maqoli-a-1-2,5-10-4-None-552-POc-maqoli-a-1,lau-mori-1,,,,2,25415,
5-10-4-None-552-POc-maqoli-a-1-3,5-10-4-None-552-POc-maqoli-a-1,southefate-mori-1,,,,3,25416,
5-10-4-None-554-PSES-utu-a-1-1,5-10-4-None-554-PSES-utu-a-1,longgu-uua-1,,,,1,25453,
5-10-11-None-565-POc-usuri-a-1-1,5-10-11-None-565-POc-usuri-a-1,siar-ariri-1,,,,1,25548,
5-10-11-None-566-POc-nanau-a-1-1,5-10-11-None-566-POc-nanau-a-1,titan-ananoweananoani-1,,,,1,25578,
5-11-2-2-568-POc-lapuat-a-1-1,5-11-2-2-568-POc-lapuat-a-1,tinputz-abuh-1,,,,1,25590,
5-11-2-3-570-POc-tubutubuka-a-1-1,5-11-2-3-570-POc-tubutubuka-a-1,misima-taba-1,,,,1,25616,
5-11-2-4-572-PEOc-kaila-a-1-1,5-11-2-4-572-PEOc-kaila-a-1,araki-aura-1,,,,1,25663,
5-11-3-None-575-PPn-aa-a-1-1,5-11-3-None-575-PPn-aa-a-1,rotuman-aa-1,,,,1,25694,
5-11-3-1-578-POc-wasi-a-1-1,5-11-3-1-578-POc-wasi-a-1,takia-kasik-1,,,,1,25747,
5-11-3-1-578-POc-wasi-a-1-2,5-11-3-1-578-POc-wasi-a-1,kilivila-gasisi-1,,,,2,25748,
5-11-3-2-579-POc-qateppatu-a-1-1,5-11-3-2-579-POc-qateppatu-a-1,gumawana-ateipatu-1,,,,1,25754,
5-11-3-2-579-POc-qateppatu-a-1-2,5-11-3-2-579-POc-qateppatu-a-1,iduna-asevatu-1,,,,2,25755,
5-11-3-2-579-POc-qateppatu-a-1-3,5-11-3-2-579-POc-qateppatu-a-1,iduna-aseasevatu-1,,,,3,25756,
5-11-3-2-579-POc-qateppatu-a-1-4,5-11-3-2-579-POc-qateppatu-a-1,kwaio-laefou-1,,,,4,25757,
5-11-4-2-585-POc-mayaq-a-1-1,5-11-4-2-585-POc-mayaq-a-1,takia-miai-1,,,,1,25876,
5-11-4-2-585-POc-mayaq-a-1-2,5-11-4-2-585-POc-mayaq-a-1,kalauna-veumaiyiyi-1,,,,2,25877,
5-11-4-3-587-POc-qarop-a-1-1,5-11-4-3-587-POc-qarop-a-1,gela-aroha-1,,,,1,25894,
5-11-4-3-587-POc-qarop-a-1-2,5-11-4-3-587-POc-qarop-a-1,pukapukan-aloa-1,,,,2,25895,
5-11-4-3-588-PWOc-qudu-a-1-1,5-11-4-3-588-PWOc-qudu-a-1,iduna-duu-1,,,,1,25910,
5-11-4-3-588-PWOc-qudu-a-1-2,5-11-4-3-588-PWOc-qudu-a-1,iduna-duu-2,,,,2,25911,
5-11-5-None-593-POc-pian-a-1-1,5-11-5-None-593-POc-pian-a-1,toabaita-fiia-1,,,,1,25963,
5-11-5-None-593-POc-pian-a-1-2,5-11-5-None-593-POc-pian-a-1,lewo-ve-1,,,,2,25964,
5-11-6-1-596-POc-puia-a-1-1,5-11-6-1-596-POc-puia-a-1,takia-uyan-1,,,,1,26001,
5-11-6-1-596-POc-puia-a-1-2,5-11-6-1-596-POc-puia-a-1,bilibil-uyan-1,,,,2,26002,
5-11-6-1-596-POc-puia-a-1-3,5-11-6-1-596-POc-puia-a-1,matukar-uyan-1,,,,3,26003,
5-11-6-1-596-POc-puia-a-1-4,5-11-6-1-596-POc-puia-a-1,mindiri-uyan-1,,,,4,26004,
5-11-6-1-596-POc-puia-a-1-5,5-11-6-1-596-POc-puia-a-1,misim-maui-1,,,,5,26005,
5-11-6-2-598-POc-saqati-a-1-1,5-11-6-2-598-POc-saqati-a-1,arosi-taai-1,,,,1,26066,
5-11-6-2-598-POc-saqati-a-1-2,5-11-6-2-598-POc-saqati-a-1,bauanfijian-ati-1,,,,2,26067,
3-2-5-None-35-POc-waruwaru-a-1-1,3-2-5-None-35-POc-waruwaru-a-1,gela-ao-1,,,,1,9536,
3-2-5-None-35-POc-waruwaru-a-1-2,3-2-5-None-35-POc-waruwaru-a-1,pmic-walu-1,,,,2,26091,
3-2-5-None-35-POc-waruwaru-a-1-3,3-2-5-None-35-POc-waruwaru-a-1,ponapean-wal-1,,,,3,26092,
3-2-5-None-35-POc-waruwaru-a-1-4,3-2-5-None-35-POc-waruwaru-a-1,mortlockese-waliwel-1,,,,4,26093,
3-2-5-None-35-POc-waruwaru-a-1-5,3-2-5-None-35-POc-waruwaru-a-1,chuukese-wnwn-1,,,,5,26094,
3-2-5-None-35-POc-waruwaru-a-1-6,3-2-5-None-35-POc-waruwaru-a-1,puluwatese-wal-1,,,,6,26095,
3-2-5-None-35-POc-waruwaru-a-1-7,3-2-5-None-35-POc-waruwaru-a-1,carolinian-walwal-1,,,,7,26096,
3-2-5-None-35-POc-waruwaru-a-1-8,3-2-5-None-35-POc-waruwaru-a-1,carolinian-wallap-1,,,,8,26097,
3-2-5-None-35-POc-waruwaru-a-1-9,3-2-5-None-35-POc-waruwaru-a-1,rotuman-vao-1,,,,9,9537,
3-2-6-1-41-POc-kana-a-1-1,3-2-6-1-41-POc-kana-a-1,padm-kanian-1,,,,1,26115,
3-2-6-1-41-POc-kana-a-1-2,3-2-6-1-41-POc-kana-a-1,nyindrou-kania-1,,,,2,26116,
3-2-6-1-41-POc-kana-a-1-3,3-2-6-1-41-POc-kana-a-1,pnng-kania-1,,,,3,26117,
3-2-6-1-41-POc-kana-a-1-4,3-2-6-1-41-POc-kana-a-1,sengseng-kini-1,,,,4,26118,
3-2-6-1-41-POc-kana-a-1-5,3-2-6-1-41-POc-kana-a-1,bariai-ana-1,,,,5,26119,
3-2-6-1-41-POc-kana-a-1-6,3-2-6-1-41-POc-kana-a-1,lukep-kani-2,,,,6,26120,
3-2-6-1-41-POc-kana-a-1-7,3-2-6-1-41-POc-kana-a-1,bing-ani-1,,,,7,26121,
3-2-6-1-41-POc-kana-a-1-8,3-2-6-1-41-POc-kana-a-1,manam-ania-1,,,,8,26122,
3-2-6-1-41-POc-kana-a-1-9,3-2-6-1-41-POc-kana-a-1,mangseng-ani-1,,,,9,26123,
3-2-6-1-41-POc-kana-a-1-10,3-2-6-1-41-POc-kana-a-1,mengen-kani-1,,,,10,26124,
3-2-6-1-41-POc-kana-a-1-11,3-2-6-1-41-POc-kana-a-1,hote-ani-1,,,,11,26125,
3-2-6-1-41-POc-kana-a-1-12,3-2-6-1-41-POc-kana-a-1,ppt-kanikani-1,,,,12,26126,
3-2-6-1-41-POc-kana-a-1-13,3-2-6-1-41-POc-kana-a-1,misima-anan-1,,,,13,26127,
3-2-6-1-41-POc-kana-a-1-14,3-2-6-1-41-POc-kana-a-1,taboro-aniani-1,,,,14,26128,
3-2-6-1-41-POc-kana-a-1-15,3-2-6-1-41-POc-kana-a-1,taboro-ani-1,,,,15,26129,
3-2-6-1-41-POc-kana-a-1-16,3-2-6-1-41-POc-kana-a-1,hula-ani-1,,,,16,26130,
3-2-6-1-41-POc-kana-a-1-17,3-2-6-1-41-POc-kana-a-1,motu-aniani-1,,,,17,26131,
3-2-6-1-41-POc-kana-a-1-18,3-2-6-1-41-POc-kana-a-1,mekeo-aniani-1,,,,18,26132,
3-2-6-1-41-POc-kana-a-1-19,3-2-6-1-41-POc-kana-a-1,pmm-kinani-1,,,,19,26133,
3-2-6-1-41-POc-kana-a-1-20,3-2-6-1-41-POc-kana-a-1,nakanai-ilali-1,,,,20,26134,
3-2-6-1-41-POc-kana-a-1-21,3-2-6-1-41-POc-kana-a-1,patpatar-nian-1,,,15,21,26135,
3-2-6-1-41-POc-kana-a-1-22,3-2-6-1-41-POc-kana-a-1,ramoaaina-nian-1,,,,22,26136,
3-2-6-1-41-POc-kana-a-1-23,3-2-6-1-41-POc-kana-a-1,tolai-nian-1,,,,23,26137,
3-2-6-1-41-POc-kana-a-1-24,3-2-6-1-41-POc-kana-a-1,nehan-nieini-1,,,,24,26138,
3-2-6-1-41-POc-kana-a-1-25,3-2-6-1-41-POc-kana-a-1,roviana-inani-1,,,,25,26139,
3-2-6-1-41-POc-kana-a-1-26,3-2-6-1-41-POc-kana-a-1,pncv-kinaniana-1,,,,26,26140,
3-2-6-1-41-POc-kana-a-1-27,3-2-6-1-41-POc-kana-a-1,raga-inaaniana-1,,,,27,26141,
3-2-6-1-41-POc-kana-a-1-28,3-2-6-1-41-POc-kana-a-1,paamese-aniene-1,,,,28,26142,
3-2-6-1-41-POc-kana-a-1-29,3-2-6-1-41-POc-kana-a-1,lewo-kinaniena-1,,,,29,26143,
3-4-2-4-99-POc-wakar-a-1-1,3-4-2-4-99-POc-wakar-a-1,label-wakir-1,,,,1,26535,
3-4-2-11-123-POc-buliut-a-1-1,3-4-2-11-123-POc-buliut-a-1,arosi-buru-1,,,,1,26872,
3-5-3-2-133-POc-qateqate-a-1-1,3-5-3-2-133-POc-qateqate-a-1,pchk-adad-1,,,,1,26951,
3-5-3-2-133-POc-qateqate-a-1-2,3-5-3-2-133-POc-qateqate-a-1,mortlockese-tiyet-1,,,,2,26952,
3-5-3-2-133-POc-qateqate-a-1-3,3-5-3-2-133-POc-qateqate-a-1,chuukese-twt-1,,,,3,26953,
3-5-3-2-133-POc-qateqate-a-1-4,3-5-3-2-133-POc-qateqate-a-1,puluwatese-ytiyt-1,,,,4,26954,
3-5-3-2-133-POc-qateqate-a-1-5,3-5-3-2-133-POc-qateqate-a-1,satawalese-yatiyat-1,,,,5,26955,
3-5-3-2-133-POc-qateqate-a-1-6,3-5-3-2-133-POc-qateqate-a-1,ulithian-yay-1,,,,6,26956,
3-5-4-1-137-POc-biribiri-a-1-1,3-5-4-1-137-POc-biribiri-a-1,misima-bibiu-1,,,,1,27045,
3-5-4-1-137-POc-biribiri-a-1-2,3-5-4-1-137-POc-biribiri-a-1,rotuman-pipi-1,,,,2,27046,
3-5-4-1-140-PEOc-pakalo-a-1-1,3-5-4-1-140-PEOc-pakalo-a-1,lau-fakaso-1,,,,1,27123,
3-5-4-1-140-PEOc-pakalo-a-1-2,3-5-4-1-140-PEOc-pakalo-a-1,kwaraae-fakusu-1,,,,2,27124,
3-5-4-2-147-POc-ware-a-1-1,3-5-4-2-147-POc-ware-a-1,muyuw-weled-1,,,,1,27268,
3-5-4-2-147-POc-ware-a-1-2,3-5-4-2-147-POc-ware-a-1,lihir-yalyal-1,,,,2,27269,
3-5-4-2-147-POc-ware-a-1-3,3-5-4-2-147-POc-ware-a-1,sursurunga-walwal-1,,,,3,27270,
3-5-4-2-147-POc-ware-a-1-4,3-5-4-2-147-POc-ware-a-1,tangga-walwal-1,,,,4,27271,
3-5-4-2-147-POc-ware-a-1-5,3-5-4-2-147-POc-ware-a-1,mwotlap-awol-1,,,,5,27272,
3-5-4-2-147-POc-ware-a-1-6,3-5-4-2-147-POc-ware-a-1,southefate-nala-1,,,,6,27273,
3-5-5-3-154-POc-tamanu-a-1-1,3-5-5-3-154-POc-tamanu-a-1,kwaraae-kaumanu-1,,,,1,27399,
3-5-5-3-155-POc-dalo-a-1-1,3-5-5-3-155-POc-dalo-a-1,pcp-dilo-1,,,,1,27434,
3-5-5-3-155-POc-dalo-a-1-2,3-5-5-3-155-POc-dalo-a-1,bauanfijian-dilo-1,,,,2,27435,
3-5-5-3-155-POc-dalo-a-1-3,3-5-5-3-155-POc-dalo-a-1,wayan-dilo-1,,,,3,27436,
3-5-5-3-155-POc-dalo-a-1-4,3-5-5-3-155-POc-dalo-a-1,eastfutunan-tilo-1,,,18,4,27437,
3-5-5-3-155-POc-dalo-a-1-5,3-5-5-3-155-POc-dalo-a-1,takuu-tilo-1,,,,5,27438,
3-5-5-6-162-PPn-poumuli-a-1-1,3-5-5-6-162-PPn-poumuli-a-1,eastfutunan-poutea-1,,,,1,27566,
3-5-5-9-166-POc-qope-a-1-1,3-5-5-9-166-POc-qope-a-1,drehet-nip-1,,,,1,27648,
3-5-5-13-171-POc-qarop-a-1-1,3-5-5-13-171-POc-qarop-a-1,roviana-varo-1,,,,1,27762,
3-7-4-2-192-POc-mmasoqu-a-1-1,3-7-4-2-192-POc-mmasoqu-a-1,kwaraae-mudu-1,,,,1,27974,
3-7-4-2-192-POc-mmasoqu-a-1-2,3-7-4-2-192-POc-mmasoqu-a-1,rotuman-moskoy-1,,,,2,27975,
3-7-4-12-206-POc-pasarr-a-1-1,3-7-4-12-206-POc-pasarr-a-1,riwo-paiai-1,,,,1,28211,
3-7-4-12-206-POc-pasarr-a-1-2,3-7-4-12-206-POc-pasarr-a-1,takia-peari-1,,,,2,28212,
3-7-4-12-206-POc-pasarr-a-1-3,3-7-4-12-206-POc-pasarr-a-1,babatana-vadaka-1,,,,3,28213,
3-7-5-7-214-POc-paqu-a-1-1,3-7-5-7-214-POc-paqu-a-1,monoalu-lahai-1,,,,1,28328,
3-7-5-7-214-POc-paqu-a-1-2,3-7-5-7-214-POc-paqu-a-1,lau-faifai-1,,,,2,28329,
3-7-5-7-214-POc-paqu-a-1-3,3-7-5-7-214-POc-paqu-a-1,kwaraae-faefae-1,,,,3,28330,
3-7-5-7-214-POc-paqu-a-1-4,3-7-5-7-214-POc-paqu-a-1,kwaio-faefae-1,,,,4,28331,
3-7-5-10-220-PMM-tita-a-1-1,3-7-5-10-220-PMM-tita-a-1,babatana-lita-1,,,,1,28392,
3-7-6-1-226-PEOc-sinu-a-1-1,3-7-6-1-226-PEOc-sinu-a-1,babatana-zizinumesara-1,,,,1,28514,
3-7-6-1-226-PEOc-sinu-a-1-2,3-7-6-1-226-PEOc-sinu-a-1,nduke-zinu-1,,,,2,28515,
3-7-6-1-226-PEOc-sinu-a-1-3,3-7-6-1-226-PEOc-sinu-a-1,roviana-zinu-1,,,,3,28516,
3-7-6-1-226-PEOc-sinu-a-1-4,3-7-6-1-226-PEOc-sinu-a-1,marovo-sinu-1,,,,4,28517,
3-8-2-2-239-PCP-doi-a-1-1,3-8-2-2-239-PCP-doi-a-1,raga-dovae-1,,,,1,28708,
3-9-2-1-262-POc-pasepe-a-1-1,3-9-2-1-262-POc-pasepe-a-1,molima-atea-1,,,,1,29042,
3-9-2-1-262-POc-pasepe-a-1-2,3-9-2-1-262-POc-pasepe-a-1,dobu-katea-1,,,,2,29043,
3-9-2-1-262-POc-pasepe-a-1-3,3-9-2-1-262-POc-pasepe-a-1,duau-katea-1,,,,3,29044 29045,
3-9-2-1-262-POc-pasepe-a-1-4,3-9-2-1-262-POc-pasepe-a-1,auhelawa-ateya-1,,,,4,29046,
3-9-2-1-262-POc-pasepe-a-1-5,3-9-2-1-262-POc-pasepe-a-1,saliba-katea-1,,,,5,29047,
3-9-2-1-262-POc-pasepe-a-1-6,3-9-2-1-262-POc-pasepe-a-1,tubetube-katea-1,,,,6,29048,
3-9-2-1-262-POc-patika-a-1-1,3-9-2-1-262-POc-patika-a-1,chuukese-pereka-1,,,,1,29061,
3-9-2-1-263-PWOc-kamisa-a-1-1,3-9-2-1-263-PWOc-kamisa-a-1,southefate-nam-1,,,,1,29070,
3-9-2-1-264-PWOc-mamisa-a-1-1,3-9-2-1-264-PWOc-mamisa-a-1,wayan-mami-1,,,,1,29075,
3-9-2-1-264-PROc-damu-a-1-1,3-9-2-1-264-PROc-damu-a-1,wayan-damuni-1,,,,1,29103,
3-9-3-None-279-POc-baqun-a-1-1,3-9-3-None-279-POc-baqun-a-1,mato-baup-1,,,,1,29327,
3-10-3-2-301-PWOc-tabuqar-a-1-1,3-10-3-2-301-PWOc-tabuqar-a-1,motu-tabogana-1,,,,1,29634,
3-10-4-1-305-POc-bakga-a-1-1,3-10-4-1-305-POc-bakga-a-1,mussau-paka-1,,,,1,29713,
3-10-4-1-305-POc-bakga-a-1-2,3-10-4-1-305-POc-bakga-a-1,mussau-bagalaim-1,,,,2,29714,
3-10-4-1-305-POc-bakga-a-1-3,3-10-4-1-305-POc-bakga-a-1,titan-bagabak-1,,,,3,29715,
3-10-4-1-305-POc-bakga-a-1-4,3-10-4-1-305-POc-bakga-a-1,tolai-baga-1,,,,4,29716,
3-11-2-1-315-POc-kaari-a-1-1,3-11-2-1-315-POc-kaari-a-1,marshallese-kaal-1,,,,1,29840,
3-11-2-4-326-POc-qatv-a-1-1,3-11-2-4-326-POc-qatv-a-1,nehan-kasasas-1,,,,1,29994,
3-11-2-5-332-POc-mana-a-1-1,3-11-2-5-332-POc-mana-a-1,maisin-mogi-1,,,22,1,30102,
3-11-2-5-332-POc-mana-a-1-2,3-11-2-5-332-POc-mana-a-1,kosraean-me-1,,,,2,30103,
3-11-2-5-332-POc-mana-a-1-3,3-11-2-5-332-POc-mana-a-1,marshallese-ma-1,,,,3,30104,
3-11-2-5-332-POc-mana-a-1-4,3-11-2-5-332-POc-mana-a-1,chuukese-m-3,,,,4,30105,
3-11-2-5-332-POc-mana-a-1-5,3-11-2-5-332-POc-mana-a-1,woleaian-mau-1,,,,5,30106,
3-11-3-3-340-POc-iubu-a-1-1,3-11-3-3-340-POc-iubu-a-1,lengo-tebu-1,,,,1,30239,
3-11-3-3-340-POc-iubu-a-1-2,3-11-3-3-340-POc-iubu-a-1,toabaita-tebu-1,,,,2,30240,
3-11-3-3-340-POc-iubu-a-1-3,3-11-3-3-340-POc-iubu-a-1,tamambo-tabea-1,,,,3,30241,
3-11-3-3-340-POc-iubu-a-1-4,3-11-3-3-340-POc-iubu-a-1,apma-tabi-1,,,,4,30242,
3-11-3-4-342-PWOc-kasuwai-a-1-1,3-11-3-4-342-PWOc-kasuwai-a-1,westguadalcanal-oai-1,,,,1,30272,
3-11-3-4-342-PWOc-kasuwai-a-1-2,3-11-3-4-342-PWOc-kasuwai-a-1,longgu-eai-1,,,,2,30273,
3-11-3-4-342-PWOc-kasuwai-a-1-3,3-11-3-4-342-PWOc-kasuwai-a-1,arosi-ai-4,,,,3,30274,
3-11-3-4-342-PWOc-kasuwai-a-1-4,3-11-3-4-342-PWOc-kasuwai-a-1,fagani-ai-1,,,,4,30275,
3-11-3-7-350-POc-mariasapa-a-1-1,3-11-3-7-350-POc-mariasapa-a-1,nehan-mariah-1,,,,1,30455,
3-11-4-2-352-PWOc-lapuka-a-1-1,3-11-4-2-352-PWOc-lapuka-a-1,kwaraae-rakana-1,,,,1,30478,
3-11-4-2-352-PWOc-lapuka-a-1-2,3-11-4-2-352-PWOc-lapuka-a-1,araki-levu-1,,,,2,30479,
3-12-3-4-364-POc-kulu-a-1-1,3-12-3-4-364-POc-kulu-a-1,kuni-ololo-1,,,,1,30580,
3-12-3-4-364-POc-kulu-a-1-2,3-12-3-4-364-POc-kulu-a-1,roro-kurokuro-1,,,,2,30581,
3-12-3-5-366-POc-taba-a-1-1,3-12-3-5-366-POc-taba-a-1,westfutunan-tafa-1,,,,1,30605,
3-12-3-5-366-POc-taba-a-1-2,3-12-3-5-366-POc-taba-a-1,eastuvean-tafa-1,,,,2,30606,
3-12-3-5-366-POc-taba-a-1-3,3-12-3-5-366-POc-taba-a-1,emae-tafa-1,,,,3,30607,
3-12-3-5-366-POc-taba-a-1-4,3-12-3-5-366-POc-taba-a-1,tikopia-tafa-1,,,,4,30608,
3-12-5-1-380-POc-usiri-a-1-1,3-12-5-1-380-POc-usiri-a-1,iduna-didina-1,,,,1,30874,
3-12-5-1-380-PWOc-pagal-a-1-1,3-12-5-1-380-PWOc-pagal-a-1,vaghua-pagara-1,,,,1,30882,
3-12-5-1-380-PWOc-pagal-a-1-2,3-12-5-1-380-PWOc-pagal-a-1,varisi-pagara-1,,,,2,30883,
3-12-5-1-380-PWOc-pagal-a-1-3,3-12-5-1-380-PWOc-pagal-a-1,ririo-pagareve-1,,,,3,30884,
3-12-5-1-381-POc-suluq-a-1-1,3-12-5-1-381-POc-suluq-a-1,bauanfijian-suluka-1,,,,1,30925,
3-12-5-1-381-POc-suluq-a-1-2,3-12-5-1-381-POc-suluq-a-1,samoan-sului-1,,,,2,30926,
3-12-5-1-382-POc-ramar-a-1-1,3-12-5-1-382-POc-ramar-a-1,misima-dam-1,,,,1,30939,
3-12-5-1-383-POc-balapbaq-a-1-1,3-12-5-1-383-POc-balapbaq-a-1,rotuman-parafa-1,,,,1,30951,
3-12-5-1-383-POc-sasari-a-1-1,3-12-5-1-383-POc-sasari-a-1,wayan-sasa-1,,,,1,30957,
3-13-2-1-390-POc-topu-a-1-1,3-13-2-1-390-POc-topu-a-1,marshallese-taw-1,,,,1,31052,
3-13-2-2-395-PMM-siqarra-a-1-1,3-13-2-2-395-PMM-siqarra-a-1,marovo-hirata-1,,,,1,31114,
3-13-6-4-418-PWOc-marre-a-1-1,3-13-6-4-418-PWOc-marre-a-1,anejom-namra-1,,,,1,31472,
3-13-6-4-418-PWOc-marre-a-1-2,3-13-6-4-418-PWOc-marre-a-1,wayan-ali-1,,,,2,31473,
3-13-6-4-419-POc-kariqa-a-1-1,3-13-6-4-419-POc-kariqa-a-1,vitu-karia-1,,,,1,31545,
2-3-2-1-40-POc-panua-a-1-1,2-3-2-1-40-POc-panua-a-1,kilivila-vilouwokuvavalu-1,,,,1,31632,
2-3-2-1-40-POc-panua-a-1-2,2-3-2-1-40-POc-panua-a-1,kilivila-kabinaivalu-1,,,,2,31633,
2-3-2-1-40-POc-panua-a-1-3,2-3-2-1-40-POc-panua-a-1,saa-henuehu-1,,,,3,31634,
2-3-2-1-40-POc-panua-a-1-4,2-3-2-1-40-POc-panua-a-1,saa-tolonahenue-1,,,,4,31635,
2-3-2-1-40-POc-panua-a-1-5,2-3-2-1-40-POc-panua-a-1,wayan-udunivanua-1,,,,5,31636,
2-3-2-1-40-POc-panua-a-1-6,2-3-2-1-40-POc-panua-a-1,bauanfijian-vanualiwa-1,,,,6,31637,
2-3-2-1-40-POc-panua-a-1-7,2-3-2-1-40-POc-panua-a-1,anutan-puapenua-1,,,,7,31638,
2-3-2-1-40-POc-panua-a-1-8,2-3-2-1-40-POc-panua-a-1,tongan-fonualahi-1,,,,8,31639,
2-3-2-1-40-POc-panua-a-2-1,2-3-2-1-40-POc-panua-a-2,manam-anuaizara-1,,,,1,31640,
2-3-2-1-40-POc-panua-a-2-2,2-3-2-1-40-POc-panua-a-2,manam-anuaidaradara-1,,,,2,31641,
2-3-2-1-40-POc-panua-a-2-3,2-3-2-1-40-POc-panua-a-2,motu-hanuaboi-2,,,,3,31642,
2-3-2-1-40-POc-panua-a-2-4,2-3-2-1-40-POc-panua-a-2,lau-fanuagari-1,,,,4,31643,
2-3-2-1-40-POc-panua-a-2-5,2-3-2-1-40-POc-panua-a-2,lau-fanuasato-1,,,,5,31644,
2-3-2-1-40-POc-panua-a-2-6,2-3-2-1-40-POc-panua-a-2,bauanfijian-boinavanua-1,,,,6,31645,
2-3-2-1-40-POc-panua-a-2-7,2-3-2-1-40-POc-panua-a-2,bauanfijian-sianavanua-1,,,,7,31646,
2-3-2-1-40-POc-panua-a-2-8,2-3-2-1-40-POc-panua-a-2,rennellese-henuapo-1,,,,8,31647,
2-3-2-1-41-POc-tanoq-a-1-1,2-3-2-1-41-POc-tanoq-a-1,gedaged-tanwululu-1,,,,1,31656,
2-3-2-1-41-POc-tanoq-a-1-2,2-3-2-1-41-POc-tanoq-a-1,gedaged-tanfufulek-1,,,,2,31657,
2-3-2-1-41-POc-tanoq-a-1-3,2-3-2-1-41-POc-tanoq-a-1,minaveha-tanobigana-1,,,,3,31658,
2-3-2-1-41-POc-tanoq-a-1-4,2-3-2-1-41-POc-tanoq-a-1,motu-tanobada-1,,,,4,31659,
2-3-2-1-41-POc-tanoq-a-1-5,2-3-2-1-41-POc-tanoq-a-1,saa-anohu-1,,,,5,31660,
2-3-2-1-41-POc-tanoq-a-1-6,2-3-2-1-41-POc-tanoq-a-1,arosi-anosada-1,,,,6,31661,
2-3-2-1-41-POc-tanoq-a-1-7,2-3-2-1-41-POc-tanoq-a-1,arosi-anomamata-1,,,,7,31662,
2-3-3-1-44-POc-bbiker-a-1-1,2-3-3-1-44-POc-bbiker-a-1,adzera-i-1,,,,1,31732,
2-3-3-1-44-POc-bbiker-a-1-2,2-3-3-1-44-POc-bbiker-a-1,dangal-gik-1,,,,2,31733,
2-3-3-1-44-POc-bbiker-a-1-3,2-3-3-1-44-POc-bbiker-a-1,yabem-ge-1,,,,3,31734,
2-3-3-1-44-POc-bbiker-a-1-4,2-3-3-1-44-POc-bbiker-a-1,kaiwa-gielk-1,,,,4,31735,
2-3-3-1-44-POc-bbiker-a-1-5,2-3-3-1-44-POc-bbiker-a-1,misim-ek-1,,,,5,31736,
2-3-3-1-44-POc-bbiker-a-1-6,2-3-3-1-44-POc-bbiker-a-1,vehes-ek-1,,,,6,31737,
2-3-3-1-44-POc-bbiker-a-1-7,2-3-3-1-44-POc-bbiker-a-1,patep-ek-1,,,,7,31738,
2-3-4-2-52-POc-salil-a-1-1,2-3-4-2-52-POc-salil-a-1,yabem-sali-1,,,,1,31945,
2-3-5-2-57-POc-gkopu-a-1-1,2-3-5-2-57-POc-gkopu-a-1,nduke-kou-2,,,,1,32046,
2-3-8-2-72-POc-aliton-a-1-1,2-3-8-2-72-POc-aliton-a-1,tami-kalit-1,,,,1,32442,
2-3-8-2-72-POc-aliton-a-1-2,2-3-8-2-72-POc-aliton-a-1,dami-galit-1,,,,2,32443,
2-3-8-2-72-POc-aliton-a-1-3,2-3-8-2-72-POc-aliton-a-1,ulausuain-yalit-1,,,,3,32444,
2-3-8-2-74-PROc-malala-a-1-1,2-3-8-2-74-PROc-malala-a-1,bareke-galala-1,,,,1,32486,
2-3-8-2-74-PROc-malala-a-1-2,2-3-8-2-74-PROc-malala-a-1,vangunu-galala-1,,,,2,32487,
2-3-8-2-74-PROc-malala-a-1-3,2-3-8-2-74-PROc-malala-a-1,babatana-gala-1,,,,3,32488,
2-3-8-2-74-PROc-malala-a-1-4,2-3-8-2-74-PROc-malala-a-1,rotuman-mahala-1,,,,4,32489,
2-3-8-3-76-POc-kgabu-a-1-1,2-3-8-3-76-POc-kgabu-a-1,dami-kau-1,,,,1,32549,
2-3-8-3-76-POc-kgabu-a-1-2,2-3-8-3-76-POc-kgabu-a-1,tolai-kabu-1,,,,2,32550,
2-3-8-3-76-POc-kgabu-a-1-3,2-3-8-3-76-POc-kgabu-a-1,bauanfijian-buka-1,,,,3,32551,
2-3-8-3-77-POc-bula-a-1-1,2-3-8-3-77-POc-bula-a-1,ppn-mula-1,,,,1,32565,
2-3-8-3-77-POc-bula-a-1-2,2-3-8-3-77-POc-bula-a-1,niuean-mumula-1,,,,2,32566,
2-3-8-3-77-POc-bula-a-1-3,2-3-8-3-77-POc-bula-a-1,maori-mura-1,,,,3,32567,
2-3-8-3-77-POc-bula-a-1-4,2-3-8-3-77-POc-bula-a-1,maori-muramura-1,,,,4,32568,
2-3-8-3-77-POc-bula-a-1-5,2-3-8-3-77-POc-bula-a-1,rarotongan-mura-1,,,,5,32569,
2-3-8-3-77-POc-bula-a-1-6,2-3-8-3-77-POc-bula-a-1,ppn-pula-2,,,,6,32570,
2-3-8-3-77-POc-bula-a-1-7,2-3-8-3-77-POc-bula-a-1,niuean-pula-1,,,,7,32571,
2-3-8-3-77-POc-bula-a-1-8,2-3-8-3-77-POc-bula-a-1,samoan-pula-1,,,,8,32572,
2-3-8-3-77-POc-bula-a-1-9,2-3-8-3-77-POc-bula-a-1,samoan-pupula-1,,,,9,32573,
2-3-8-4-79-PCP-kobulu-a-1-1,2-3-8-4-79-PCP-kobulu-a-1,ughele-ambuzu-1,,,,1,32628,
2-3-8-4-79-PCP-kobulu-a-1-2,2-3-8-4-79-PCP-kobulu-a-1,ajie-kemru-1,,,,2,32629,
2-3-8-4-79-POc-mayaniapi-a-1-1,2-3-8-4-79-POc-mayaniapi-a-1,kilivila-mayelakova-1,,,,1,32638,
2-3-8-4-79-POc-mayaniapi-a-1-2,2-3-8-4-79-POc-mayaniapi-a-1,takia-yaibalena-1,,,,2,32639,
2-3-8-4-79-POc-mayaniapi-a-1-3,2-3-8-4-79-POc-mayaniapi-a-1,maposbuang-daen-1,,,,3,32640 32641,
2-3-8-4-79-POc-mayaniapi-a-1-4,2-3-8-4-79-POc-mayaniapi-a-1,kwamera-naminapw-1,,,,4,32642,
2-3-8-4-80-PEOc-maka-a-1-1,2-3-8-4-80-PEOc-maka-a-1,arosi-magaraha-1,,,,1,32663,
2-3-9-2-83-POc-drikedrike-a-1-1,2-3-9-2-83-POc-drikedrike-a-1,molima-maniinii-1,,,,1,32701,
2-4-2-2-95-PEOc-tasikmate-a-1-1,2-4-2-2-95-PEOc-tasikmate-a-1,tongan-matemate-1,,,,1,32939,
2-4-2-4-100-POc-bayau-a-1-1,2-4-2-4-100-POc-bayau-a-1,dami-uyau-1,,,,1,33073,
2-4-2-5-101-POc-busa-a-1-1,2-4-2-5-101-POc-busa-a-1,samoan-pusa-1,,,,1,33101,
2-4-2-5-101-POc-busa-a-1-2,2-4-2-5-101-POc-busa-a-1,tongan-pupuha-1,,,,2,33102,
2-6-5-2-171-POc-buluq-a-1-1,2-6-5-2-171-POc-buluq-a-1,gela-buruburu-1,,,,1,34485,
2-6-5-2-175-PChk-mailapa-a-1-1,2-6-5-2-175-PChk-mailapa-a-1,marshallese-mclp-1,,,,1,34534,
2-6-5-2-177-PChk-ukulik-a-1-1,2-6-5-2-177-PChk-ukulik-a-1,marshallese-lkanlakeke-1,,,,1,34576,
2-7-2-None-197-POc-lapuat-a-1-1,2-7-2-None-197-POc-lapuat-a-1,maposbuang-levk-1,,,,1,34721,
2-7-2-None-197-POc-lapuat-a-1-2,2-7-2-None-197-POc-lapuat-a-1,patep-lvak-1,,,,2,34722,
2-7-5-1-218-POc-rabar-a-1-1,2-7-5-1-218-POc-rabar-a-1,tongan-lafalafa-1,,,,1,35210,
2-7-5-1-218-POc-rabar-a-1-2,2-7-5-1-218-POc-rabar-a-1,samoan-lafalafa-1,,,,2,35211,
2-7-5-1-219-POc-tonuq-a-1-1,2-7-5-1-219-POc-tonuq-a-1,mangap-dudu-1,,,,1,25383,
2-7-5-1-219-POc-tonuq-a-1-2,2-7-5-1-219-POc-tonuq-a-1,malai-dunua-1,,,,2,25384,
2-7-5-1-219-POc-tonuq-a-1-3,2-7-5-1-219-POc-tonuq-a-1,bugotu-jino-1,,,,3,25385,
2-7-5-1-219-POc-tonuq-a-1-4,2-7-5-1-219-POc-tonuq-a-1,mota-nun-1,,,,4,25386,
2-7-5-1-219-POc-tonuq-a-1-5,2-7-5-1-219-POc-tonuq-a-1,kwamera-atun-1,,,,5,25387,
2-7-5-1-219-POc-tonuq-a-1-6,2-7-5-1-219-POc-tonuq-a-1,bauanfijian-donu-1,,,,6,25388,
2-7-5-1-219-POc-tonuq-a-1-7,2-7-5-1-219-POc-tonuq-a-1,wayan-donu-1,,,,7,25389,
2-7-5-6-227-POc-marao-a-1-1,2-7-5-6-227-POc-marao-a-1,niuean-mao-2,,,,1,9893,
2-7-5-6-227-POc-marao-a-1-2,2-7-5-6-227-POc-marao-a-1,samoan-mao-2,,,,2,9894,
2-8-2-2-242-POc-atas-a-1-1,2-8-2-2-242-POc-atas-a-1,solos-yas-1,,,,1,35588,
2-8-2-2-242-POc-atas-a-1-2,2-8-2-2-242-POc-atas-a-1,solos-iyas-1,,,,2,35589,
2-8-2-2-242-POc-atas-a-1-3,2-8-2-2-242-POc-atas-a-1,petats-iyas-1,,,,3,35590,
2-8-2-2-242-POc-atas-a-1-4,2-8-2-2-242-POc-atas-a-1,petats-yas-1,,,,4,35591,
2-8-2-2-242-POc-atas-a-1-5,2-8-2-2-242-POc-atas-a-1,halia-iyasa-1,,,,5,35592,
2-8-2-2-242-POc-atas-a-1-6,2-8-2-2-242-POc-atas-a-1,halia-palyasa-1,,,,6,35593,
2-8-2-2-242-POc-atas-a-1-7,2-8-2-2-242-POc-atas-a-1,selau-iyasa-1,,,,7,35594,
2-8-2-2-242-POc-atas-a-1-8,2-8-2-2-242-POc-atas-a-1,taiof-yas-1,,,,8,35595,
2-8-2-2-244-POc-liwa-a-1-1,2-8-2-2-244-POc-liwa-a-1,minigir-nalua-1,,,,1,35639,
2-8-2-2-244-POc-liwa-a-1-2,2-8-2-2-244-POc-liwa-a-1,tolai-nalua-1,,,,2,35640,
2-8-2-2-244-POc-liwa-a-1-3,2-8-2-2-244-POc-liwa-a-1,lenakel-ilua-1,,,,3,35641,
2-8-2-2-244-POc-liwa-a-1-4,2-8-2-2-244-POc-liwa-a-1,kwamera-irua-1,,,,4,35642,
2-8-2-3-254-POc-papara-a-1-1,2-8-2-3-254-POc-papara-a-1,rauto-vava-2,,,,1,35899,
2-8-2-3-254-POc-papara-a-1-2,2-8-2-3-254-POc-papara-a-1,mengen-vava-2,,,,2,35900,
2-8-2-3-254-POc-papara-a-1-3,2-8-2-3-254-POc-papara-a-1,mengen-vava-2,,,,3,35900,
2-8-2-3-254-POc-papara-a-1-4,2-8-2-3-254-POc-papara-a-1,sobei-popa-1,,,,4,14917,
2-8-2-3-254-POc-papara-a-1-5,2-8-2-3-254-POc-papara-a-1,kwaio-baba-2,,,,5,35901,
2-8-2-3-254-POc-papara-a-1-6,2-8-2-3-254-POc-papara-a-1,lau-baba-1,,,,6,35902,
2-8-2-3-254-POc-papara-a-1-7,2-8-2-3-254-POc-papara-a-1,arosi-baba-2,,,,7,35903,
2-8-2-3-254-POc-papara-a-1-8,2-8-2-3-254-POc-papara-a-1,bauanfijian-baba-1,,,,8,35904,
2-8-2-3-255-POc-bali-a-1-1,2-8-2-3-255-POc-bali-a-1,motu-badinai-1,,,,1,35923,
2-8-2-3-263-POc-takuru-a-1-1,2-8-2-3-263-POc-takuru-a-1,areare-kokoru-1,,,,1,36151,
2-8-2-3-263-POc-takuru-a-1-2,2-8-2-3-263-POc-takuru-a-1,saa-kokolu-1,,,,2,36152,
2-9-3-3-327-POc-naboi-a-1-1,2-9-3-3-327-POc-naboi-a-1,kairiru-rabu-1,,,,1,37077,
2-9-3-3-327-POc-naboi-a-1-2,2-9-3-3-327-POc-naboi-a-1,hote-wakbuk-1,,,,2,37078,
2-9-3-3-327-POc-naboi-a-1-3,2-9-3-3-327-POc-naboi-a-1,tawala-pom-1,,,,3,37079,
2-9-3-3-327-POc-naboi-a-1-4,2-9-3-3-327-POc-naboi-a-1,siar-labu-1,,,,4,37080,
2-9-3-3-327-POc-naboi-a-1-5,2-9-3-3-327-POc-naboi-a-1,hahon-robon-1,,,,5,37081,
2-9-3-3-327-POc-naboi-a-1-6,2-9-3-3-327-POc-naboi-a-1,gela-iboi-1,,,,6,37082,
2-9-3-3-327-POc-naboi-a-1-7,2-9-3-3-327-POc-naboi-a-1,portsandwich-xibo-1,,,,7,37083,
2-9-3-3-327-POc-naboi-a-1-8,2-9-3-3-327-POc-naboi-a-1,labo-lobun-1,,,,8,37084,
2-9-3-3-328-POc-irapi-a-1-1,2-9-3-3-328-POc-irapi-a-1,longgu-alavi-1,,,,1,37104,
2-9-3-3-328-POc-irapi-a-1-2,2-9-3-3-328-POc-irapi-a-1,wayan-niavi-1,,,,2,37105,
2-9-3-3-330-POc-maraqani-a-1-1,2-9-3-3-330-POc-maraqani-a-1,longgu-dani-1,,,,1,37138,
2-9-3-3-330-POc-maraqani-a-1-2,2-9-3-3-330-POc-maraqani-a-1,saa-ideni-1,,,,2,37139,
2-9-3-3-330-POc-maraqani-a-1-3,2-9-3-3-330-POc-maraqani-a-1,areare-itani-1,,,,3,37140,
2-9-3-3-330-POc-maraqani-a-1-4,2-9-3-3-330-POc-maraqani-a-1,sakao-lakren-1,,,,4,37141,
2-9-3-3-330-POc-maraqani-a-1-5,2-9-3-3-330-POc-maraqani-a-1,portsandwich-pean-1,,,,5,37142,
6-2-4-1-96-POc-wawa-a-1-1,6-2-4-1-96-POc-wawa-a-1,tuam-waa-1,,,,1,37762,
6-2-4-1-96-POc-wawa-a-1-2,6-2-4-1-96-POc-wawa-a-1,iduna-au-1,,,,2,37763,
6-2-4-1-96-POc-wawa-a-1-3,6-2-4-1-96-POc-wawa-a-1,sudest-a-2,,,,3,37764,
6-2-4-1-99-POc-natu-a-1-1,6-2-4-1-99-POc-natu-a-1,loniu-ntu-1,,,,1,37864,
6-2-4-1-99-POc-natu-a-1-2,6-2-4-1-99-POc-natu-a-1,bipi-nato-1,,,,2,37865,
6-2-4-1-99-POc-natu-a-1-3,6-2-4-1-99-POc-natu-a-1,roinji-nanu-1,,,,3,37866,
6-2-4-1-99-POc-natu-a-1-4,6-2-4-1-99-POc-natu-a-1,takia-nanu-1,,,,4,37867,
6-2-4-1-102-POc-qalawa-a-1-1,6-2-4-1-102-POc-qalawa-a-1,nakanai-hala-1,,,,1,37921,
6-2-4-1-103-POc-pascu-a-1-1,6-2-4-1-103-POc-pascu-a-1,wayan-batuvu-1,,,,1,37933,
6-2-4-1-103-POc-pascu-a-1-2,6-2-4-1-103-POc-pascu-a-1,tavuki-vatuvu-1,,,,2,37934,
6-2-4-1-103-POc-pascu-a-1-3,6-2-4-1-103-POc-pascu-a-1,tokatoka-vatuvu-1,,,,3,37935,
6-2-4-1-109-POc-bubui-a-1-1,6-2-4-1-109-POc-bubui-a-1,longana-bui-1,,,,1,38097,
6-2-4-1-109-POc-bubui-a-1-2,6-2-4-1-109-POc-bubui-a-1,wusi-pui-1,,,,2,38098,
6-2-4-1-109-POc-bubui-a-1-3,6-2-4-1-109-POc-bubui-a-1,merei-rabui-1,,,,3,38099,
6-2-4-1-109-POc-bubui-a-1-4,6-2-4-1-109-POc-bubui-a-1,akei-bi-1,,,,4,38100,
6-2-4-1-110-POc-makubu-a-1-1,6-2-4-1-110-POc-makubu-a-1,bwaidoga-kubu-1,,,,1,38140,
6-2-4-1-110-POc-makubu-a-1-2,6-2-4-1-110-POc-makubu-a-1,iduna-kubu-1,,,,2,38141,
6-2-4-1-116-POc-kaka-a-1-1,6-2-4-1-116-POc-kaka-a-1,bugotu-kaka-1,,,,1,38297,
6-2-4-1-118-POc-papine-a-1-1,6-2-4-1-118-POc-papine-a-1,anejom-natahen-1,,,,1,38340,
6-2-4-1-120-PNCal-mane-a-1-1,6-2-4-1-120-PNCal-mane-a-1,satawalese-mnennap-1,,,,1,38378,
6-2-4-1-120-PNCal-mane-a-1-2,6-2-4-1-120-PNCal-mane-a-1,carolinian-mlellap-1,,,,2,38379,
6-2-4-1-120-PNCal-mane-a-1-3,6-2-4-1-120-PNCal-mane-a-1,woleaian-malennape-1,,,,3,38380,
6-2-4-1-120-PNCal-mane-a-1-4,6-2-4-1-120-PNCal-mane-a-1,ulithian-mallapa-1,,,,4,38381,
6-2-4-1-122-PNGOc-lipu-a-1-1,6-2-4-1-122-PNGOc-lipu-a-1,vitu-livuka-1,,,,1,38447,
6-2-4-2-134-PNCV-balika-a-1-1,6-2-4-2-134-PNCV-balika-a-1,toabaita-kalia-1,,,,1,38723,
6-4-2-2-154-PCPPPn-sau-a-1-1,6-4-2-2-154-PCPPPn-sau-a-1,rotuman-sau-1,,,,1,38854 38855 38856,
6-4-2-2-154-PCPPPn-sau-a-1-2,6-4-2-2-154-PCPPPn-sau-a-1,rennellese-sau-1,,,,2,38857,
6-5-4-None-181-POc-pera-a-1-1,6-5-4-None-181-POc-pera-a-1,pncv-vareqa-1,,,4,1,39013,
6-5-4-None-181-POc-pera-a-1-2,6-5-4-None-181-POc-pera-a-1,mota-varea-1,,,,2,8469,
6-5-4-None-181-POc-pera-a-1-3,6-5-4-None-181-POc-pera-a-1,nokuku-varea-1,,,,3,39014,
6-5-4-None-181-POc-pera-a-1-4,6-5-4-None-181-POc-pera-a-1,namakir-vare-1,,,,4,39015,
6-5-4-None-181-POc-pera-a-1-5,6-5-4-None-181-POc-pera-a-1,uripiv-varea-1,,,,5,39016,
6-5-4-None-181-POc-pera-a-1-6,6-5-4-None-181-POc-pera-a-1,nguna-varea-1,,,,6,39017,
6-5-4-None-182-POc-malaqai-a-1-1,6-5-4-None-182-POc-malaqai-a-1,tangga-male-1,,,,1,39044,
6-5-4-None-182-POc-malaqai-a-1-2,6-5-4-None-182-POc-malaqai-a-1,tangga-malelil-1,,,,2,39045,
6-5-4-None-182-POc-malaqai-a-1-3,6-5-4-None-182-POc-malaqai-a-1,tangga-mali-1,,,,3,39046,
6-5-4-None-182-POc-malaqai-a-1-4,6-5-4-None-182-POc-malaqai-a-1,kiribati-marae-1,,,,4,39047,
6-6-2-2-198-POc-qaur-a-1-1,6-6-2-2-198-POc-qaur-a-1,tolo-hau-1,,,,1,39139 39140,
6-6-2-2-200-POc-paus-a-1-1,6-6-2-2-200-POc-paus-a-1,puluwatese-yain-1,,,,1,39179,
6-6-2-2-200-POc-paus-a-1-2,6-6-2-2-200-POc-paus-a-1,chuukese-aun-1,,,,2,39180,
6-6-2-2-200-POc-paus-a-1-3,6-6-2-2-200-POc-paus-a-1,rotuman-fafau-1,,,,3,39181,
6-6-2-2-200-POc-paus-a-1-4,6-6-2-2-200-POc-paus-a-1,ppn-fao-2,,,,4,39182,
6-6-2-2-200-POc-paus-a-1-5,6-6-2-2-200-POc-paus-a-1,tongan-faofao-1,,,,5,39183,
6-6-2-2-200-POc-paus-a-1-6,6-6-2-2-200-POc-paus-a-1,westfutunan-fao-1,,,,6,39184,
6-6-2-2-200-POc-paus-a-1-7,6-6-2-2-200-POc-paus-a-1,ifiramele-fao-1,,,,7,39185,
6-6-2-2-200-POc-paus-a-1-8,6-6-2-2-200-POc-paus-a-1,maori-fao-3,,,,8,39186,
6-6-2-2-200-POc-paus-a-1-9,6-6-2-2-200-POc-paus-a-1,hawaiian-hano-1,,,,9,39187,
6-6-2-5-202-PEOc-parage-a-1-1,6-6-2-5-202-PEOc-parage-a-1,kove-paloko-1,,,,1,39203,
6-6-2-5-202-PEOc-parage-a-1-2,6-6-2-5-202-PEOc-parage-a-1,nakanai-gologolo-1,,,,2,39204,
6-6-2-7-204-POc-koko-a-1-1,6-6-2-7-204-POc-koko-a-1,halia-koko-1,,,,1,39223,
6-6-2-7-204-POc-koko-a-1-2,6-6-2-7-204-POc-koko-a-1,hahon-kokoo-1,,,4,2,39224,
6-6-2-7-204-POc-garamut-a-1-1,6-6-2-7-204-POc-garamut-a-1,mota-kore-1,,,,1,39236,
6-6-2-7-204-POc-garamut-a-1-2,6-6-2-7-204-POc-garamut-a-1,loh-kor-1,,,,2,39237,
6-6-2-7-204-POc-garamut-a-1-3,6-6-2-7-204-POc-garamut-a-1,mwotlap-nkj-1,,,,3,39238,
6-6-2-7-204-POc-garamut-a-1-4,6-6-2-7-204-POc-garamut-a-1,kiai-kore-1,,,,4,39239,
6-6-2-7-205-POc-rali-a-1-1,6-6-2-7-205-POc-rali-a-1,tongan-lali-1,,,,1,9396,
6-6-2-7-205-POc-rali-a-1-2,6-6-2-7-205-POc-rali-a-1,samoan-lali-1,,,,2,39247,
6-6-2-7-205-POc-rali-a-1-3,6-6-2-7-205-POc-rali-a-1,tuvalu-lali-1,,,,3,39248,
6-6-3-1-208-POc-wari-a-1-1,6-6-3-1-208-POc-wari-a-1,mengen-walu-1,,,7,1,39264,
6-6-3-1-208-POc-wari-a-1-2,6-6-3-1-208-POc-wari-a-1,bwaidoga-keli-1,,,,2,39265,
6-6-3-1-208-POc-kanam-a-1-1,6-6-3-1-208-POc-kanam-a-1,motu-ane-1,,,,1,39273,
6-6-3-1-208-POc-kanam-a-1-2,6-6-3-1-208-POc-kanam-a-1,kwaio-gana-1,,,,2,39274,
6-6-3-1-208-POc-kanam-a-1-3,6-6-3-1-208-POc-kanam-a-1,kwaio-ganafali-1,,,,3,39275,
6-6-3-1-208-POc-kanam-a-1-4,6-6-3-1-208-POc-kanam-a-1,toabaita-kana-1,,,,4,39276 39277,
6-6-3-1-208-POc-kanam-a-1-5,6-6-3-1-208-POc-kanam-a-1,arosi-gana-1,,,,5,39278,
6-6-3-2-209-POc-rai-a-1-1,6-6-3-2-209-POc-rai-a-1,mota-lea-1,,,,1,39296,
6-6-3-2-209-POc-rai-a-1-2,6-6-3-2-209-POc-rai-a-1,raga-lea-1,,,,2,39297,
6-6-3-2-209-POc-rai-a-1-3,6-6-3-2-209-POc-rai-a-1,uripiv-nale-2,,,,3,39298,
6-6-3-2-209-POc-rai-a-1-4,6-6-3-2-209-POc-rai-a-1,nguna-lea-1,,,,4,39299,
6-6-3-2-210-PChk-uru-a-1-1,6-6-3-2-210-PChk-uru-a-1,carolinian-ukkuru-1,,,,1,39318 39319,
6-6-3-2-210-PChk-uru-a-1-2,6-6-3-2-210-PChk-uru-a-1,marshallese-kkure-1,,,,2,39320,
6-6-3-2-211-PPn-siwa-a-1-1,6-6-3-2-211-PPn-siwa-a-1,loh-hawa-1,,,,1,39333,
6-6-3-2-211-PPn-siwa-a-1-2,6-6-3-2-211-PPn-siwa-a-1,mota-sawa-1,,,,2,39334,
6-6-3-2-211-PPn-siwa-a-1-3,6-6-3-2-211-PPn-siwa-a-1,mwotlap-haw-1,,,,3,39335,
6-6-3-2-211-PPn-siwa-a-1-4,6-6-3-2-211-PPn-siwa-a-1,ambae-sawa-1,,,,4,39336,
6-6-3-2-211-PPn-siwa-a-1-5,6-6-3-2-211-PPn-siwa-a-1,tahitian-heiva-1,,,,5,39337,
6-6-3-2-211-PPn-siwa-a-1-6,6-6-3-2-211-PPn-siwa-a-1,tuamotuan-heva-1,,,,6,39338,
6-6-3-3-212-POc-sarup-a-1-1,6-6-3-3-212-POc-sarup-a-1,gela-hulu-1,,,,1,39346,
6-6-3-3-212-POc-sarup-a-1-2,6-6-3-3-212-POc-sarup-a-1,arosi-surui-1,,,,2,39347,
6-6-3-3-212-POc-sarup-a-1-3,6-6-3-3-212-POc-sarup-a-1,saa-sulu-1,,,,3,39348,
6-6-3-6-214-POc-roroor-a-1-1,6-6-3-6-214-POc-roroor-a-1,mota-roorav-1,,,,1,39384,
6-6-3-6-214-POc-roroor-a-1-2,6-6-3-6-214-POc-roroor-a-1,mwotlap-njp-1,,,,2,39385,
6-6-3-6-214-POc-roroor-a-1-3,6-6-3-6-214-POc-roroor-a-1,marshallese-roro-1,,,,3,39386,
6-6-3-7-216-PPn-tala-a-1-1,6-6-3-7-216-PPn-tala-a-1,wayan-talanoa-1,,,,1,39424,
6-6-3-7-216-PPn-tala-a-1-2,6-6-3-7-216-PPn-tala-a-1,bauanfijian-talanoa-1,,,,2,39425,
6-6-3-7-216-PPn-tala-a-1-3,6-6-3-7-216-PPn-tala-a-1,ppn-talanoa-1,,,,3,39426,
6-6-3-7-216-PPn-tala-a-1-4,6-6-3-7-216-PPn-tala-a-1,tongan-talanoa-1,,,,4,39427,
6-6-3-7-216-PPn-tala-a-1-5,6-6-3-7-216-PPn-tala-a-1,samoan-talanoa-1,,,,5,39428,
6-6-3-7-216-PNPn-kakai-a-1-1,6-6-3-7-216-PNPn-kakai-a-1,mota-kakae-1,,,,1,39438,
6-6-4-1-220-POc-sagar-a-1-1,6-6-4-1-220-POc-sagar-a-1,uvol-sasaa-1,,,,1,39500,
6-6-4-1-220-POc-sagar-a-1-2,6-6-4-1-220-POc-sagar-a-1,gela-saki-1,,,,2,39501,
6-6-4-1-221-POc-mako-a-1-1,6-6-4-1-221-POc-mako-a-1,rotuman-maka-1,,,,1,39526,
6-6-4-1-221-POc-mako-a-1-2,6-6-4-1-221-POc-mako-a-1,bauanfijian-meke-1,,,,2,39527 39528,
6-6-4-1-222-PNCV-sale-a-1-1,6-6-4-1-222-PNCV-sale-a-1,bugotu-sale-1,,,,1,39541,
6-6-4-1-223-POc-pajar-a-1-1,6-6-4-1-223-POc-pajar-a-1,tolo-picapica-1,,,,1,39574,
6-6-4-1-223-POc-pajar-a-1-2,6-6-4-1-223-POc-pajar-a-1,tolo-picali-1,,,,2,12589,
6-6-4-1-223-POc-pajar-a-1-3,6-6-4-1-223-POc-pajar-a-1,toabaita-fidafida-1,,,,3,12590,
6-6-4-1-223-POc-pajar-a-1-4,6-6-4-1-223-POc-pajar-a-1,toabaita-fidali-2,,,,4,39575,
6-6-4-1-223-POc-pajar-a-1-5,6-6-4-1-223-POc-pajar-a-1,arosi-hida-1,,,,5,12593,
6-6-6-3-229-POc-sikop-a-1-1,6-6-6-3-229-POc-sikop-a-1,rotuman-hiko-1,,,,1,39644,
6-7-2-None-236-POc-qanitu-a-1-1,6-7-2-None-236-POc-qanitu-a-1,mangap-kon-1,,,,1,39760,
6-7-2-None-236-POc-qanitu-a-1-2,6-7-2-None-236-POc-qanitu-a-1,yabem-katu-1,,,,2,39761,
6-7-2-None-236-POc-qanitu-a-1-3,6-7-2-None-236-POc-qanitu-a-1,nakanai-lahitu-1,,,,3,39762,
6-7-2-None-236-POc-qanitu-a-1-4,6-7-2-None-236-POc-qanitu-a-1,toabaita-ano-1,,,,4,39763,
6-7-2-None-236-POc-qanitu-a-1-5,6-7-2-None-236-POc-qanitu-a-1,longgu-anoa-1,,,,5,39764,
6-7-2-None-236-POc-qanitu-a-1-6,6-7-2-None-236-POc-qanitu-a-1,saa-anoa-1,,,,6,39765,
6-7-2-None-236-POc-qanitu-a-1-7,6-7-2-None-236-POc-qanitu-a-1,arosi-anoa-1,,,,7,39766,
6-7-2-None-236-POc-qanitu-a-1-8,6-7-2-None-236-POc-qanitu-a-1,rotuman-aitu-1,,,,8,39767,
6-7-2-None-237-PNCV-qatamate-a-1-1,6-7-2-None-237-PNCV-qatamate-a-1,mangseng-tamata-1,,,,1,39778,
6-7-2-None-238-PNGOc-baraqum-a-1-1,6-7-2-None-238-PNGOc-baraqum-a-1,bwaidoga-balaumo-1,,,,1,39786,
6-7-2-None-238-PNGOc-baraqum-a-1-2,6-7-2-None-238-PNGOc-baraqum-a-1,sinaugoro-balau-1,,,,2,39787,
6-7-2-None-238-PNGOc-baraqum-a-1-3,6-7-2-None-238-PNGOc-baraqum-a-1,motu-lauma-1,,,,3,39788,
6-7-4-None-243-POc-qata-a-1-1,6-7-4-None-243-POc-qata-a-1,yabem-katu-1,,,,1,39863,
6-7-5-None-245-POc-qatuan-a-1-1,6-7-5-None-245-POc-qatuan-a-1,rotuman-atua-1,,,,1,39885,
6-7-5-None-246-POc-tubuqan-a-1-1,6-7-5-None-246-POc-tubuqan-a-1,laueasternfijian-tupua-1,,,,1,39899,
6-8-4-None-266-PNGOc-naba-a-1-1,6-8-4-None-266-PNGOc-naba-a-1,titan-nam-1,,,,1,40025,
6-10-2-None-285-POc-tabu-a-1-1,6-10-2-None-285-POc-tabu-a-1,petats-tsubun-1,,,,1,40206,
6-10-2-None-285-POc-tabu-a-1-2,6-10-2-None-285-POc-tabu-a-1,sye-tompor-1,,,,2,40207,
6-11-5-7-341-PROc-ucunu-a-1-1,6-11-5-7-341-PROc-ucunu-a-1,kapingamarangi-unute-1,,,,1,34520,
6-11-5-7-341-POc-manuk-a-1-1,6-11-5-7-341-POc-manuk-a-1,kapingamarangi-manu-2,,,,1,40330,
6-11-5-7-342-PChk-icci-a-1-1,6-11-5-7-342-PChk-icci-a-1,kapingamarangi-itiit-1,,,,1,40339,
6-11-5-7-342-ProtoChuukicPonapeic-tarobolu-a-1-1,6-11-5-7-342-ProtoChuukicPonapeic-tarobolu-a-1,kapingamarangi-sarapori-1,,,,1,40348,
6-11-5-7-343-PChk-aremoi-a-1-1,6-11-5-7-343-PChk-aremoi-a-1,kapingamarangi-aromoi-1,,,,1,40357,
6-11-5-7-343-PMic-sumuru-a-1-1,6-11-5-7-343-PMic-sumuru-a-1,kapingamarangi-tumuru-1,,,,1,40376,
6-11-5-7-344-PMic-maticiki-a-1-1,6-11-5-7-344-PMic-maticiki-a-1,kapingamarangi-maetiki-1,,,,1,40387,
6-11-5-7-345-PMic-matilapa-a-1-1,6-11-5-7-345-PMic-matilapa-a-1,kapingamarangi-maerapa-1,,,,1,40407,
6-11-5-7-345-PWMic-laka-a-1-1,6-11-5-7-345-PWMic-laka-a-1,kapingamarangi-rak-1,,,,1,40426,
6-12-3-1-381-POc-pa-a-1-1,6-12-3-1-381-POc-pa-a-1,longgu-vava-1,,,,1,15249,
6-12-3-1-381-POc-pa-a-1-2,6-12-3-1-381-POc-pa-a-1,pncv-vava-2,,,,2,40670,
6-12-3-1-381-POc-pa-a-1-3,6-12-3-1-381-POc-pa-a-1,mota-vava-1,,,,3,40671,
6-12-3-1-381-POc-pa-a-1-4,6-12-3-1-381-POc-pa-a-1,lolovoli-veve-1,,,,4,40672,
6-12-3-1-381-POc-pa-a-1-5,6-12-3-1-381-POc-pa-a-1,raga-veve-1,,,,5,40673,
6-12-3-1-381-POc-pa-a-1-6,6-12-3-1-381-POc-pa-a-1,tamambo-vevenasa-1,,,,6,40674,
6-12-3-1-381-POc-pa-a-1-7,6-12-3-1-381-POc-pa-a-1,apma-vep-1,,,,7,40675,
6-12-3-1-383-PWOc-sowa-a-1-1,6-12-3-1-383-PWOc-sowa-a-1,mwotlap-so-1,,,,1,40718,
6-12-3-3-387-PWOc-tore-a-1-1,6-12-3-3-387-PWOc-tore-a-1,kwaio-olisi-1,,,,1,40809,
6-12-4-1-391-POc-taram-a-1-1,6-12-4-1-391-POc-taram-a-1,lou-sami-1,,,,1,40928,
6-12-4-1-391-POc-taram-a-1-2,6-12-4-1-391-POc-taram-a-1,titan-cami-1,,,,2,40929,
6-12-4-1-391-POc-taram-a-1-3,6-12-4-1-391-POc-taram-a-1,loniu-cumi-1,,,,3,40930,
6-12-5-None-397-POc-kapat-a-1-1,6-12-5-None-397-POc-kapat-a-1,vangunu-kepoto-1,,,,1,41062,
6-12-5-None-398-POc-ulu-a-1-1,6-12-5-None-398-POc-ulu-a-1,bugotu-uu-3,,,,1,41069,
6-13-3-None-408-POc-poli-a-1-1,6-13-3-None-408-POc-poli-a-1,carolinian-liweli-1,,,,1,41132,
6-13-3-None-409-PWOc-kulae-a-1-1,6-13-3-None-409-PWOc-kulae-a-1,mengen-kolirea-1,,,,1,41153,
6-13-3-None-409-PWOc-kulae-a-1-2,6-13-3-None-409-PWOc-kulae-a-1,kove-koli-1,,,,2,41154,
6-13-3-None-409-PWOc-kulae-a-1-3,6-13-3-None-409-PWOc-kulae-a-1,kove-kolia-1,,,,3,41155,
6-13-4-4-412-PPn-taqoa-a-1-1,6-13-4-4-412-PPn-taqoa-a-1,dobu-taona-1,,,,1,41185 41186,
6-13-5-1-415-POc-wase-a-1-1,6-13-5-1-415-POc-wase-a-1,kove-wao-1,,,,1,41269,
6-13-5-1-415-POc-wase-a-1-2,6-13-5-1-415-POc-wase-a-1,wogeo-wayo-1,,,,2,41270,
6-13-5-1-415-POc-wase-a-1-3,6-13-5-1-415-POc-wase-a-1,kaiep-wiau-1,,,,3,41271,
6-13-5-3-418-POc-buku-a-1-1,6-13-5-3-418-POc-buku-a-1,tamambo-vuhu-1,,,,1,41317,
6-13-5-3-419-PEOc-sui-a-1-1,6-13-5-3-419-PEOc-sui-a-1,tongan-totoihuhui-1,,,,1,41347,
6-13-6-None-422-POc-pani-a-1-1,6-13-6-None-422-POc-pani-a-1,roviana-poni-1,,,,1,41379,
6-13-6-None-422-POc-pani-a-1-2,6-13-6-None-422-POc-pani-a-1,hoava-poni-1,,,,2,41380,
6-13-6-None-422-POc-pere-a-1-1,6-13-6-None-422-POc-pere-a-1,meramera-bili-1,,,,1,41389,
6-14-2-None-440-PPn-tau-a-1-1,6-14-2-None-440-PPn-tau-a-1,kia-taho-1,,,,1,41497,
6-14-2-None-440-PPn-tau-a-1-2,6-14-2-None-440-PPn-tau-a-1,laghu-taho-1,,,,2,41498,
6-14-2-None-440-PPn-tau-a-1-3,6-14-2-None-440-PPn-tau-a-1,kokota-tataho-1,,,,3,41499,
6-14-4-5-468-POc-sapuluq-a-1-1,6-14-4-5-468-POc-sapuluq-a-1,uruava-avuru-1,,,,1,42149,
6-14-4-5-468-POc-sapuluq-a-1-2,6-14-4-5-468-POc-sapuluq-a-1,monoalu-lahulu-1,,,,2,42150,
6-14-4-5-468-POc-sapuluq-a-1-3,6-14-4-5-468-POc-sapuluq-a-1,teop-pehasavun-1,,,,3,42151,
6-14-4-5-468-POc-sapuluq-a-1-4,6-14-4-5-468-POc-sapuluq-a-1,samoan-sefulu-1,,,,4,42152,
6-14-4-5-468-POc-sapuluq-a-1-5,6-14-4-5-468-POc-sapuluq-a-1,sikaiana-sehui-1,,,,5,42153,
6-14-4-5-469-POc-saratus-a-1-1,6-14-4-5-469-POc-saratus-a-1,protonorthwestsolomonic-ratus-1,,,,1,42157,
6-14-4-5-469-POc-saratus-a-1-2,6-14-4-5-469-POc-saratus-a-1,solos-natus-1,,,,2,42158,
6-14-4-5-469-POc-saratus-a-1-3,6-14-4-5-469-POc-saratus-a-1,taiof-natus-1,,,,3,42159,
6-14-4-5-469-POc-saratus-a-1-4,6-14-4-5-469-POc-saratus-a-1,banoni-raus-1,,,,4,42160,
6-14-4-5-469-POc-saratus-a-1-5,6-14-4-5-469-POc-saratus-a-1,monoalu-latu-1,,,,5,42161,
6-16-7-None-567-PPn-fua-a-1-1,6-16-7-None-567-PPn-fua-a-1,ubir-ifofon-1,,,,1,43165,
6-16-7-None-567-PPn-fua-a-1-2,6-16-7-None-567-PPn-fua-a-1,madak-po-1,,,,2,43166,
6-16-7-None-567-PPn-fua-a-1-3,6-16-7-None-567-PPn-fua-a-1,patpatar-puo-1,,,,3,43167,
4-2-4-None-33-pt-muyuw-tagiligal-1,4-2-4-None-33-pt-muyuw-tagiligal,muyuw-tagiligal-1,,,,1,43168,
4-2-4-None-33-pt-muyuw-tagiligal-2,4-2-4-None-33-pt-muyuw-tagiligal,marovo-kisotairi-1,,,,2,43169,
4-2-22-None-67-mm-patpatar-matagirit-1,4-2-22-None-67-mm-patpatar-matagirit,patpatar-matagirit-1,,,,1,43170,
4-2-22-None-67-mm-patpatar-matagirit-2,4-2-22-None-67-mm-patpatar-matagirit,halia-matagoumana-1,,,,2,43171,
4-2-22-None-67-mm-patpatar-matagirit-3,4-2-22-None-67-mm-patpatar-matagirit,gela-aoragere-1,,,,3,43172,
4-2-22-None-67-mm-patpatar-matagirit-4,4-2-22-None-67-mm-patpatar-matagirit,gela-kuselegeregerea-1,,,,4,43173,
4-2-26-None-72-mm-patpatar-malala-1,4-2-26-None-72-mm-patpatar-malala,patpatar-malala-1,,,,1,43174,
4-2-26-None-72-mm-patpatar-malala-2,4-2-26-None-72-mm-patpatar-malala,nehan-malauh-1,,,,2,43175,
4-2-26-None-72-mm-patpatar-malala-3,4-2-26-None-72-mm-patpatar-malala,marovo-mara-1,,,,3,43176,
4-2-26-None-72-mm-patpatar-malala-4,4-2-26-None-72-mm-patpatar-malala,gela-malaboro-1,,,,4,43177,
4-2-26-None-72-mm-patpatar-malala-5,4-2-26-None-72-mm-patpatar-malala,gela-malahau-1,,,,5,43178,
4-2-58-None-117-nng-wogeo-sakbarema-1,4-2-58-None-117-nng-wogeo-sakbarema,wogeo-sakbarema-1,,,,1,43179,
4-2-58-None-117-nng-wogeo-sakbarema-2,4-2-58-None-117-nng-wogeo-sakbarema,lukep-saurere-1,,,,2,43180,
4-2-58-None-117-nng-wogeo-sakbarema-3,4-2-58-None-117-nng-wogeo-sakbarema,paamese-mesaukoaasesali-1,,,,3,43181,
4-2-58-None-117-nng-wogeo-sakbarema-4,4-2-58-None-117-nng-wogeo-sakbarema,ura-yayo-1,,,,4,43182,
4-2-58-None-117-nng-wogeo-sakbarema-5,4-2-58-None-117-nng-wogeo-sakbarema,wayan-sakuvorowaga-1,,,,5,43183,
4-2-58-None-117-nng-wogeo-sakbarema-6,4-2-58-None-117-nng-wogeo-sakbarema,wayan-sakuvorowagatawane-1,,,,6,43184,
4-2-58-None-117-nng-wogeo-sakbarema-7,4-2-58-None-117-nng-wogeo-sakbarema,hawaiian-au-3,,,,7,43185,
4-4-3-2-168-mm-roviana-pepete-1,4-4-3-2-168-mm-roviana-pepete,roviana-pepete-1,,,,1,43186,
4-4-3-2-168-mm-roviana-pepete-2,4-4-3-2-168-mm-roviana-pepete,marovo-pepete-1,,,,2,43187,
4-4-3-2-168-mm-roviana-pepete-3,4-4-3-2-168-mm-roviana-pepete,nduke-epete-1,,,,3,43188,
4-4-3-2-168-mm-roviana-pepete-4,4-4-3-2-168-mm-roviana-pepete,maringe-papate-1,,,,4,43189,
4-4-3-2-168-mm-roviana-pepete-5,4-4-3-2-168-mm-roviana-pepete,ghari-tepetepe-1,,,,5,43190,
4-4-7-3-212-mm-maringe-naudu-1,4-4-7-3-212-mm-maringe-naudu,maringe-naudu-1,,,,1,43191,
4-5-2-3-226-ses-gela-kadora-1,4-5-2-3-226-ses-gela-kadora,gela-kadora-1,,,,1,43192,
4-5-2-3-226-ses-gela-kadora-2,4-5-2-3-226-ses-gela-kadora,westguadalcanal-kadora-1,,,,2,43193,
4-5-2-3-226-ses-gela-kadora-3,4-5-2-3-226-ses-gela-kadora,talise-kadora-1,,,,3,43194,
4-5-2-3-226-ses-gela-kadora-4,4-5-2-3-226-ses-gela-kadora,malango-kadora-1,,,,4,43195,
4-5-2-5-228-nng-megiar-madar-1,4-5-2-5-228-nng-megiar-madar,megiar-madar-1,,,,1,43196,
4-5-2-5-228-nng-megiar-madar-2,4-5-2-5-228-nng-megiar-madar,takia-madar-1,,,,2,43197,
4-5-2-5-228-nng-megiar-madar-3,4-5-2-5-228-nng-megiar-madar,yabem-moja-1,,,,3,43198,
4-5-2-5-228-nng-megiar-madar-4,4-5-2-5-228-nng-megiar-madar,maposbuang-masa-1,,,,4,43199,
4-5-2-8-234-pt-oyaoya-gimau-1,4-5-2-8-234-pt-oyaoya-gimau,oyaoya-gimau-1,,,,1,43200,
4-5-2-8-234-pt-oyaoya-gimau-2,4-5-2-8-234-pt-oyaoya-gimau,logea-gimau-1,,,,2,43201,
4-5-2-8-234-pt-oyaoya-gimau-3,4-5-2-8-234-pt-oyaoya-gimau,tubetube-gimau-1,,,,3,43202,
4-5-2-8-234-pt-oyaoya-gimau-4,4-5-2-8-234-pt-oyaoya-gimau,saliba-imau-1,,,,4,43203,
4-5-2-8-234-pt-oyaoya-gimau-5,4-5-2-8-234-pt-oyaoya-gimau,gilagila-gibau-1,,,,5,43204,
4-5-3-2-242-ncv-mota-kurut-1,4-5-3-2-242-ncv-mota-kurut,mota-kurut-1,,,,1,43205,
4-5-3-2-242-ncv-mota-kurut-2,4-5-3-2-242-ncv-mota-kurut,paamese-hul-1,,,,2,43206,
4-5-3-2-242-ncv-mota-kurut-3,4-5-3-2-242-ncv-mota-kurut,lewo-kuli-1,,,,3,43207,
4-5-3-2-242-ncv-mota-kurut-4,4-5-3-2-242-ncv-mota-kurut,raga-viriu-1,,,,4,43208,
4-5-3-2-242-ncv-mota-kurut-5,4-5-3-2-242-ncv-mota-kurut,anejom-kuri-1,,,,5,43209,
4-5-3-2-242-ncv-mota-kurut-6,4-5-3-2-242-ncv-mota-kurut,lenakel-kuri-1,,,,6,43210,
4-5-3-2-242-ncv-mota-kurut-7,4-5-3-2-242-ncv-mota-kurut,kiribati-kiri-1,,,,7,43211,
4-5-3-2-242-ncv-mota-kurut-8,4-5-3-2-242-ncv-mota-kurut,marshallese-kiriw-1,,,,8,43212,
4-5-3-2-242-ncv-mota-kurut-9,4-5-3-2-242-ncv-mota-kurut,ponapean-kiti-1,,,,9,43213,
4-5-5-1-248-nng-lukeppono-pon-1,4-5-5-1-248-nng-lukeppono-pon,lukep-pon-1,,,,1,43214,
4-5-5-1-248-nng-lukeppono-pon-2,4-5-5-1-248-nng-lukeppono-pon,lukep-olol-1,,,,2,43215,
4-5-5-1-248-nng-lukeppono-pon-3,4-5-5-1-248-nng-lukeppono-pon,lukep-padodo-1,,,,3,43216,
4-5-5-1-248-nng-lukeppono-pon-4,4-5-5-1-248-nng-lukeppono-pon,lukep-kawadui-1,,,,4,43217,
4-5-5-1-248-nng-lukeppono-pon-5,4-5-5-1-248-nng-lukeppono-pon,kia-tege-1,,,,5,43218,
4-5-5-1-248-nng-lukeppono-pon-6,4-5-5-1-248-nng-lukeppono-pon,kia-tegeapo-1,,,,6,43219,
4-5-5-1-248-nng-lukeppono-pon-7,4-5-5-1-248-nng-lukeppono-pon,kia-tegemogaha-1,,,,7,43220,
4-5-5-1-248-nng-lukeppono-pon-8,4-5-5-1-248-nng-lukeppono-pon,kia-tegebabaru-1,,,,8,43221,
4-5-5-1-248-nng-lukeppono-pon-9,4-5-5-1-248-nng-lukeppono-pon,kia-tegekakapodoko-1,,,,9,43222,
4-5-5-1-248-nng-lukeppono-pon-10,4-5-5-1-248-nng-lukeppono-pon,marovo-vonu-1,,,,10,4049,
4-5-5-1-248-nng-lukeppono-pon-11,4-5-5-1-248-nng-lukeppono-pon,marovo-vonupede-1,,,,11,43223,
4-5-5-1-248-nng-lukeppono-pon-12,4-5-5-1-248-nng-lukeppono-pon,marovo-vonuihana-1,,,,12,43224,
4-5-5-1-248-nng-lukeppono-pon-13,4-5-5-1-248-nng-lukeppono-pon,marovo-kariatolu-1,,,,13,43225,
4-5-5-1-248-nng-lukeppono-pon-14,4-5-5-1-248-nng-lukeppono-pon,marovo-kakapodoko-1,,,,14,43226,
4-5-5-1-248-nng-lukeppono-pon-15,4-5-5-1-248-nng-lukeppono-pon,saa-honu-1,,,,15,43227,
4-5-5-1-248-nng-lukeppono-pon-16,4-5-5-1-248-nng-lukeppono-pon,saa-honuhapa-1,,,,16,43228,
4-5-5-1-248-nng-lukeppono-pon-17,4-5-5-1-248-nng-lukeppono-pon,saa-honuie-1,,,,17,43229,
4-5-5-1-248-nng-lukeppono-pon-18,4-5-5-1-248-nng-lukeppono-pon,saa-kuleoo-1,,,,18,43230,
4-5-5-1-248-nng-lukeppono-pon-19,4-5-5-1-248-nng-lukeppono-pon,arosi-honu-1,,,,19,43231,
4-5-5-1-248-nng-lukeppono-pon-20,4-5-5-1-248-nng-lukeppono-pon,arosi-honuhapa-1,,,,20,43232,
4-5-5-1-248-nng-lukeppono-pon-21,4-5-5-1-248-nng-lukeppono-pon,arosi-honuhau-1,,,,21,43233,
4-5-5-1-248-nng-lukeppono-pon-22,4-5-5-1-248-nng-lukeppono-pon,arosi-honumarabona-1,,,,22,43234,
4-5-5-1-248-nng-lukeppono-pon-23,4-5-5-1-248-nng-lukeppono-pon,arosi-honuorobiu-1,,,,23,43235,
4-5-5-1-248-nng-lukeppono-pon-24,4-5-5-1-248-nng-lukeppono-pon,arosi-honueero-1,,,,24,43236,
4-5-5-1-248-nng-lukeppono-pon-25,4-5-5-1-248-nng-lukeppono-pon,arosi-honumaraw-1,,,,25,43237,
4-5-5-1-248-nng-lukeppono-pon-26,4-5-5-1-248-nng-lukeppono-pon,chuukese-win-1,,,,26,43238,
4-5-5-1-248-nng-lukeppono-pon-27,4-5-5-1-248-nng-lukeppono-pon,chuukese-maw-1,,,,27,43239,
4-5-5-1-248-nng-lukeppono-pon-28,4-5-5-1-248-nng-lukeppono-pon,chuukese-winiccen-1,,,,28,43240,
4-5-5-1-248-nng-lukeppono-pon-29,4-5-5-1-248-nng-lukeppono-pon,chuukese-winimen-1,,,,29,43241,
4-5-5-1-248-nng-lukeppono-pon-30,4-5-5-1-248-nng-lukeppono-pon,chuukese-wo-1,,,,30,4064,
4-5-5-1-248-nng-lukeppono-pon-31,4-5-5-1-248-nng-lukeppono-pon,wayan-ikabula-1,,,,31,43242,
4-5-5-1-248-nng-lukeppono-pon-32,4-5-5-1-248-nng-lukeppono-pon,wayan-taku-1,,,,32,43243,
4-5-5-1-248-nng-lukeppono-pon-33,4-5-5-1-248-nng-lukeppono-pon,wayan-ikadu-1,,,,33,43244,
4-5-5-1-248-nng-lukeppono-pon-34,4-5-5-1-248-nng-lukeppono-pon,wayan-tosiviwalu-1,,,,34,43245,
4-5-5-1-248-nng-lukeppono-pon-35,4-5-5-1-248-nng-lukeppono-pon,wayan-tuvonu-2,,,,35,43246,
4-5-5-1-248-nng-lukeppono-pon-36,4-5-5-1-248-nng-lukeppono-pon,wayan-bala-1,,,,36,43247,
4-5-5-1-248-nng-lukeppono-pon-37,4-5-5-1-248-nng-lukeppono-pon,tikopia-fonu-1,,,,37,4074,
4-5-5-1-248-nng-lukeppono-pon-38,4-5-5-1-248-nng-lukeppono-pon,tikopia-fonukoroa-1,,,,38,43248,
4-5-5-1-248-nng-lukeppono-pon-39,4-5-5-1-248-nng-lukeppono-pon,tikopia-fonutea-1,,,,39,43249,
4-5-5-4-262-ncv-mota-mai-1,4-5-5-4-262-ncv-mota-mai,mota-mai-1,,,,1,43250,
4-5-5-4-262-ncv-mota-mai-2,4-5-5-4-262-ncv-mota-mai,mwotlap-me-1,,,,2,43251,
4-6-2-None-274-nng-manam-lalau-1,4-6-2-None-274-nng-manam-lalau,manam-lalau-1,,,,1,43252,
4-6-2-None-274-nng-manam-lalau-2,4-6-2-None-274-nng-manam-lalau,bing-lalahaw-1,,,,2,43253,
4-6-2-None-274-nng-manam-lalau-3,4-6-2-None-274-nng-manam-lalau,tangga-ololo-1,,,,3,43254,
4-6-2-None-274-nng-manam-lalau-4,4-6-2-None-274-nng-manam-lalau,nehan-lale-1,,,,4,43255,
4-6-2-None-274-nng-manam-lalau-5,4-6-2-None-274-nng-manam-lalau,kwaio-lalaala-1,,,,5,43256,
4-6-2-None-274-nng-manam-lalau-6,4-6-2-None-274-nng-manam-lalau,raga-lalau-1,,,,6,43257,
4-6-2-None-274-nng-manam-lalau-7,4-6-2-None-274-nng-manam-lalau,anejom-nalau-1,,,,7,43258,
4-6-2-None-274-nng-manam-lalau-8,4-6-2-None-274-nng-manam-lalau,wayan-laulau-1,,,,8,43259,
4-6-2-None-279-nng-gitua-pua-1,4-6-2-None-279-nng-gitua-pua,gitua-pua-1,,,,1,43260,
4-6-2-None-279-nng-gitua-pua-2,4-6-2-None-279-nng-gitua-pua,lukep-puana-1,,,,2,43261,
4-6-2-None-279-nng-gitua-pua-3,4-6-2-None-279-nng-gitua-pua,bwaidoga-fou-1,,,,3,43262,
4-6-2-None-279-nng-gitua-pua-4,4-6-2-None-279-nng-gitua-pua,arosi-huaikua-1,,,,4,43263,
4-6-2-None-279-nng-gitua-pua-5,4-6-2-None-279-nng-gitua-pua,rennellese-hua-2,,,,5,43264,
4-6-2-None-279-nng-gitua-pua-6,4-6-2-None-279-nng-gitua-pua,eastfutunan-fuaimoa-1,,,,6,43265,
4-6-2-None-279-nng-gitua-pua-7,4-6-2-None-279-nng-gitua-pua,maori-hua-1,,,,7,43266,
4-6-5-2-290-tm-buma-ovene-1,4-6-5-2-290-tm-buma-ovene,burna-ovene-1,,,,1,43267,
4-6-5-3-294-pn-maorisouthisland-kamana-1,4-6-5-3-294-pn-maorisouthisland-kamana,maori-kamana-1,,,,1,43268,
4-6-5-3-295-fij-kadavu-torotaro-1,4-6-5-3-295-fij-kadavu-torotaro,kadavu-torotaro-1,,,,1,43269,
4-6-5-3-295-fij-kadavu-torotaro-2,4-6-5-3-295-fij-kadavu-torotaro,wayan-toro-1,,,,2,43270,
4-6-5-3-295-fij-kadavu-torotaro-3,4-6-5-3-295-fij-kadavu-torotaro,nukuria-koroa-1,,,,3,43271,
4-6-5-3-295-fij-kadavu-torotaro-4,4-6-5-3-295-fij-kadavu-torotaro,takuu-taroa-1,,,,4,43272,
4-6-5-3-295-fij-kadavu-torotaro-5,4-6-5-3-295-fij-kadavu-torotaro,luangiua-kaloakule-1,,,,5,43273,
4-6-5-3-295-fij-kadavu-torotaro-6,4-6-5-3-295-fij-kadavu-torotaro,sikaiana-toloa-1,,,,6,43274,
4-6-5-3-295-fij-kadavu-torotaro-7,4-6-5-3-295-fij-kadavu-torotaro,rennellese-togoa-1,,,,7,43275,
4-6-5-3-295-fij-kadavu-torotaro-8,4-6-5-3-295-fij-kadavu-torotaro,tuamotuan-toroa-1,,,,8,43276,
4-6-5-3-295-fij-kadavu-torotaro-9,4-6-5-3-295-fij-kadavu-torotaro,rarotongan-toroa-1,,,,9,43277,
4-6-5-3-295-fij-kadavu-torotaro-10,4-6-5-3-295-fij-kadavu-torotaro,maori-toroa-1,,,,10,43278,
4-6-5-3-296-pn-maori-mokora-1,4-6-5-3-296-pn-maori-mokora,maori-mokora-1,,,,1,43279,
4-6-5-3-296-pn-maori-mokora-2,4-6-5-3-296-pn-maori-mokora,maori-makora-1,,,,2,43280,
4-6-5-3-296-pt-motu-mokoraha-1,4-6-5-3-296-pt-motu-mokoraha,motu-mokoraha-1,,,,1,43281,
4-6-5-4-297-mic-puluwatese-mallap-1,4-6-5-4-297-mic-puluwatese-mallap,puluwatese-mallap-1,,,,1,43282,
4-6-5-7-309-ses-gela-bilakebulake-1,4-6-5-7-309-ses-gela-bilakebulake,gela-bilakebulake-1,,,,1,43283,
4-6-5-7-309-ses-gela-bilakebulake-2,4-6-5-7-309-ses-gela-bilakebulake,malango-bulaki-1,,,,2,43284,
4-6-5-8-313-mm-nehan-bor-1,4-6-5-8-313-mm-nehan-bor,nehan-bor-1,,,,1,43285,
4-6-5-8-313-mm-nehan-bor-2,4-6-5-8-313-mm-nehan-bor,maringe-bora-1,,,,2,43286,
4-6-5-8-313-mm-nehan-bor-3,4-6-5-8-313-mm-nehan-bor,kia-bora-1,,,,3,43287,
4-6-5-8-313-mm-nehan-bor-4,4-6-5-8-313-mm-nehan-bor,bugotu-bora-1,,,,4,43288,
4-6-5-8-313-mm-nehan-bor-5,4-6-5-8-313-mm-nehan-bor,gela-bola-1,,,,5,43289,
4-6-5-8-313-mm-nehan-bor-6,4-6-5-8-313-mm-nehan-bor,toabaita-bola-1,,,,6,43290,
4-6-5-8-313-mm-nehan-bor-7,4-6-5-8-313-mm-nehan-bor,kwaraae-bola-1,,,,7,43291,
4-6-5-8-313-mm-nehan-bor-8,4-6-5-8-313-mm-nehan-bor,kwaio-bola-1,,,,8,43292,
4-6-5-8-313-mm-nehan-bor-9,4-6-5-8-313-mm-nehan-bor,areare-pora-1,,,,9,43293,
4-6-5-9-328-pn-tikopia-kura-1,4-6-5-9-328-pn-tikopia-kura,tikopia-kura-1,,,,1,43294,
4-6-5-9-328-pn-tikopia-kura-2,4-6-5-9-328-pn-tikopia-kura,westuvean-kula-1,,,,2,43295,
4-6-5-9-328-pn-tikopia-kura-3,4-6-5-9-328-pn-tikopia-kura,pukapukan-wulukula-1,,,,3,43296,
4-6-5-9-328-pn-tikopia-kura-4,4-6-5-9-328-pn-tikopia-kura,rapanui-kura-1,,,,4,43297,
4-6-5-9-328-pn-tikopia-kura-5,4-6-5-9-328-pn-tikopia-kura,marquesan-kuwa-1,,,,5,43298,
4-6-5-9-328-pn-tikopia-kura-6,4-6-5-9-328-pn-tikopia-kura,tahitian-ura-1,,,,6,43299,
4-6-5-9-328-pn-tikopia-kura-7,4-6-5-9-328-pn-tikopia-kura,maori-kura-1,,,,7,43300,
4-6-5-10-330-pn-mangarevan-pakanei-1,4-6-5-10-330-pn-mangarevan-pakanei,mangareva-pakanei-1,,,,1,43301,
4-6-5-11-332-pn-tuvalu-lulu-1,4-6-5-11-332-pn-tuvalu-lulu,tuvalu-lulu-1,,,,1,43302,
4-6-5-11-332-pn-tuvalu-lulu-2,4-6-5-11-332-pn-tuvalu-lulu,rapanui-ruru-1,,,,2,43303,
4-6-5-11-332-pn-tuvalu-lulu-3,4-6-5-11-332-pn-tuvalu-lulu,tahitian-ruro-1,,,,3,43304,
4-6-5-11-332-pn-tuvalu-lulu-4,4-6-5-11-332-pn-tuvalu-lulu,manihiki-ruru-1,,,,4,43305,
4-6-5-11-332-pn-tuvalu-lulu-5,4-6-5-11-332-pn-tuvalu-lulu,maori-rurutaiko-1,,,,5,43306,
4-6-5-11-332-mic-kiribati-ruru-1,4-6-5-11-332-mic-kiribati-ruru,kiribati-ruru-1,,,,1,43307,
4-6-5-13-337-fij-bauan-seala-1,4-6-5-13-337-fij-bauan-seala,bauanfijian-seala-1,,,,1,43308,
4-6-5-13-337-fij-bauan-seala-2,4-6-5-13-337-fij-bauan-seala,bauanfijian-sikorere-1,,,,2,43309,
4-6-5-15-340-ses-areare-pinaniano-1,4-6-5-15-340-ses-areare-pinaniano,areare-pinaniano-1,,,,1,43310,
4-6-5-15-340-ses-areare-pinaniano-2,4-6-5-15-340-ses-areare-pinaniano,saa-pineniou-1,,,,2,43311,
4-6-5-15-340-ses-areare-pinaniano-3,4-6-5-15-340-ses-areare-pinaniano,arosi-bina-1,,,,3,43312,
4-6-5-15-340-ses-areare-pinaniano-4,4-6-5-15-340-ses-areare-pinaniano,arosi-binaniasi-1,,,,4,43313,
4-6-5-15-340-ses-areare-pinaniano-5,4-6-5-15-340-ses-areare-pinaniano,arosi-binaahuri-1,,,,5,43314,
4-6-5-15-340-ses-areare-pinaniano-6,4-6-5-15-340-ses-areare-pinaniano,arosi-binanimou-1,,,,6,43315,
4-6-5-15-340-ses-areare-pinaniano-7,4-6-5-15-340-ses-areare-pinaniano,arosi-binasuu-1,,,,7,43316,
4-6-6-5-345-sv-ura-ulcap-1,4-6-6-5-345-sv-ura-ulcap,ura-ulcap-1,,,,1,43317,
4-6-6-5-345-sv-ura-ulcap-2,4-6-6-5-345-sv-ura-ulcap,sye-ulcapnelcapwelcap-1,,,,2,43318,
4-6-6-5-346-ses-gela-laulaulaka-1,4-6-6-5-346-ses-gela-laulaulaka,gela-laulaulaka-1,,,,1,43319,
4-6-6-5-346-ses-gela-laulaulaka-2,4-6-6-5-346-ses-gela-laulaulaka,rennellese-aa-1,,,,2,43320,
4-6-6-6-347-adm-loniu-cuka-1,4-6-6-6-347-adm-loniu-cuka,loniu-cuka-1,,,,1,43321,
4-6-6-6-347-adm-loniu-cuka-2,4-6-6-6-347-adm-loniu-cuka,titan-cauka-1,,,,2,43322,
4-6-6-6-347-adm-loniu-cuka-3,4-6-6-6-347-adm-loniu-cuka,musom-kua-1,,,,3,43323,
4-6-6-6-347-adm-loniu-cuka-4,4-6-6-6-347-adm-loniu-cuka,aribwatsa-uwa-1,,,,4,43324,
4-6-6-6-347-adm-loniu-cuka-5,4-6-6-6-347-adm-loniu-cuka,iduna-takowa-1,,,,5,43325,
4-6-6-6-347-adm-loniu-cuka-6,4-6-6-6-347-adm-loniu-cuka,gapapaiwa-sakoa-1,,,,6,43326,
4-6-6-6-347-adm-loniu-cuka-7,4-6-6-6-347-adm-loniu-cuka,nakanai-kau-1,,,,7,43327,
4-6-6-6-347-adm-loniu-cuka-8,4-6-6-6-347-adm-loniu-cuka,tolai-kokau-1,,,,8,43328,
4-6-7-3-355-pn-tongan-fuako-1,4-6-7-3-355-pn-tongan-fuako,tongan-fuako-1,,,13,1,43329,
4-6-7-3-355-pn-tongan-fuako-2,4-6-7-3-355-pn-tongan-fuako,hawaiian-uau-1,,,,2,43330,
4-6-7-3-355-pn-tongan-fuako-3,4-6-7-3-355-pn-tongan-fuako,hawaiian-ao-3,,,,3,43331,
4-6-7-3-357-nng-mangap-kalau-1,4-6-7-3-357-nng-mangap-kalau,mangap-kalau-1,,,,1,43332,
4-6-7-3-357-nng-mangap-kalau-2,4-6-7-3-357-nng-mangap-kalau,marshallese-kalo-1,,,,2,43333,
4-6-7-3-357-nng-mangap-kalau-3,4-6-7-3-357-nng-mangap-kalau,nukuoro-kalau-1,,,,3,43334,
4-6-7-5-360-pn-rennellese-siviu-1,4-6-7-5-360-pn-rennellese-siviu,rennellese-siviu-1,,,,1,43335,
4-6-7-5-360-pn-rennellese-siviu-2,4-6-7-5-360-pn-rennellese-siviu,emae-siviu-1,,,,2,43336,
4-6-7-6-367-pn-takuu-kinakina-1,4-6-7-6-367-pn-takuu-kinakina,takuu-kinakina-1,,,,1,43337,
4-6-7-6-367-pn-takuu-kinakina-2,4-6-7-6-367-pn-takuu-kinakina,sikaiana-kinakina-1,,,,2,43338,
4-7-7-None-387-nng-poeng-rorome-1,4-7-7-None-387-nng-poeng-rorome,mengen-rorome-1,,,,1,43339,
4-7-7-None-387-nng-poeng-rorome-2,4-7-7-None-387-nng-poeng-rorome,gela-hitahitabeti-1,,,,2,43340,
4-7-7-None-387-nng-poeng-rorome-3,4-7-7-None-387-nng-poeng-rorome,arosi-aniwai-1,,,,3,43341,
4-7-7-None-387-nng-poeng-rorome-4,4-7-7-None-387-nng-poeng-rorome,chuukese-nifefecon-1,,,,4,43342,
4-7-7-None-387-nng-poeng-rorome-5,4-7-7-None-387-nng-poeng-rorome,wayan-duluduluwai-1,,,,5,43343,
4-7-7-None-387-nng-poeng-rorome-6,4-7-7-None-387-nng-poeng-rorome,bauanfijian-aiaiwai-1,,,,6,43344,
4-7-7-None-387-pt-sudest-wawaeba-1,4-7-7-None-387-pt-sudest-wawaeba,sudest-wawaeba-1,,,,1,43345,
4-7-7-None-387-pt-sudest-wawaeba-2,4-7-7-None-387-pt-sudest-wawaeba,gela-gitobeti-1,,,,2,43346,
4-7-7-None-387-pt-sudest-wawaeba-3,4-7-7-None-387-pt-sudest-wawaeba,tolo-icikolo-1,,,,3,43347,
4-7-7-None-387-pt-sudest-wawaeba-4,4-7-7-None-387-pt-sudest-wawaeba,lau-nalukafo-1,,,,4,43348,
4-7-7-None-387-pt-sudest-wawaeba-5,4-7-7-None-387-pt-sudest-wawaeba,lau-tatarakafo-1,,,,5,43349,
4-7-7-None-387-pt-sudest-wawaeba-6,4-7-7-None-387-pt-sudest-wawaeba,longgu-tatarawai-1,,,,6,43350,
4-7-7-None-387-pt-sudest-wawaeba-7,4-7-7-None-387-pt-sudest-wawaeba,saa-tatarawai-1,,,,7,43351,
4-7-7-None-387-pt-sudest-wawaeba-8,4-7-7-None-387-pt-sudest-wawaeba,arosi-tatawai-1,,,,8,43352,
4-7-7-None-387-pt-sudest-wawaeba-9,4-7-7-None-387-pt-sudest-wawaeba,areare-tatarawa-1,,,,9,43353,
4-7-7-None-387-pt-sudest-wawaeba-10,4-7-7-None-387-pt-sudest-wawaeba,mota-roropei-1,,,,10,43354,
4-7-7-None-387-pt-sudest-wawaeba-11,4-7-7-None-387-pt-sudest-wawaeba,paamese-menmenoai-1,,,,11,43355,
4-7-7-None-387-pt-sudest-wawaeba-12,4-7-7-None-387-pt-sudest-wawaeba,seambrym-munmunoi-1,,,,12,43356,
4-7-10-None-393-nng-vehes-kakak-1,4-7-10-None-393-nng-vehes-kakak,vehes-kakak-1,,,,1,43357,
4-7-10-None-393-nng-vehes-kakak-2,4-7-10-None-393-nng-vehes-kakak,maposbuang-kakok-1,,,,2,43358,
4-7-10-None-393-nng-vehes-kakak-3,4-7-10-None-393-nng-vehes-kakak,kumaru-kakok-1,,,,3,43359,
4-7-10-None-393-nng-vehes-kakak-4,4-7-10-None-393-nng-vehes-kakak,patep-kekeak-1,,,,4,43360,
4-7-10-None-393-nng-vehes-kakak-5,4-7-10-None-393-nng-vehes-kakak,zenag-kkewa-1,,,,5,43361,
4-7-10-None-393-nng-vehes-kakak-6,4-7-10-None-393-nng-vehes-kakak,tolai-kakakau-1,,,,6,43362,
4-7-10-None-393-nng-vehes-kakak-7,4-7-10-None-393-nng-vehes-kakak,arosi-aaki-1,,,,7,43363,
4-7-10-None-393-adm-loniu-kaln-1,4-7-10-None-393-adm-loniu-kaln,loniu-kaln-1,,,,1,43364,
4-7-10-None-393-adm-loniu-kaln-2,4-7-10-None-393-adm-loniu-kaln,saliba-kalakalapasipasi-1,,,,2,43365,
4-7-10-None-393-adm-loniu-kaln-3,4-7-10-None-393-adm-loniu-kaln,teop-anohi-1,,,,3,43366,
4-7-10-None-393-adm-loniu-kaln-4,4-7-10-None-393-adm-loniu-kaln,areare-takaro-1,,,,4,43367,
4-7-10-None-393-adm-loniu-kaln-5,4-7-10-None-393-adm-loniu-kaln,nguna-makala-1,,,,5,43368,
4-7-10-None-393-adm-loniu-kaln-6,4-7-10-None-393-adm-loniu-kaln,marshallese-kallep-1,,,,6,43369,
4-7-10-None-393-nng-manam-kalapoaki-1,4-7-10-None-393-nng-manam-kalapoaki,manam-kalapoaki-1,,,,1,43370,
4-7-10-None-393-nng-manam-kalapoaki-2,4-7-10-None-393-nng-manam-kalapoaki,mota-kalo-1,,,,2,43371,
4-7-10-None-393-nng-manam-kalapoaki-3,4-7-10-None-393-nng-manam-kalapoaki,lenakel-makal-1,,,,3,43372,
4-7-14-None-400-mm-nehan-bolbol-1,4-7-14-None-400-mm-nehan-bolbol,nehan-bolbol-1,,,,1,43373,
4-7-14-None-400-mm-nehan-bolbol-2,4-7-14-None-400-mm-nehan-bolbol,gela-bulutora-1,,,8,2,43374,
4-7-14-None-400-mm-nehan-bolbol-3,4-7-14-None-400-mm-nehan-bolbol,saa-pulupulu-1,,,,3,43375,
4-7-14-None-400-mm-nehan-bolbol-4,4-7-14-None-400-mm-nehan-bolbol,kwaio-bulubulu-1,,,,4,43376,
4-7-14-None-400-mm-nehan-bolbol-5,4-7-14-None-400-mm-nehan-bolbol,arosi-buruburu-1,,,,5,43377,
4-7-14-None-400-mm-nehan-bolbol-6,4-7-14-None-400-mm-nehan-bolbol,arosi-buburuatoa-1,,,,6,43378,
4-7-14-None-400-mm-nehan-bolbol-7,4-7-14-None-400-mm-nehan-bolbol,areare-purupuru-1,,,,7,43379,
4-7-14-None-400-mm-nehan-bolbol-8,4-7-14-None-400-mm-nehan-bolbol,toabaita-bubulu-1,,,,8,43380,
4-7-14-None-400-nng-mengenpoeng-mata-1,4-7-14-None-400-nng-mengenpoeng-mata,mengen-mata-1,,,,1,43381,
4-7-14-None-400-nng-mengenpoeng-mata-2,4-7-14-None-400-nng-mengenpoeng-mata,nakanai-matatabu-1,,,,2,43382,
4-7-14-None-400-nng-mengenpoeng-mata-3,4-7-14-None-400-nng-mengenpoeng-mata,nakanai-matalaso-1,,,,3,43383,
4-7-14-None-400-nng-sengseng-limlek-1,4-7-14-None-400-nng-sengseng-limlek,sengseng-limlek-1,,,,1,43384,
4-7-14-None-400-nng-sengseng-limlek-2,4-7-14-None-400-nng-sengseng-limlek,roviana-pinoro-1,,,,2,43385,
4-7-18-None-407-adm-drehet-kxanepup-1,4-7-18-None-407-adm-drehet-kxanepup,drehet-kxanepup-1,,,,1,43386,
4-7-18-None-407-adm-drehet-kxanepup-2,4-7-18-None-407-adm-drehet-kxanepup,molima-ganigeva-1,,,,2,43387,
4-7-18-None-407-adm-drehet-kxanepup-3,4-7-18-None-407-adm-drehet-kxanepup,ririo-kaligava-1,,,,3,43388,
4-7-18-None-407-adm-drehet-kxanepup-4,4-7-18-None-407-adm-drehet-kxanepup,sisiqa-kalagava-1,,,,4,43389,
4-7-18-None-407-adm-drehet-kxanepup-5,4-7-18-None-407-adm-drehet-kxanepup,babatana-kaligava-1,,,,5,43390,
4-7-25-None-417-adm-lou-lalaa-1,4-7-25-None-417-adm-lou-lalaa,lou-lalaa-1,,,,1,7426,
4-7-25-None-417-adm-lou-lalaa-2,4-7-25-None-417-adm-lou-lalaa,lou-laet-2,,,,2,43391,
4-7-25-None-417-adm-lou-lalaa-3,4-7-25-None-417-adm-lou-lalaa,lou-lalaanpalawa-1,,,,3,7428,
4-7-25-None-417-adm-lou-lalaa-4,4-7-25-None-417-adm-lou-lalaa,lou-lalaara-1,,,,4,7429,
4-7-25-None-417-adm-lou-lalaa-5,4-7-25-None-417-adm-lou-lalaa,sengseng-la-1,,,,5,7433,
4-7-25-None-417-adm-lou-lalaa-6,4-7-25-None-417-adm-lou-lalaa,sengseng-laiyuyu-1,,,,6,43392,
4-7-25-None-417-adm-lou-lalaa-7,4-7-25-None-417-adm-lou-lalaa,sengseng-laoo-2,,,,7,43393,
4-7-25-None-417-adm-lou-lalaa-8,4-7-25-None-417-adm-lou-lalaa,tolai-laa-1,,,,8,43394,
4-7-25-None-417-adm-lou-lalaa-9,4-7-25-None-417-adm-lou-lalaa,tolai-laabulit-1,,,,9,43395,
4-7-25-None-417-adm-lou-lalaa-10,4-7-25-None-417-adm-lou-lalaa,gela-lao-1,,,,10,43396,
4-7-25-None-417-adm-lou-lalaa-11,4-7-25-None-417-adm-lou-lalaa,gela-laombeli-1,,,,11,43397,
4-7-25-None-417-adm-lou-lalaa-12,4-7-25-None-417-adm-lou-lalaa,gela-laonibolo-1,,,,12,43398,
4-7-25-None-417-adm-lou-lalaa-13,4-7-25-None-417-adm-lou-lalaa,gela-laoniuvu-1,,,,13,43399,
4-7-25-None-417-adm-lou-lalaa-14,4-7-25-None-417-adm-lou-lalaa,gela-laopasapasa-1,,,,14,43400,
4-7-25-None-417-adm-lou-lalaa-15,4-7-25-None-417-adm-lou-lalaa,gela-laovuru-1,,,,15,43401,
4-7-25-None-417-adm-lou-lalaa-16,4-7-25-None-417-adm-lou-lalaa,niuean-lao-1,,,,16,43402,
4-7-25-None-417-adm-lou-lalaa-17,4-7-25-None-417-adm-lou-lalaa,niuean-laofufu-2,,,,17,43403,
4-7-25-None-417-adm-lou-lalaa-18,4-7-25-None-417-adm-lou-lalaa,niuean-laomeli-1,,,,18,43404,
4-7-25-None-417-adm-lou-lalaa-19,4-7-25-None-417-adm-lou-lalaa,hawaiian-nalo-1,,,,19,43405,
4-7-25-None-417-adm-lou-lalaa-20,4-7-25-None-417-adm-lou-lalaa,hawaiian-naloaki-1,,,,20,43406,
4-7-25-None-417-adm-lou-lalaa-21,4-7-25-None-417-adm-lou-lalaa,hawaiian-nalohopeeha-1,,,,21,43407,
4-7-25-None-417-adm-lou-lalaa-22,4-7-25-None-417-adm-lou-lalaa,hawaiian-nalokeleawe-1,,,,22,43408,
4-7-25-None-417-adm-lou-lalaa-23,4-7-25-None-417-adm-lou-lalaa,hawaiian-nalolawelepo-1,,,,23,43409,
4-7-25-None-417-adm-lou-lalaa-24,4-7-25-None-417-adm-lou-lalaa,hawaiian-nalomeli-1,,,,24,43410,
4-7-25-None-417-adm-lou-lalaa-25,4-7-25-None-417-adm-lou-lalaa,hawaiian-nalonahu-1,,,,25,43411,
4-7-25-None-417-adm-lou-lalaa-26,4-7-25-None-417-adm-lou-lalaa,hawaiian-nalopaka-1,,,,26,43412,
4-7-25-None-417-adm-lou-lalaa-27,4-7-25-None-417-adm-lou-lalaa,hawaiian-nalopilau-1,,,,27,43413,
4-7-25-None-417-pn-niuean-moko-1,4-7-25-None-417-pn-niuean-moko,niuean-moko-1,,,,1,43414,
4-7-25-None-417-pn-niuean-moko-2,4-7-25-None-417-pn-niuean-moko,niuean-mokoelo-1,,,,2,43415,
4-7-25-None-417-pn-niuean-moko-3,4-7-25-None-417-pn-niuean-moko,niuean-mokomanini-1,,,,3,43416,
4-7-25-None-417-pn-niuean-moko-4,4-7-25-None-417-pn-niuean-moko,niuean-mokomaa-1,,,,4,43417,
4-7-25-None-417-pn-niuean-moko-5,4-7-25-None-417-pn-niuean-moko,niuean-mokomoamoa-1,,,,5,43418,
4-7-25-None-417-pn-niuean-moko-6,4-7-25-None-417-pn-niuean-moko,niuean-mokoniu-1,,,,6,43419,
4-7-25-None-417-pn-niuean-moko-7,4-7-25-None-417-pn-niuean-moko,niuean-mokotafa-1,,,,7,43420,
4-7-25-None-417-pn-niuean-moko-8,4-7-25-None-417-pn-niuean-moko,niuean-mokotalia-1,,,,8,43421,
4-7-25-None-417-pn-niuean-moko-9,4-7-25-None-417-pn-niuean-moko,niuean-mokova-1,,,,9,43422,
4-7-25-None-417-pn-niuean-moko-10,4-7-25-None-417-pn-niuean-moko,tongan-moko-1,,,,10,43423,
4-7-25-None-417-pn-niuean-moko-11,4-7-25-None-417-pn-niuean-moko,tongan-mokohula-1,,,,11,43424,
4-7-25-None-417-pn-niuean-moko-12,4-7-25-None-417-pn-niuean-moko,tongan-mokohunu-1,,,,12,43425,
4-7-25-None-417-pn-niuean-moko-13,4-7-25-None-417-pn-niuean-moko,tongan-mokomokotuaniu-1,,,,13,43426,
4-7-25-None-417-pn-niuean-moko-14,4-7-25-None-417-pn-niuean-moko,tongan-mokotola-1,,,,14,43427,
4-7-25-None-417-pn-niuean-moko-15,4-7-25-None-417-pn-niuean-moko,hawaiian-moo-1,,,,15,43428,
4-7-25-None-417-pn-niuean-moko-16,4-7-25-None-417-pn-niuean-moko,hawaiian-moohueloawa-1,,,,16,43429,
4-7-25-None-417-pn-niuean-moko-17,4-7-25-None-417-pn-niuean-moko,hawaiian-moonihoawa-1,,,,17,43430,
1-4-4-1-89-adm-loniu-mati-1,1-4-4-1-89-adm-loniu-mati,loniu-mati-1,,,,1,43431,
1-4-4-1-89-adm-loniu-mati-2,1-4-4-1-89-adm-loniu-mati,takia-mait-1,,,,2,43432,
1-4-4-1-89-adm-loniu-mati-3,1-4-4-1-89-adm-loniu-mati,manam-moita-1,,,,3,43433,
1-4-4-1-89-adm-loniu-mati-4,1-4-4-1-89-adm-loniu-mati,kairiru-meit-1,,,,4,43434,
1-4-4-1-89-adm-loniu-mati-5,1-4-4-1-89-adm-loniu-mati,tawala-masimasi-1,,,,5,43435,
1-4-4-1-93-pn-rapanui-mata-1,1-4-4-1-93-pn-rapanui-mata,rapanui-mata-1,,,,1,43436,
1-4-4-1-93-pn-rapanui-mata-2,1-4-4-1-93-pn-rapanui-mata,maori-mata-2,,,,2,43437,
1-4-4-1-93-pn-rapanui-mata-3,1-4-4-1-93-pn-rapanui-mata,hawaiian-maka-2,,,,3,43438,
1-4-5-1-97-ses-lau-maku-1,1-4-5-1-97-ses-lau-maku,lau-maku-1,,,,1,43439,
1-4-5-1-97-ses-lau-maku-2,1-4-5-1-97-ses-lau-maku,kwaio-maku-1,,,,2,43440,
1-4-5-1-97-ses-lau-maku-3,1-4-5-1-97-ses-lau-maku,areare-maku-1,,,,3,43441,
1-5-8-2-132-ses-arosi-sui-1,1-5-8-2-132-ses-arosi-sui,arosi-sui-2,,,,1,43442,
1-5-8-2-132-ses-arosi-sui-2,1-5-8-2-132-ses-arosi-sui,mota-sug-1,,,,2,43443,
1-5-8-2-132-ses-arosi-sui-3,1-5-8-2-132-ses-arosi-sui,bauanfijian-uki-1,,,,3,43444,
1-6-2-1-145-nng-maposbuang-vakrur-1,1-6-2-1-145-nng-maposbuang-vakrur,maposbuang-vakrur-1,,,,1,43445,
1-6-2-1-145-nng-maposbuang-vakrur-2,1-6-2-1-145-nng-maposbuang-vakrur,bing-baba-1,,,,2,43446,
1-6-2-5-147-adm-mussau-atukotolu-1,1-6-2-5-147-adm-mussau-atukotolu,mussau-atukotolu-1,,,,1,43447,
1-6-2-5-147-adm-mussau-atukotolu-2,1-6-2-5-147-adm-mussau-atukotolu,motu-bodika-1,,,,2,43448,
1-6-2-5-147-adm-mussau-atukotolu-3,1-6-2-5-147-adm-mussau-atukotolu,muyuw-alikwaw-1,,,,3,43449,
1-6-2-5-147-adm-mussau-atukotolu-4,1-6-2-5-147-adm-mussau-atukotolu,molima-dukuduku-1,,,,4,43450,
1-6-2-5-147-adm-mussau-atukotolu-5,1-6-2-5-147-adm-mussau-atukotolu,wayan-soqitavatu-1,,,,5,43451,
1-6-2-5-147-adm-mussau-atukotolu-6,1-6-2-5-147-adm-mussau-atukotolu,yasawa-sue-1,,,,6,43452,
1-7-2-1-178-wmp-malay-waka-1,1-7-2-1-178-wmp-malay-waka,malay-waka-1,,,,1,43453,
1-7-2-1-178-wmp-malay-waka-2,1-7-2-1-178-wmp-malay-waka,javanese-waka-1,,,,2,43454,
1-7-2-1-178-wmp-malay-waka-3,1-7-2-1-178-wmp-malay-waka,ngajudayak-vaka-1,,,,3,43455,
1-7-2-2-184-nng-kove-lae-1,1-7-2-2-184-nng-kove-lae,kove-lae-1,,,,1,43456,
1-7-2-2-184-nng-kove-lae-2,1-7-2-2-184-nng-kove-lae,nakanai-lage-1,,,,2,43457,
1-9-3-None-245-pt-iduna-talakehi-1,1-9-3-None-245-pt-iduna-talakehi,iduna-talakehi-1,,,,1,43458,
1-9-3-None-245-pt-iduna-talakehi-2,1-9-3-None-245-pt-iduna-talakehi,iduna-talakelikeli-1,,,,2,43459,
1-9-3-None-245-pt-iduna-talakehi-3,1-9-3-None-245-pt-iduna-talakehi,iduna-talakowa-1,,,,3,43460,
1-9-3-None-245-pt-iduna-talakehi-4,1-9-3-None-245-pt-iduna-talakehi,iduna-talakaili-1,,,,4,43461,
1-9-3-None-245-pt-iduna-talakehi-5,1-9-3-None-245-pt-iduna-talakehi,iduna-talakanekwane-1,,,,5,43462,
1-9-3-None-245-pt-iduna-talakehi-6,1-9-3-None-245-pt-iduna-talakehi,iduna-talalukuwe-1,,,,6,43463,
1-9-3-None-245-pt-iduna-talakehi-7,1-9-3-None-245-pt-iduna-talakehi,iduna-talamuhumuhu-1,,,,7,43464,
1-9-3-None-245-pt-iduna-talakehi-8,1-9-3-None-245-pt-iduna-talakehi,iduna-talabwaebwae-1,,,,8,43465,
1-9-3-None-245-pt-iduna-talakehi-9,1-9-3-None-245-pt-iduna-talakehi,iduna-taladobo-1,,,,9,43466,
1-9-3-None-245-pt-iduna-talakehi-10,1-9-3-None-245-pt-iduna-talakehi,iduna-taladone-1,,,,10,43467,
1-9-3-None-245-pt-iduna-talakehi-11,1-9-3-None-245-pt-iduna-talakehi,iduna-talagolohi-1,,,,11,43468,
1-9-3-1-248-ses-longgu-mousi-1,1-9-3-1-248-ses-longgu-mousi,longgu-mousi-1,,,,1,43469,
1-9-3-1-248-ses-longgu-mousi-2,1-9-3-1-248-ses-longgu-mousi,saa-mousi-1,,,,2,43470,
1-9-3-1-248-ses-longgu-mousi-3,1-9-3-1-248-ses-longgu-mousi,arosi-mosi-1,,,,3,43471,
1-9-3-1-248-ses-longgu-mousi-4,1-9-3-1-248-ses-longgu-mousi,lau-musi-1,,,,4,43472,
1-9-7-None-284-pt-iduna-vilo-1,1-9-7-None-284-pt-iduna-vilo,iduna-vilo-1,,,,1,12882,
1-9-7-None-284-pt-iduna-vilo-2,1-9-7-None-284-pt-iduna-vilo,kwaio-filofilo-1,,,,2,12884,
1-9-7-None-284-pt-iduna-vilo-3,1-9-7-None-284-pt-iduna-vilo,areare-hirosi-2,,,,3,12898,
1-9-7-None-284-pt-iduna-vilo-4,1-9-7-None-284-pt-iduna-vilo,wayan-vilo-1,,,,4,12902,
1-9-7-None-284-pt-iduna-vilo-5,1-9-7-None-284-pt-iduna-vilo,wayan-viloi-1,,,,5,43473,
5-2-2-1-40-adm-mussau-tauninamanama-1,5-2-2-1-40-adm-mussau-tauninamanama,mussau-tauninamanama-1,,,,1,43474,
5-2-2-1-40-adm-mussau-tauninamanama-2,5-2-2-1-40-adm-mussau-tauninamanama,mussau-taunikinari-1,,,,2,43475,
5-2-2-1-40-adm-mussau-tauninamanama-3,5-2-2-1-40-adm-mussau-tauninamanama,mussau-tauainoonooanna-1,,,,3,43476,
5-2-2-1-40-adm-mussau-tauninamanama-4,5-2-2-1-40-adm-mussau-tauninamanama,mussau-tauainamaasi-1,,,,4,43477,
5-2-2-1-40-adm-mussau-tauninamanama-5,5-2-2-1-40-adm-mussau-tauninamanama,mussau-tauaissateeira-1,,,,5,43478,
5-2-2-1-40-adm-mussau-tauninamanama-6,5-2-2-1-40-adm-mussau-tauninamanama,mussau-taunitamaikaaia-1,,,,6,43479,
5-2-2-1-40-adm-mussau-tauninamanama-7,5-2-2-1-40-adm-mussau-tauninamanama,minaveha-tauvivenena-1,,,,7,43480,
5-2-2-1-40-adm-mussau-tauninamanama-8,5-2-2-1-40-adm-mussau-tauninamanama,minaveha-taunonona-1,,,,8,43481,
5-2-2-1-40-adm-mussau-tauninamanama-9,5-2-2-1-40-adm-mussau-tauninamanama,minaveha-taunuauya-1,,,,9,43482,
5-2-2-1-40-adm-mussau-tauninamanama-10,5-2-2-1-40-adm-mussau-tauninamanama,tawala-tudanene-1,,,,10,43483,
5-2-2-1-40-adm-mussau-tauninamanama-11,5-2-2-1-40-adm-mussau-tauninamanama,tawala-tudayadayabu-1,,,,11,43484,
5-2-2-1-40-adm-mussau-tauninamanama-12,5-2-2-1-40-adm-mussau-tauninamanama,gumawana-tokanigiloilo-1,,,,12,43485,
5-2-2-1-40-adm-mussau-tauninamanama-13,5-2-2-1-40-adm-mussau-tauninamanama,gumawana-topiki-1,,,,13,43486,
5-2-2-1-40-adm-mussau-tauninamanama-14,5-2-2-1-40-adm-mussau-tauninamanama,gumawana-tovatulukana-1,,,,14,43487,
5-2-2-1-40-adm-mussau-tauninamanama-15,5-2-2-1-40-adm-mussau-tauninamanama,gumawana-toyausa-1,,,,15,43488,
5-2-2-1-40-adm-mussau-tauninamanama-16,5-2-2-1-40-adm-mussau-tauninamanama,iduna-tobogau-1,,,,16,43489,
5-2-2-1-40-adm-mussau-tauninamanama-17,5-2-2-1-40-adm-mussau-tauninamanama,iduna-tobonaabi-1,,,,17,43490,
5-2-2-1-40-adm-mussau-tauninamanama-18,5-2-2-1-40-adm-mussau-tauninamanama,iduna-todibumuhiga-1,,,,18,43491,
5-2-2-1-40-adm-mussau-tauninamanama-19,5-2-2-1-40-adm-mussau-tauninamanama,iduna-tofaha-1,,,,19,43492,
5-2-2-1-40-adm-mussau-tauninamanama-20,5-2-2-1-40-adm-mussau-tauninamanama,iduna-tofaisewa-1,,,,20,43493,
5-2-2-1-40-adm-mussau-tauninamanama-21,5-2-2-1-40-adm-mussau-tauninamanama,dawawa-taunoya-1,,,,21,43494,
5-2-2-1-40-adm-mussau-tauninamanama-22,5-2-2-1-40-adm-mussau-tauninamanama,dawawa-taupaka-1,,,,22,43495,
5-2-2-1-40-adm-mussau-tauninamanama-23,5-2-2-1-40-adm-mussau-tauninamanama,dawawa-tausuku-1,,,,23,43496,
5-2-2-1-40-adm-mussau-tauninamanama-24,5-2-2-1-40-adm-mussau-tauninamanama,dawawa-tauwaisamasamani-1,,,,24,43497,
5-2-2-1-40-adm-mussau-tauninamanama-25,5-2-2-1-40-adm-mussau-tauninamanama,misima-togulagula-1,,,,25,43498,
5-2-2-1-40-adm-mussau-tauninamanama-26,5-2-2-1-40-adm-mussau-tauninamanama,misima-tohoni-1,,,,26,43499,
5-2-2-1-40-adm-mussau-tauninamanama-27,5-2-2-1-40-adm-mussau-tauninamanama,misima-tokewakewa-1,,,,27,43500,
5-2-2-1-40-adm-mussau-tauninamanama-28,5-2-2-1-40-adm-mussau-tauninamanama,misima-tolosidai-1,,,,28,43501,
5-2-2-1-40-adm-mussau-tauninamanama-29,5-2-2-1-40-adm-mussau-tauninamanama,misima-topahepahenapu-1,,,,29,43502,
5-2-2-1-40-adm-mussau-tauninamanama-30,5-2-2-1-40-adm-mussau-tauninamanama,teop-tokikira-1,,,,30,43503,
5-2-2-1-40-adm-mussau-tauninamanama-31,5-2-2-1-40-adm-mussau-tauninamanama,teop-tokiu-1,,,,31,43504,
5-2-2-1-40-adm-mussau-tauninamanama-32,5-2-2-1-40-adm-mussau-tauninamanama,teop-torarare-1,,,,32,43505,
5-2-2-1-40-adm-mussau-tauninamanama-33,5-2-2-1-40-adm-mussau-tauninamanama,teop-tosuga-1,,,,33,43506,
5-2-2-1-40-adm-mussau-tauninamanama-34,5-2-2-1-40-adm-mussau-tauninamanama,puluwatese-haweyik-1,,,,34,43507,
5-2-2-1-40-adm-mussau-tauninamanama-35,5-2-2-1-40-adm-mussau-tauninamanama,puluwatese-hawfai-1,,,,35,43508,
5-2-2-1-40-adm-mussau-tauninamanama-36,5-2-2-1-40-adm-mussau-tauninamanama,puluwatese-hawhfey-1,,,,36,43509,
5-2-2-1-40-adm-mussau-tauninamanama-37,5-2-2-1-40-adm-mussau-tauninamanama,puluwatese-hawkapu-1,,,,37,43510,
5-2-2-1-40-adm-mussau-tauninamanama-38,5-2-2-1-40-adm-mussau-tauninamanama,puluwatese-hawkkawyim-1,,,,38,43511,
5-2-2-1-40-adm-mussau-tauninamanama-39,5-2-2-1-40-adm-mussau-tauninamanama,puluwatese-hawpe-1,,,,39,43512,
5-2-2-1-40-adm-mussau-tauninamanama-40,5-2-2-1-40-adm-mussau-tauninamanama,carolinian-suxekky-1,,,,40,43513,
5-2-2-1-40-adm-mussau-tauninamanama-41,5-2-2-1-40-adm-mussau-tauninamanama,carolinian-sukkl-1,,,,41,43514,
5-2-2-1-40-adm-mussau-tauninamanama-42,5-2-2-1-40-adm-mussau-tauninamanama,carolinian-susfey-1,,,,42,43515,
5-2-2-1-40-adm-mussau-tauninamanama-43,5-2-2-1-40-adm-mussau-tauninamanama,carolinian-sumr-1,,,,43,43516,
5-2-2-1-40-adm-mussau-tauninamanama-44,5-2-2-1-40-adm-mussau-tauninamanama,carolinian-suffl-1,,,,44,43517,
5-2-2-1-40-adm-mussau-tauninamanama-45,5-2-2-1-40-adm-mussau-tauninamanama,carolinian-sufiyouw-1,,,,45,43518,
5-2-2-1-40-adm-mussau-tauninamanama-46,5-2-2-1-40-adm-mussau-tauninamanama,carolinian-sums-1,,,,46,43519,
5-2-2-1-40-adm-mussau-tauninamanama-47,5-2-2-1-40-adm-mussau-tauninamanama,woleaian-tauyea-1,,,,47,43520,
5-2-2-1-40-adm-mussau-tauninamanama-48,5-2-2-1-40-adm-mussau-tauninamanama,woleaian-taurix-1,,,,48,43521,
5-2-2-1-40-adm-mussau-tauninamanama-49,5-2-2-1-40-adm-mussau-tauninamanama,woleaian-tauyaf-1,,,,49,43522,
5-2-2-1-40-adm-mussau-tauninamanama-50,5-2-2-1-40-adm-mussau-tauninamanama,woleaian-taufarewa-1,,,,50,43523,
5-2-2-1-40-adm-mussau-tauninamanama-51,5-2-2-1-40-adm-mussau-tauninamanama,woleaian-taufita-1,,,,51,43524,
5-2-2-1-40-adm-mussau-tauninamanama-52,5-2-2-1-40-adm-mussau-tauninamanama,woleaian-taufitex-1,,,,52,43525,
5-2-2-1-40-adm-mussau-tauninamanama-53,5-2-2-1-40-adm-mussau-tauninamanama,bauanfijian-daubati-1,,,,53,43526,
5-2-2-1-40-adm-mussau-tauninamanama-54,5-2-2-1-40-adm-mussau-tauninamanama,bauanfijian-daulali-1,,,,54,43527,
5-2-2-1-40-adm-mussau-tauninamanama-55,5-2-2-1-40-adm-mussau-tauninamanama,samoan-taufanua-1,,,,55,43528,
5-2-2-1-40-adm-mussau-tauninamanama-56,5-2-2-1-40-adm-mussau-tauninamanama,samoan-tautai-2,,,,56,43529,
5-2-2-1-40-adm-mussau-tauninamanama-57,5-2-2-1-40-adm-mussau-tauninamanama,samoan-tauuta-1,,,,57,43530,
5-2-2-1-40-adm-mussau-tauninamanama-58,5-2-2-1-40-adm-mussau-tauninamanama,samoan-taumalae-1,,,,58,43531,
5-2-2-1-40-adm-mussau-tauninamanama-59,5-2-2-1-40-adm-mussau-tauninamanama,rennellese-tauhae-1,,,,59,43532,
5-2-2-1-40-adm-mussau-tauninamanama-60,5-2-2-1-40-adm-mussau-tauninamanama,rennellese-taumanaha-1,,,,60,43533,
5-2-2-1-40-adm-mussau-tauninamanama-61,5-2-2-1-40-adm-mussau-tauninamanama,rennellese-tauhinaao-1,,,,61,43534,
5-2-2-1-40-adm-mussau-tauninamanama-62,5-2-2-1-40-adm-mussau-tauninamanama,rennellese-taukese-1,,,,62,43535,
5-2-3-2-56-nng-kaiep-main-1,5-2-3-2-56-nng-kaiep-main,kaiep-main-1,,,,1,43536,
5-2-3-2-56-nng-kaiep-main-2,5-2-3-2-56-nng-kaiep-main,kairiru-moin-1,,,,2,43537,
5-2-3-2-56-nng-kaiep-main-3,5-2-3-2-56-nng-kaiep-main,tarpia-mupin-1,,,,3,43538,
5-2-3-2-56-nng-kaiep-main-4,5-2-3-2-56-nng-kaiep-main,sobei-mefne-1,,,,4,43539,
5-2-3-2-56-nng-kaiep-main-5,5-2-3-2-56-nng-kaiep-main,anus-mofin-1,,,,5,43540,
5-2-3-2-57-nng-kove-tamine-1,5-2-3-2-57-nng-kove-tamine,kove-tamine-1,,,,1,43541,
5-2-3-2-57-nng-kove-tamine-2,5-2-3-2-57-nng-kove-tamine,ali-tamin-1,,,,2,43542,
5-2-3-2-57-nng-kove-tamine-3,5-2-3-2-57-nng-kove-tamine,mutu-tamen-1,,,,3,43543,
5-2-3-2-57-nng-kove-tamine-4,5-2-3-2-57-nng-kove-tamine,sissano-tamen-1,,,,4,43544,
5-2-3-2-57-nng-kove-tamine-5,5-2-3-2-57-nng-kove-tamine,sera-tamei-1,,,,5,43545,
5-2-4-2-65-pt-tawala-kiki-1,5-2-4-2-65-pt-tawala-kiki,tawala-kiki-1,,,,1,43546,
5-2-4-2-65-pt-tawala-kiki-2,5-2-4-2-65-pt-tawala-kiki,notsi-ci-1,,,,2,43547,
5-2-4-2-65-pt-tawala-kiki-3,5-2-4-2-65-pt-tawala-kiki,lihir-cik-1,,,,3,43548,
5-3-4-2-103-wmp-malay-batok-1,5-3-4-2-103-wmp-malay-batok,malay-batok-1,,,,1,43549,
5-3-4-2-103-wmp-malay-batok-2,5-3-4-2-103-wmp-malay-batok,javanese-batuk-1,,,,2,43550,
5-3-4-2-103-wmp-malay-batok-3,5-3-4-2-103-wmp-malay-batok,tetun-ulunfatuk-1,,,,3,43551,
5-3-4-2-103-wmp-malay-batok-4,5-3-4-2-103-wmp-malay-batok,kisar-uluwakun-1,,,,4,43552,
5-3-4-9-120-fij-bauan-dakudakunimata-1,5-3-4-9-120-fij-bauan-dakudakunimata,bauanfijian-dakudakunimata-1,,,,1,43553,
5-3-4-9-120-fij-bauan-dakudakunimata-2,5-3-4-9-120-fij-bauan-dakudakunimata,samoan-laumataalua-1,,,,2,43554,
5-3-4-9-120-fij-bauan-dakudakunimata-3,5-3-4-9-120-fij-bauan-dakudakunimata,samoan-laumataalalo-1,,,,3,43555,
5-3-4-9-120-fij-bauan-dakudakunimata-4,5-3-4-9-120-fij-bauan-dakudakunimata,tikopia-tuamata-1,,,,4,43556,
5-3-4-9-120-fij-bauan-dakudakunimata-5,5-3-4-9-120-fij-bauan-dakudakunimata,tikopia-raromata-1,,,,5,43557,
5-3-4-9-121-adm-loniu-cilimata-1,5-3-4-9-121-adm-loniu-cilimata,loniu-cilimata-1,,,,1,43558,
5-3-4-9-121-adm-loniu-cilimata-2,5-3-4-9-121-adm-loniu-cilimata,kove-matakaliro-1,,,,2,43559,
5-3-4-9-121-adm-loniu-cilimata-3,5-3-4-9-121-adm-loniu-cilimata,kwaio-lodonama-1,,,,3,43560,
5-3-4-9-121-adm-loniu-cilimata-4,5-3-4-9-121-adm-loniu-cilimata,tamambo-toluimata-1,,,,4,43561,
5-3-4-9-121-adm-loniu-cilimata-5,5-3-4-9-121-adm-loniu-cilimata,bauanfijian-yalokanimata-1,,,,5,43562,
5-3-4-9-121-adm-loniu-cilimata-6,5-3-4-9-121-adm-loniu-cilimata,niuean-tegamata-1,,,,6,43563,
5-3-4-9-121-adm-loniu-cilimata-7,5-3-4-9-121-adm-loniu-cilimata,samoan-ioimata-1,,,,7,43564,
5-3-4-9-121-adm-loniu-cilimata-8,5-3-4-9-121-adm-loniu-cilimata,tikopia-kafimata-1,,,,8,43565,
5-3-4-11-125-adm-nyindrou-mununo-1,5-3-4-11-125-adm-nyindrou-mununo,nyindrou-mununo-1,,,,1,43566,
5-3-4-11-125-adm-nyindrou-mununo-2,5-3-4-11-125-adm-nyindrou-mununo,bariai-nunuibaba-1,,,,2,43567,
5-3-4-11-125-adm-nyindrou-mununo-3,5-3-4-11-125-adm-nyindrou-mununo,dami-uyuku-1,,,,3,43568,
5-3-4-11-125-adm-nyindrou-mununo-4,5-3-4-11-125-adm-nyindrou-mununo,takia-uduawan-1,,,,4,43569,
5-3-4-11-125-adm-nyindrou-mununo-5,5-3-4-11-125-adm-nyindrou-mununo,iduna-kabuawa-1,,,,5,43570,
5-3-4-11-125-adm-nyindrou-mununo-6,5-3-4-11-125-adm-nyindrou-mununo,tawala-niudomona-1,,,,6,43571,
5-3-4-11-125-adm-nyindrou-mununo-7,5-3-4-11-125-adm-nyindrou-mununo,lonwolwol-blnghu-1,,,,7,43572,
5-3-5-6-145-adm-nyindrou-druwikabede-1,5-3-5-6-145-adm-nyindrou-druwikabede,nyindrou-druwikabede-1,,,,1,43573,
5-3-5-6-145-adm-nyindrou-druwikabede-2,5-3-5-6-145-adm-nyindrou-druwikabede,takia-giraetatu-1,,,,2,43574,
5-3-5-6-145-adm-nyindrou-druwikabede-3,5-3-5-6-145-adm-nyindrou-druwikabede,dami-siritua-1,,,,3,43575,
5-3-5-6-145-adm-nyindrou-druwikabede-4,5-3-5-6-145-adm-nyindrou-druwikabede,labu-apealugu-1,,,,4,43576,
5-3-5-6-145-adm-nyindrou-druwikabede-5,5-3-5-6-145-adm-nyindrou-druwikabede,patpatar-surdade-1,,,,5,43577,
5-3-5-6-145-adm-nyindrou-druwikabede-6,5-3-5-6-145-adm-nyindrou-druwikabede,roviana-susuriragaraga-1,,,,6,43578,
5-3-5-6-145-adm-nyindrou-druwikabede-7,5-3-5-6-145-adm-nyindrou-druwikabede,kwaio-sulikalao-1,,,,7,43579,
5-3-5-6-145-adm-nyindrou-druwikabede-8,5-3-5-6-145-adm-nyindrou-druwikabede,bauanfijian-suinisarisari-1,,,,8,43580,
5-3-5-6-145-adm-nyindrou-druwikabede-9,5-3-5-6-145-adm-nyindrou-druwikabede,niuean-huikahokaho-1,,,,9,43581,
5-3-5-6-145-adm-nyindrou-druwikabede-10,5-3-5-6-145-adm-nyindrou-druwikabede,samoan-iviasoaso-2,,,,10,43582,
5-3-5-6-145-adm-nyindrou-druwikabede-11,5-3-5-6-145-adm-nyindrou-druwikabede,tikopia-ivikasokaso-2,,,,11,43583,
5-3-5-6-145-adm-nyindrou-druwikabede-12,5-3-5-6-145-adm-nyindrou-druwikabede,sikaiana-ivivakavaka-1,,,,12,43584,
5-3-5-6-146-nng-lukeppono-girigira-1,5-3-5-6-146-nng-lukeppono-girigira,lukep-girigira-1,,,,1,43585,
5-3-5-6-146-nng-lukeppono-girigira-2,5-3-5-6-146-nng-lukeppono-girigira,takia-girae-1,,,,2,43586,
5-3-5-6-146-nng-lukeppono-girigira-3,5-3-5-6-146-nng-lukeppono-girigira,manam-garaa-1,,,,3,43587,
5-3-5-6-146-nng-lukeppono-girigira-4,5-3-5-6-146-nng-lukeppono-girigira,dawawa-girigiri-1,,,,4,43588,
5-3-5-10-151-nng-bariai-piso-1,5-3-5-10-151-nng-bariai-piso,bariai-piso-1,,,,1,43589,
5-3-5-10-151-nng-bariai-piso-2,5-3-5-10-151-nng-bariai-piso,kove-piso-1,,,,2,43590,
5-3-5-10-151-nng-bariai-piso-3,5-3-5-10-151-nng-bariai-piso,malai-piso-1,,,,3,43591,
5-3-5-10-151-nng-bariai-piso-4,5-3-5-10-151-nng-bariai-piso,gitua-piso-1,,,,4,43592,
5-3-5-10-151-nng-bariai-piso-5,5-3-5-10-151-nng-bariai-piso,sio-piso-1,,,,5,43593,
5-3-5-10-151-nng-bariai-piso-6,5-3-5-10-151-nng-bariai-piso,lukep-piso-1,,,,6,43594,
5-3-5-10-151-nng-bariai-piso-7,5-3-5-10-151-nng-bariai-piso,roinji-pisoano-1,,,,7,43595,
5-3-5-10-151-nng-bariai-piso-8,5-3-5-10-151-nng-bariai-piso,wab-pise-1,,,,8,43596,
5-3-5-10-151-nng-bariai-piso-9,5-3-5-10-151-nng-bariai-piso,bilibil-piso-1,,,,9,43597,
5-3-5-10-151-nng-bariai-piso-10,5-3-5-10-151-nng-bariai-piso,akolet-pse-1,,,,10,43598,
5-3-5-10-151-nng-bariai-piso-11,5-3-5-10-151-nng-bariai-piso,bauanfijian-viovio-1,,,,11,43599,
5-3-5-10-152-nng-vehes-vroo-1,5-3-5-10-152-nng-vehes-vroo,vehes-vroo-1,,,,1,43600,
5-3-5-10-152-nng-vehes-vroo-2,5-3-5-10-152-nng-vehes-vroo,mangga-varo-1,,,,2,43601,
5-3-5-10-152-nng-vehes-vroo-3,5-3-5-10-152-nng-vehes-vroo,maposbuang-vro-1,,,,3,43602,
5-3-5-10-152-nng-vehes-vroo-4,5-3-5-10-152-nng-vehes-vroo,patep-plu-2,,,,4,43603,
5-3-5-10-152-nng-vehes-vroo-5,5-3-5-10-152-nng-vehes-vroo,zenag-vlu-1,,,,5,43604,
5-3-5-10-152-nng-vehes-vroo-6,5-3-5-10-152-nng-vehes-vroo,piu-pru-1,,,,6,43605,
5-3-5-10-153-adm-seimat-puto-1,5-3-5-10-153-adm-seimat-puto,seimat-puto-1,,,,1,43606,
5-3-5-10-153-adm-seimat-puto-2,5-3-5-10-153-adm-seimat-puto,lou-puro-1,,,,2,43607,
5-3-5-10-153-adm-seimat-puto-3,5-3-5-10-153-adm-seimat-puto,loniu-koputu-1,,,,3,43608,
5-3-5-10-153-adm-seimat-puto-4,5-3-5-10-153-adm-seimat-puto,manam-buto-1,,,,4,43609,
5-3-5-10-153-adm-seimat-puto-5,5-3-5-10-153-adm-seimat-puto,wogeo-buto-1,,,,5,43610,
5-3-5-10-153-adm-seimat-puto-6,5-3-5-10-153-adm-seimat-puto,tabar-buto-1,,,,6,43611,
5-3-5-10-153-adm-seimat-puto-7,5-3-5-10-153-adm-seimat-puto,sursurunga-but-1,,,,7,43612,
5-3-5-10-153-adm-seimat-puto-8,5-3-5-10-153-adm-seimat-puto,siar-buto-1,,,,8,43613,
5-3-5-10-153-adm-seimat-puto-9,5-3-5-10-153-adm-seimat-puto,label-buto-1,,,,9,43614,
5-3-5-10-153-adm-seimat-puto-10,5-3-5-10-153-adm-seimat-puto,tinputz-puto-1,,,,10,43615,
5-3-5-10-153-adm-seimat-puto-11,5-3-5-10-153-adm-seimat-puto,teop-buto-1,,,,11,43616,
5-3-5-10-153-adm-seimat-puto-12,5-3-5-10-153-adm-seimat-puto,varisi-buto-1,,,,12,43617,
5-3-5-10-153-adm-seimat-puto-13,5-3-5-10-153-adm-seimat-puto,nduke-buto-1,,,,13,43618,
5-3-5-10-153-adm-seimat-puto-14,5-3-5-10-153-adm-seimat-puto,kia-buto-1,,,,14,43619,
5-3-5-10-153-adm-seimat-puto-15,5-3-5-10-153-adm-seimat-puto,gela-buto-1,,,,15,43620,
5-3-5-10-153-adm-seimat-puto-16,5-3-5-10-153-adm-seimat-puto,lengo-buto-1,,,,16,43621,
5-3-5-10-153-adm-seimat-puto-17,5-3-5-10-153-adm-seimat-puto,longgu-bo-1,,,,17,43622,
5-3-5-10-153-adm-seimat-puto-18,5-3-5-10-153-adm-seimat-puto,kwaio-bobou-1,,,,18,43623,
5-3-5-10-153-adm-seimat-puto-19,5-3-5-10-153-adm-seimat-puto,areare-po-1,,,,19,43624,
5-3-5-10-153-adm-seimat-puto-20,5-3-5-10-153-adm-seimat-puto,saa-po-1,,,,20,43625,
5-3-5-10-153-adm-seimat-puto-21,5-3-5-10-153-adm-seimat-puto,kahua-po-1,,,,21,43626,
5-3-5-10-153-adm-seimat-puto-22,5-3-5-10-153-adm-seimat-puto,mota-putoi-1,,,,22,43627,
5-3-5-10-153-adm-seimat-puto-23,5-3-5-10-153-adm-seimat-puto,ambae-buto-1,,,,23,43628,
5-3-5-10-153-adm-seimat-puto-24,5-3-5-10-153-adm-seimat-puto,psv-nabutoi-1,,,,24,43629,
5-3-5-10-153-adm-seimat-puto-25,5-3-5-10-153-adm-seimat-puto,ura-yobut-1,,,,25,43630,
5-3-5-10-153-adm-seimat-puto-26,5-3-5-10-153-adm-seimat-puto,anejom-nopo-1,,,,26,43631,
5-3-5-10-153-adm-seimat-puto-27,5-3-5-10-153-adm-seimat-puto,lenakel-npr-1,,,,27,43632,
5-3-5-10-153-adm-seimat-puto-28,5-3-5-10-153-adm-seimat-puto,kwamera-npreinpurei-1,,,,28,43633,
5-3-5-10-153-adm-seimat-puto-29,5-3-5-10-153-adm-seimat-puto,iaai-bibikv-1,,,,29,43634,
5-3-5-10-153-adm-seimat-puto-30,5-3-5-10-153-adm-seimat-puto,pmic-puto-1,,,,30,43635,
5-3-5-10-153-adm-seimat-puto-31,5-3-5-10-153-adm-seimat-puto,kiribati-puto-1,,,,31,43636,
5-3-5-10-153-adm-seimat-puto-32,5-3-5-10-153-adm-seimat-puto,ponapean-pus-1,,,,32,43637,
5-3-5-10-153-adm-seimat-puto-33,5-3-5-10-153-adm-seimat-puto,woleaian-puse-1,,,,33,43638,
5-3-5-10-153-adm-seimat-puto-34,5-3-5-10-153-adm-seimat-puto,rotuman-pufa-1,,,,34,43639,
5-3-5-10-153-adm-seimat-puto-35,5-3-5-10-153-adm-seimat-puto,wayan-buto-1,,,,35,43640,
5-3-5-10-153-mm-banoni-pocu-1,5-3-5-10-153-mm-banoni-pocu,banoni-pocu-1,,,,1,43641,
5-3-5-10-154-nng-nenaya-bisu-1,5-3-5-10-154-nng-nenaya-bisu,mato-bisu-1,,,,1,43642,
5-3-5-10-154-nng-nenaya-bisu-2,5-3-5-10-154-nng-nenaya-bisu,bing-biso-1,,,,2,43643,
5-3-5-10-154-nng-nenaya-bisu-3,5-3-5-10-154-nng-nenaya-bisu,mindiri-besuonfokon-1,,,,3,43644,
5-3-5-10-154-nng-nenaya-bisu-4,5-3-5-10-154-nng-nenaya-bisu,gedaged-biso-1,,,,4,43645,
5-3-5-10-154-nng-nenaya-bisu-5,5-3-5-10-154-nng-nenaya-bisu,kaiwa-biro-1,,,,5,43646,
5-3-5-10-154-nng-nenaya-bisu-6,5-3-5-10-154-nng-nenaya-bisu,solos-biso-1,,,,6,43647,
5-3-5-10-154-nng-malasanga-boso-1,5-3-5-10-154-nng-malasanga-boso,malasanga-boso-1,,,,1,43648,
5-3-5-10-154-nng-malasanga-boso-2,5-3-5-10-154-nng-malasanga-boso,singorakai-busu-1,,,,2,43649,
5-3-5-10-154-nng-malasanga-boso-3,5-3-5-10-154-nng-malasanga-boso,bing-buso-1,,,,3,43650,
5-3-5-10-154-nng-malasanga-boso-4,5-3-5-10-154-nng-malasanga-boso,megiar-boso-1,,,,4,43651,
5-3-5-10-154-nng-malasanga-boso-5,5-3-5-10-154-nng-malasanga-boso,takia-buso-1,,,,5,43652,
5-3-5-10-154-nng-malasanga-boso-6,5-3-5-10-154-nng-malasanga-boso,numbami-busulu-1,,,,6,43653,
5-3-5-10-154-nng-malasanga-boso-7,5-3-5-10-154-nng-malasanga-boso,minaveha-buo-1,,,,7,43654,
5-3-5-10-154-nng-malasanga-boso-8,5-3-5-10-154-nng-malasanga-boso,gapapaiwa-buo-1,,,,8,43655,
5-3-5-10-154-nng-malasanga-boso-9,5-3-5-10-154-nng-malasanga-boso,tawala-buhoho-1,,,,9,43656,
5-3-5-10-154-nng-malasanga-boso-10,5-3-5-10-154-nng-malasanga-boso,bulu-buro-1,,,,10,43657,
5-3-5-10-154-nng-malasanga-boso-11,5-3-5-10-154-nng-malasanga-boso,nakanai-buso-1,,,,11,43658,
5-3-5-10-154-nng-malasanga-boso-12,5-3-5-10-154-nng-malasanga-boso,meramera-buso-1,,,,12,43659,
5-3-5-10-154-nng-malasanga-boso-13,5-3-5-10-154-nng-malasanga-boso,halia-busoso-1,,,,13,43660,
5-3-5-10-154-nng-malasanga-boso-14,5-3-5-10-154-nng-malasanga-boso,selau-busu-1,,,,14,43661,
5-3-5-10-154-nng-malasanga-boso-15,5-3-5-10-154-nng-malasanga-boso,westguadalcanal-boso-1,,,,15,43662,
5-3-5-10-154-nng-malasanga-boso-16,5-3-5-10-154-nng-malasanga-boso,lau-buto-1,,,,16,43663,
5-3-5-10-154-nng-malasanga-boso-17,5-3-5-10-154-nng-malasanga-boso,kwaraae-buta-1,,,,17,43664,
5-3-6-5-171-nng-takia-ielaben-1,5-3-6-5-171-nng-takia-ielaben,takia-ielaben-1,,,,1,43665,
5-3-6-5-171-nng-takia-ielaben-2,5-3-6-5-171-nng-takia-ielaben,dami-yefat-1,,,,2,43666,
5-3-6-5-171-nng-takia-ielaben-3,5-3-6-5-171-nng-takia-ielaben,iduna-fowaage-1,,,,3,43667,
5-3-6-5-171-nng-takia-ielaben-4,5-3-6-5-171-nng-takia-ielaben,ramoaaina-talianakaki-1,,,37,4,43668,
5-3-6-5-171-nng-takia-ielaben-5,5-3-6-5-171-nng-takia-ielaben,gapapaiwa-kaebire-1,,,,5,43669,
5-3-6-5-171-nng-takia-ielaben-6,5-3-6-5-171-nng-takia-ielaben,tawala-aebile-1,,,,6,43670,
5-3-6-5-171-nng-takia-ielaben-7,5-3-6-5-171-nng-takia-ielaben,ubir-afirin-1,,,,7,43671,
5-3-6-5-171-nng-takia-ielaben-8,5-3-6-5-171-nng-takia-ielaben,misima-aebilabila-1,,,,8,43672,
5-3-6-5-171-pt-dobu-aebatebatete-1,5-3-6-5-171-pt-dobu-aebatebatete,dobu-aebatebatete-1,,,,1,43673,
5-3-6-5-171-pt-dobu-aebatebatete-2,5-3-6-5-171-pt-dobu-aebatebatete,tongan-hiviivae-1,,,,2,43674,
5-3-6-5-171-pt-dobu-aebatebatete-3,5-3-6-5-171-pt-dobu-aebatebatete,samoan-tuasivivae-1,,,,3,43675,
5-3-6-6-173-nng-mutu-axemuri-1,5-3-6-6-173-nng-mutu-axemuri,mutu-axemuri-1,,,,1,43676,
5-3-6-6-173-nng-mutu-axemuri-2,5-3-6-6-173-nng-mutu-axemuri,kove-mulimuli-1,,,,2,43677,
5-3-6-6-173-nng-mutu-axemuri-3,5-3-6-6-173-nng-mutu-axemuri,lukep-kemurim-1,,,,3,43678,
5-3-6-6-173-nng-mutu-axemuri-4,5-3-6-6-173-nng-mutu-axemuri,bariai-aiimul-1,,,,4,43679,
5-3-6-6-173-nng-mutu-axemuri-5,5-3-6-6-173-nng-mutu-axemuri,misima-mulin-1,,,,5,43680,
5-3-6-6-173-nng-mutu-axemuri-6,5-3-6-6-173-nng-mutu-axemuri,vitu-mudinikabe-1,,,,6,43681,
5-3-6-6-173-nng-mutu-axemuri-7,5-3-6-6-173-nng-mutu-axemuri,nakanai-puli-1,,,,7,43682,
5-3-6-6-173-nng-mutu-axemuri-8,5-3-6-6-173-nng-mutu-axemuri,meramera-puli-1,,,,8,43683,
5-3-6-6-173-pn-samoan-tulaaavae-1,5-3-6-6-173-pn-samoan-tulaaavae,samoan-tulaaavae-1,,,,1,43684,
5-3-6-6-173-pn-samoan-tulaaavae-2,5-3-6-6-173-pn-samoan-tulaaavae,maori-turaawaewae-1,,,,2,43685,
5-3-6-8-180-nng-hote-dumsae-1,5-3-6-8-180-nng-hote-dumsae,hote-dumsae-1,,,,1,43686,
5-3-6-8-180-nng-hote-dumsae-2,5-3-6-8-180-nng-hote-dumsae,takia-iepatun-1,,,,2,43687,
5-3-6-8-180-nng-hote-dumsae-3,5-3-6-8-180-nng-hote-dumsae,gumawana-aetolu-1,,,,3,43688,
5-3-6-8-180-nng-hote-dumsae-4,5-3-6-8-180-nng-hote-dumsae,minaveha-aeupu-1,,,,4,43689,
5-3-6-8-180-nng-hote-dumsae-5,5-3-6-8-180-nng-hote-dumsae,siar-tarunkeke-1,,,,5,43690,
5-3-7-1-180-mm-nakanai-hate-1,5-3-7-1-180-mm-nakanai-hate,nakanai-hate-1,,,,1,16937,
5-3-7-1-180-mm-nakanai-hate-2,5-3-7-1-180-mm-nakanai-hate,nakanai-lahatekuru-1,,,,2,43691,
5-3-7-3-183-nng-bukawa-ategasop-1,5-3-7-3-183-nng-bukawa-ategasop,bukawa-ategasop-1,,,,1,43692,
5-3-7-3-183-nng-bukawa-ategasop-2,5-3-7-3-183-nng-bukawa-ategasop,dobu-nuabusobuso-1,,,,2,43693,
5-3-7-3-183-nng-bukawa-ategasop-3,5-3-7-3-183-nng-bukawa-ategasop,bauanfijian-yatemawa-1,,,,3,43694,
5-3-7-9-193-ses-arosi-koraimabe-1,5-3-7-9-193-ses-arosi-koraimabe,arosi-koraimabe-1,,,,1,43695,
5-3-7-9-193-ses-arosi-koraimabe-2,5-3-7-9-193-ses-arosi-koraimabe,mota-womakemake-1,,,,2,43696,
5-3-7-9-193-ses-arosi-koraimabe-3,5-3-7-9-193-ses-arosi-koraimabe,raga-mabe-1,,,,3,43697,
5-3-7-9-193-ses-arosi-koraimabe-4,5-3-7-9-193-ses-arosi-koraimabe,rapanui-mape-1,,,,4,29899,
5-3-7-9-193-ses-arosi-koraimabe-5,5-3-7-9-193-ses-arosi-koraimabe,tahitian-mape-1,,,,5,43698,
5-3-7-9-193-ses-lau-ligiligi-1,5-3-7-9-193-ses-lau-ligiligi,lau-ligiligi-1,,,,1,43699,
5-3-7-9-193-ses-lau-ligiligi-2,5-3-7-9-193-ses-lau-ligiligi,wayan-mogiligili-1,,,,2,43700,
5-3-7-9-193-ses-lau-ligiligi-3,5-3-7-9-193-ses-lau-ligiligi,nadroga-giligili-1,,,,3,43701,
5-3-7-9-193-adm-seimat-huainonu-1,5-3-7-9-193-adm-seimat-huainonu,seimat-huainonu-1,,,,1,43702,
5-3-7-9-193-adm-seimat-huainonu-2,5-3-7-9-193-adm-seimat-huainonu,motu-nadinadi-1,,,,2,43703,
5-3-7-9-193-adm-seimat-huainonu-3,5-3-7-9-193-adm-seimat-huainonu,tolai-lika-1,,,,3,43704,
5-3-7-9-193-adm-seimat-huainonu-4,5-3-7-9-193-adm-seimat-huainonu,teop-pauna-1,,,,4,43705,
5-3-7-9-193-adm-seimat-huainonu-5,5-3-7-9-193-adm-seimat-huainonu,kia-subuna-1,,,,5,43706,
5-3-7-9-193-adm-seimat-huainonu-6,5-3-7-9-193-adm-seimat-huainonu,gela-vuanikola-1,,,,6,43707,
5-3-7-9-193-adm-seimat-huainonu-7,5-3-7-9-193-adm-seimat-huainonu,tolo-piuna-1,,,,7,43708,
5-3-7-9-193-adm-seimat-huainonu-8,5-3-7-9-193-adm-seimat-huainonu,arosi-huaiai-1,,,,8,43709,
5-3-7-9-193-adm-seimat-huainonu-9,5-3-7-9-193-adm-seimat-huainonu,saa-hoidao-1,,,,9,43710,
5-3-7-9-193-adm-seimat-huainonu-10,5-3-7-9-193-adm-seimat-huainonu,samoan-fatumaa-1,,,,10,43711,
5-3-7-9-193-adm-seimat-huainonu-11,5-3-7-9-193-adm-seimat-huainonu,samoan-fatugao-1,,,,11,43712,
5-3-7-10-194-adm-titan-namanumim-1,5-3-7-10-194-adm-titan-namanumim,titan-namanumim-1,,,,1,43713,
5-3-7-10-194-adm-titan-namanumim-2,5-3-7-10-194-adm-titan-namanumim,roviana-koromimi-1,,,,2,43714,
5-3-7-10-194-adm-titan-namanumim-3,5-3-7-10-194-adm-titan-namanumim,gela-keinimimi-1,,,,3,43715,
5-3-7-10-194-adm-titan-namanumim-4,5-3-7-10-194-adm-titan-namanumim,saa-haumimi-1,,,,4,43716,
5-3-7-10-194-adm-titan-namanumim-5,5-3-7-10-194-adm-titan-namanumim,ambae-taamere-1,,,,5,43717,
5-3-7-10-194-adm-titan-namanumim-6,5-3-7-10-194-adm-titan-namanumim,wayan-katonimi-1,,,,6,43718,
5-3-7-10-194-adm-titan-namanumim-7,5-3-7-10-194-adm-titan-namanumim,tongan-taamimi-1,,,,7,43719,
5-3-7-10-194-adm-titan-namanumim-8,5-3-7-10-194-adm-titan-namanumim,samoan-taaamimi-1,,,,8,43720,
5-3-7-10-194-adm-titan-namanumim-9,5-3-7-10-194-adm-titan-namanumim,hawaiian-opumimi-1,,,,9,43721,
5-3-8-1-197-mm-roviana-kolomata-1,5-3-8-1-197-mm-roviana-kolomata,roviana-kolomata-1,,,,1,43722,
5-3-8-1-197-mm-roviana-kolomata-2,5-3-8-1-197-mm-roviana-kolomata,bugotu-kooimata-1,,,,2,43723,
5-3-8-1-197-pt-motu-irurumata-1,5-3-8-1-197-pt-motu-irurumata,motu-irurumata-1,,,,1,43724,
5-3-8-1-197-pt-motu-irurumata-2,5-3-8-1-197-pt-motu-irurumata,bileki-masali-1,,,,2,43725,
5-3-8-1-197-pt-motu-irurumata-3,5-3-8-1-197-pt-motu-irurumata,babatana-sosopoemate-1,,,,3,43726,
5-3-8-3-200-adm-mussau-mausa-1,5-3-8-3-200-adm-mussau-mausa,mussau-mausa-1,,,,1,43727,
5-3-8-3-200-adm-mussau-mausa-2,5-3-8-3-200-adm-mussau-mausa,lou-rous-1,,,,2,43728,
5-3-8-3-200-adm-mussau-mausa-3,5-3-8-3-200-adm-mussau-mausa,buang-ais-1,,,,3,43729,
5-3-8-3-200-adm-mussau-mausa-4,5-3-8-3-200-adm-mussau-mausa,mangseng-us-1,,,,4,43730,
5-3-8-3-200-adm-mussau-mausa-5,5-3-8-3-200-adm-mussau-mausa,atui-eus-1,,,,5,43731,
5-3-8-3-200-adm-mussau-mausa-6,5-3-8-3-200-adm-mussau-mausa,bebeli-musu-1,,,,6,43732,
5-3-8-3-200-adm-mussau-mausa-7,5-3-8-3-200-adm-mussau-mausa,meramera-oso-1,,,,7,43733,
5-3-8-3-200-adm-mussau-mausa-8,5-3-8-3-200-adm-mussau-mausa,solos-nius-1,,,,8,43734,
5-3-8-3-200-adm-mussau-mausa-9,5-3-8-3-200-adm-mussau-mausa,petats-lius-1,,,,9,43735,
5-3-8-4-200-adm-drehet-weyipehea-1,5-3-8-4-200-adm-drehet-weyipehea,drehet-weyipehea-1,,,,1,43736,
5-3-8-4-200-adm-drehet-weyipehea-2,5-3-8-4-200-adm-drehet-weyipehea,mengen-kaomena-1,,,,2,43737,
5-3-8-4-200-adm-drehet-weyipehea-3,5-3-8-4-200-adm-drehet-weyipehea,nemi-wehwa-1,,,,3,43738,
5-4-2-2-218-nng-gedaged-magagau-1,5-4-2-2-218-nng-gedaged-magagau,gedaged-magagau-2,,,,1,43739,
5-4-2-2-218-nng-gedaged-magagau-2,5-4-2-2-218-nng-gedaged-magagau,buang-ayonvunvu-1,,,,2,43740,
5-4-2-2-218-nng-gedaged-magagau-3,5-4-2-2-218-nng-gedaged-magagau,yabem-allmakala-1,,,,3,43741,
5-4-2-2-218-nng-gedaged-magagau-4,5-4-2-2-218-nng-gedaged-magagau,bukawa-almagala-1,,,,4,43742,
5-4-2-2-218-nng-gedaged-magagau-5,5-4-2-2-218-nng-gedaged-magagau,rennellese-maeo-1,,,,5,21055,
5-4-2-2-218-nng-gedaged-magagau-6,5-4-2-2-218-nng-gedaged-magagau,hawaiian-maneo-1,,,,6,43743,
5-4-2-2-220-pn-samoan-fanaua-1,5-4-2-2-220-pn-samoan-fanaua,samoan-fanaua-1,,,,1,43744,
5-4-2-2-220-pn-samoan-fanaua-2,5-4-2-2-220-pn-samoan-fanaua,tikopia-fanaua-1,,,,2,43745,
5-4-2-2-220-pn-samoan-fanaua-3,5-4-2-2-220-pn-samoan-fanaua,maori-anaua-1,,,,3,43746,
5-4-2-2-220-pn-samoan-fanaua-4,5-4-2-2-220-pn-samoan-fanaua,hawaiian-hanauna-1,,,,4,43747,
5-4-3-1-231-nng-maposbuang-rm-1,5-4-3-1-231-nng-maposbuang-rm,maposbuang-rm-1,,,,1,43748,
5-4-3-1-231-nng-maposbuang-rm-2,5-4-3-1-231-nng-maposbuang-rm,gumawana-goba-1,,,,2,43749,
5-4-3-1-231-nng-maposbuang-rm-3,5-4-3-1-231-nng-maposbuang-rm,iduna-kudataula-1,,,,3,43750,
5-4-3-1-231-nng-maposbuang-rm-4,5-4-3-1-231-nng-maposbuang-rm,madak-omon-1,,,,4,43751,
5-4-3-1-231-nng-maposbuang-rm-5,5-4-3-1-231-nng-maposbuang-rm,patpatar-gama-1,,,,5,43752,
5-4-3-1-231-nng-maposbuang-rm-6,5-4-3-1-231-nng-maposbuang-rm,ramoaaina-nain-1,,,,6,43753,
5-4-3-1-231-nng-maposbuang-rm-7,5-4-3-1-231-nng-maposbuang-rm,arosi-mamu-1,,,,7,43754,
5-4-3-1-231-nng-maposbuang-rm-8,5-4-3-1-231-nng-maposbuang-rm,arosi-aubarabara-1,,,,8,43755,
5-4-3-1-231-nng-maposbuang-rm-9,5-4-3-1-231-nng-maposbuang-rm,anejom-aepyan-1,,,,9,43756,
5-4-3-1-231-nng-maposbuang-rm-10,5-4-3-1-231-nng-maposbuang-rm,sye-etki-1,,,,10,43757,
5-4-3-1-231-nng-labu-hugu-1,5-4-3-1-231-nng-labu-hugu,labu-hugu-1,,,,1,43758,
5-4-3-1-231-nng-labu-hugu-2,5-4-3-1-231-nng-labu-hugu,iduna-akayakaya-1,,,,2,43759,
5-4-3-1-231-nng-labu-hugu-3,5-4-3-1-231-nng-labu-hugu,sursurunga-gemnai-1,,,,3,43760,
5-4-3-1-231-nng-labu-hugu-4,5-4-3-1-231-nng-labu-hugu,ramoaaina-bet-1,,,,4,43761,
5-4-3-1-231-nng-labu-hugu-5,5-4-3-1-231-nng-labu-hugu,gela-gonagonagona-1,,,,5,43762,
5-4-3-1-231-nng-labu-hugu-6,5-4-3-1-231-nng-labu-hugu,arosi-onari-1,,,,6,43763,
5-4-3-1-231-nng-labu-hugu-7,5-4-3-1-231-nng-labu-hugu,anejom-lele-2,,,,7,43764,
5-4-3-1-231-nng-labu-hugu-8,5-4-3-1-231-nng-labu-hugu,sye-elat-1,,,,8,43765,
5-4-3-1-232-pt-iduna-onanaga-1,5-4-3-1-232-pt-iduna-onanaga,iduna-onanaga-1,,,,1,43766,
5-4-3-1-232-pt-iduna-onanaga-2,5-4-3-1-232-pt-iduna-onanaga,patpatar-bitebui-1,,,,2,43767,
5-4-3-1-232-pt-iduna-onanaga-3,5-4-3-1-232-pt-iduna-onanaga,sye-aot-1,,,,3,43768,
5-4-3-1-232-pt-iduna-onanaga-4,5-4-3-1-232-pt-iduna-onanaga,wayan-tovi-1,,,,4,43769,
5-4-3-1-232-mm-ramoaaina-odo-1,5-4-3-1-232-mm-ramoaaina-odo,ramoaaina-odo-1,,,,1,43770,
5-4-3-1-232-mm-ramoaaina-odo-2,5-4-3-1-232-mm-ramoaaina-odo,arosi-aukokona-1,,,,2,43771,
5-4-3-1-232-mm-ramoaaina-odo-3,5-4-3-1-232-mm-ramoaaina-odo,tongan-hamu-1,,,,3,17950,
5-4-3-1-232-nng-gedaged-same-1,5-4-3-1-232-nng-gedaged-same,gedaged-same-1,,,,1,43772,
5-4-3-1-232-nng-gedaged-same-2,5-4-3-1-232-nng-gedaged-same,gedaged-samun-1,,,,2,43773,
5-4-3-2-244-adm-seimat-un-1,5-4-3-2-244-adm-seimat-un,seimat-un-1,,,,1,43774,
5-4-3-2-244-adm-seimat-un-2,5-4-3-2-244-adm-seimat-un,seimat-unumi-1,,,,2,43775,
5-4-3-2-244-adm-seimat-un-3,5-4-3-2-244-adm-seimat-un,titan-un-1,,,,3,43776,
5-4-3-2-244-adm-seimat-un-4,5-4-3-2-244-adm-seimat-un,kove-unu-2,,,,4,43777,
5-4-3-2-244-adm-seimat-un-5,5-4-3-2-244-adm-seimat-un,bariai-un-1,,,,5,43778,
5-4-3-2-244-adm-seimat-un-6,5-4-3-2-244-adm-seimat-un,notsi-nun-1,,,,6,43779,
5-4-3-2-244-adm-seimat-un-7,5-4-3-2-244-adm-seimat-un,tabar-unu-1,,,,7,43780,
5-4-3-2-244-adm-seimat-un-8,5-4-3-2-244-adm-seimat-un,lihir-un-1,,,,8,43781,
5-4-3-2-244-adm-seimat-un-9,5-4-3-2-244-adm-seimat-un,mota-un-1,,,,9,43782,
5-4-3-2-244-adm-seimat-un-10,5-4-3-2-244-adm-seimat-un,mota-unuv-1,,,,10,43783,
5-4-3-2-244-adm-seimat-un-11,5-4-3-2-244-adm-seimat-un,sunwadaga-unu-1,,,,11,43784,
5-4-3-2-244-adm-seimat-un-12,5-4-3-2-244-adm-seimat-un,pmic-unuunumi-1,,,,12,43785,
5-4-3-2-244-adm-seimat-un-13,5-4-3-2-244-adm-seimat-un,woleaian-r-1,,,,13,43786,
5-4-3-2-244-adm-seimat-un-14,5-4-3-2-244-adm-seimat-un,woleaian-rmi-1,,,,14,43787,
5-4-3-2-244-adm-seimat-un-15,5-4-3-2-244-adm-seimat-un,puluwatese-wn-3,,,,15,43788,
5-4-3-2-244-adm-seimat-un-16,5-4-3-2-244-adm-seimat-un,puluwatese-wnmi-1,,,,16,43789,
5-4-3-2-244-adm-seimat-un-17,5-4-3-2-244-adm-seimat-un,chuukese-w-5,,,,17,43790,
5-4-3-2-244-adm-seimat-un-18,5-4-3-2-244-adm-seimat-un,chuukese-wmi-1,,,,18,43791,
5-4-3-2-244-adm-seimat-un-19,5-4-3-2-244-adm-seimat-un,boumaa-unu-1,,,,19,43792,
5-4-3-2-244-adm-seimat-un-20,5-4-3-2-244-adm-seimat-un,boumaa-unum-1,,,,20,43793,
5-4-3-2-244-adm-seimat-un-21,5-4-3-2-244-adm-seimat-un,nukuoro-unu-1,,,,21,43794,
5-4-3-2-244-adm-seimat-un-22,5-4-3-2-244-adm-seimat-un,nukuoro-unumia-1,,,,22,43795,
5-4-3-2-244-adm-seimat-un-23,5-4-3-2-244-adm-seimat-un,maori-unu-1,,,,23,43796,
5-4-3-2-244-adm-seimat-un-24,5-4-3-2-244-adm-seimat-un,maori-unumia-1,,,,24,43797,
5-4-3-2-244-nng-tuam-un-1,5-4-3-2-244-nng-tuam-un,tuam-un-1,,,,1,43798,
5-4-3-2-244-nng-tuam-un-2,5-4-3-2-244-nng-tuam-un,malai-un-1,,,,2,43799,
5-4-3-2-244-nng-tuam-un-3,5-4-3-2-244-nng-tuam-un,gitua-unun-1,,,,3,43800,
5-4-3-2-244-nng-tuam-un-4,5-4-3-2-244-nng-tuam-un,malalamai-unun-1,,,,4,43801,
5-4-3-2-244-nng-tuam-un-5,5-4-3-2-244-nng-tuam-un,vitu-inu-1,,,,5,43802,
5-4-3-2-244-nng-tuam-un-6,5-4-3-2-244-nng-tuam-un,bali-inumi-1,,,,6,43803,
5-4-3-2-244-nng-tuam-un-7,5-4-3-2-244-nng-tuam-un,bulu-inu-1,,,,7,43804,
5-4-3-2-244-nng-tuam-un-8,5-4-3-2-244-nng-tuam-un,meramera-inu-1,,,,8,43805,
5-4-3-2-244-nng-tuam-un-9,5-4-3-2-244-nng-tuam-un,longgu-inu-1,,,,9,43806,
5-4-3-2-244-nng-tuam-un-10,5-4-3-2-244-nng-tuam-un,longgu-inuvi-1,,,,10,43807,
5-4-3-3-256-adm-nyindrou-baleamar-1,5-4-3-3-256-adm-nyindrou-baleamar,nyindrou-baleamar-1,,,,1,43808,
5-4-3-3-256-adm-nyindrou-baleamar-2,5-4-3-3-256-adm-nyindrou-baleamar,takia-kulaguitau-1,,,,2,43809,
5-4-3-3-256-adm-nyindrou-baleamar-3,5-4-3-3-256-adm-nyindrou-baleamar,iduna-agogitaina-1,,,,3,43810,
5-4-3-3-256-adm-nyindrou-baleamar-4,5-4-3-3-256-adm-nyindrou-baleamar,toabaita-lioelalaa-1,,,,4,43811,
5-4-3-4-262-mm-vitu-todomi-1,5-4-3-4-262-mm-vitu-todomi,vitu-todomi-1,,,,1,43812,
5-4-3-4-262-mm-vitu-todomi-2,5-4-3-4-262-mm-vitu-todomi,bulu-todo-1,,,,2,43813,
5-4-3-4-262-mm-vitu-todomi-3,5-4-3-4-262-mm-vitu-todomi,bola-todo-1,,,,3,43814,
5-4-3-4-263-pt-kilivila-donomi-1,5-4-3-4-263-pt-kilivila-donomi,kilivila-donomi-1,,,,1,43815,
5-4-3-4-263-pt-kilivila-donomi-2,5-4-3-4-263-pt-kilivila-donomi,tamambo-donomi-1,,,,2,43816,
5-4-3-4-263-pt-kilivila-donomi-3,5-4-3-4-263-pt-kilivila-donomi,ambae-dono-1,,,,3,43817,
5-4-3-4-263-pt-kilivila-donomi-4,5-4-3-4-263-pt-kilivila-donomi,lewo-sinomi-1,,,,4,43818,
5-4-3-4-263-pt-kilivila-donomi-5,5-4-3-4-263-pt-kilivila-donomi,nguna-dinomi-1,,,,5,43819,
5-4-3-4-263-nng-psohoh-klui-1,5-4-3-4-263-nng-psohoh-klui,psohoh-klui-2,,,,1,43820,
5-4-3-4-263-nng-psohoh-klui-2,5-4-3-4-263-nng-psohoh-klui,nokuku-olomi-1,,,,2,43821,
5-4-3-4-263-nng-psohoh-klui-3,5-4-3-4-263-nng-psohoh-klui,kiai-kolomi-1,,,,3,43822,
5-4-3-4-264-mm-tolai-kodom-1,5-4-3-4-264-mm-tolai-kodom,tolai-kodom-1,,,,1,43823,
5-4-3-4-264-mm-tolai-kodom-2,5-4-3-4-264-mm-tolai-kodom,siar-kodom-1,,,,2,43824,
5-4-3-4-264-mm-tolai-kodom-3,5-4-3-4-264-mm-tolai-kodom,tinputz-orom-1,,,,3,43825,
5-4-3-4-264-mm-tolai-kodom-4,5-4-3-4-264-mm-tolai-kodom,teop-oromo-1,,,,4,43826,
5-4-3-4-264-mm-tolai-kodom-5,5-4-3-4-264-mm-tolai-kodom,taiof-korom-1,,,,5,43827,
5-4-3-4-264-mm-tolai-kodom-6,5-4-3-4-264-mm-tolai-kodom,banoni-kokodomo-1,,,,6,43828,
5-4-3-5-270-mm-roviana-memea-1,5-4-3-5-270-mm-roviana-memea,roviana-memea-1,,,,1,43829,
5-4-3-5-270-mm-roviana-memea-2,5-4-3-5-270-mm-roviana-memea,lau-mea-2,,,,2,43830,
5-4-3-5-270-mm-roviana-memea-3,5-4-3-5-270-mm-roviana-memea,saa-meali-1,,,,3,43831,
5-4-3-5-270-mm-roviana-memea-4,5-4-3-5-270-mm-roviana-memea,arosi-meari-1,,,,4,43832,
5-4-4-1-279-nng-bariai-isiilele-1,5-4-4-1-279-nng-bariai-isiilele,bariai-isiilele-1,,,,1,43833,
5-4-4-1-279-nng-bariai-isiilele-2,5-4-4-1-279-nng-bariai-isiilele,mangap-siirere-1,,,,2,43834,
5-4-4-1-279-nng-bariai-isiilele-3,5-4-4-1-279-nng-bariai-isiilele,areare-apunaeahe-1,,,,3,43835,
5-4-4-1-279-nng-bariai-isiilele-4,5-4-4-1-279-nng-bariai-isiilele,toabaita-abueoka-1,,,,4,43836,
5-4-6-2-310-adm-seimat-pulalihian-1,5-4-6-2-310-adm-seimat-pulalihian,seimat-pulalihian-1,,,,1,43837,
5-4-6-2-310-adm-seimat-pulalihian-2,5-4-6-2-310-adm-seimat-pulalihian,seimat-tinunohan-1,,,,2,43838,
5-4-6-2-310-adm-seimat-pulalihian-3,5-4-6-2-310-adm-seimat-pulalihian,kilivila-imamamatila-1,,,,3,43839,
5-4-6-2-310-adm-seimat-pulalihian-4,5-4-6-2-310-adm-seimat-pulalihian,kilivila-imamanona-1,,,,4,43840,
5-4-6-2-310-adm-seimat-pulalihian-5,5-4-6-2-310-adm-seimat-pulalihian,kilivila-imamawoula-1,,,,5,43841,
5-4-6-2-310-nng-mangap-matapot-1,5-4-6-2-310-nng-mangap-matapot,mangap-matapot-1,,,,1,43842,
5-4-6-2-310-nng-mangap-matapot-2,5-4-6-2-310-nng-mangap-matapot,gumawana-mataimasisi-1,,,,2,43843,
5-4-6-2-310-nng-mangap-matapot-3,5-4-6-2-310-nng-mangap-matapot,nehan-matahohou-1,,,,3,43844,
5-4-6-2-311-pt-misima-matakenukenu-1,5-4-6-2-311-pt-misima-matakenukenu,misima-matakenukenu-1,,,,1,43845,
5-4-6-2-311-pt-misima-matakenukenu-2,5-4-6-2-311-pt-misima-matakenukenu,bola-matatulu-2,,,,2,43846,
5-4-6-2-311-pt-misima-matakenukenu-3,5-4-6-2-311-pt-misima-matakenukenu,nakanai-matatutulu-2,,,,3,43847,
5-4-6-2-311-pt-misima-matakenukenu-4,5-4-6-2-311-pt-misima-matakenukenu,meramera-matatulutulu-2,,,,4,43848,
5-4-6-2-311-pt-misima-matakenukenu-5,5-4-6-2-311-pt-misima-matakenukenu,areare-mamauru-1,,,,5,43849,
5-4-6-2-311-pt-misima-matakenukenu-6,5-4-6-2-311-pt-misima-matakenukenu,arosi-mamaurua-1,,,,6,43850,
5-4-6-2-311-pt-misima-matakenukenu-7,5-4-6-2-311-pt-misima-matakenukenu,southefate-metmatur-1,,,,7,43851,
5-4-6-2-311-pt-tawala-matapota-1,5-4-6-2-311-pt-tawala-matapota,tawala-matapota-1,,,,1,43852,
5-4-6-2-311-pt-tawala-matapota-2,5-4-6-2-311-pt-tawala-matapota,motu-mataara-1,,,,2,43853,
5-4-6-2-311-pt-tawala-matapota-3,5-4-6-2-311-pt-tawala-matapota,kwaio-maeoloolo-1,,,,3,43854,
5-4-6-2-311-pt-tawala-matapota-4,5-4-6-2-311-pt-tawala-matapota,mota-matamaraai-1,,,,4,43855,
5-4-6-2-311-pt-tawala-matapota-5,5-4-6-2-311-pt-tawala-matapota,lewo-marakawa-1,,,,5,43856,
5-4-6-2-311-adm-drehet-mataimili-1,5-4-6-2-311-adm-drehet-mataimili,drehet-mataimili-1,,,,1,43857,
5-4-6-2-311-adm-drehet-mataimili-2,5-4-6-2-311-adm-drehet-mataimili,takia-malaiof-1,,,,2,43858,
5-4-6-2-311-adm-drehet-mataimili-3,5-4-6-2-311-adm-drehet-mataimili,iamalele-mataiduduna-1,,,,3,43859,
5-4-6-2-311-adm-drehet-mataimili-4,5-4-6-2-311-adm-drehet-mataimili,iduna-matailowona-1,,,,4,43860,
5-4-6-2-311-adm-drehet-mataimili-5,5-4-6-2-311-adm-drehet-mataimili,tawala-lumatadudu-1,,,,5,43861,
5-4-6-2-311-adm-drehet-mataimili-6,5-4-6-2-311-adm-drehet-mataimili,ramoaaina-mataitutuai-1,,,,6,43862,
5-4-6-2-311-adm-drehet-mataimili-7,5-4-6-2-311-adm-drehet-mataimili,toabaita-maemomoosula-1,,,,7,43863,
5-4-6-2-311-adm-drehet-mataimili-8,5-4-6-2-311-adm-drehet-mataimili,areare-makukurua-1,,,,8,43864,
5-4-6-2-311-adm-drehet-mataimili-9,5-4-6-2-311-adm-drehet-mataimili,lau-maaliai-1,,,,9,43865,
5-4-6-2-311-adm-drehet-mataimili-10,5-4-6-2-311-adm-drehet-mataimili,paamese-metemulo-1,,,,10,43866,
5-4-6-2-312-nng-yabem-lipopo-1,5-4-6-2-312-nng-yabem-lipopo,yabem-lipopo-1,,,,1,43867,
5-4-6-2-312-nng-yabem-lipopo-2,5-4-6-2-312-nng-yabem-lipopo,yabem-liktu-1,,,,2,43868,
5-4-7-5-324-nng-gedaged-duduundidiun-1,5-4-7-5-324-nng-gedaged-duduundidiun,gedaged-duduundidiun-1,,,,1,43869,
5-4-7-5-324-nng-gedaged-duduundidiun-2,5-4-7-5-324-nng-gedaged-duduundidiun,dami-didi-1,,,,2,43870,
5-4-7-5-324-nng-gedaged-duduundidiun-3,5-4-7-5-324-nng-gedaged-duduundidiun,dobu-losakasakalulu-1,,,,3,43871,
5-4-7-5-324-nng-gedaged-duduundidiun-4,5-4-7-5-324-nng-gedaged-duduundidiun,sudest-vide-1,,,,4,43872,
5-4-7-5-324-nng-gedaged-duduundidiun-5,5-4-7-5-324-nng-gedaged-duduundidiun,niuean-tatala-1,,,,5,43873,
5-5-3-16-359-adm-seimat-pulatalitalia-1,5-5-3-16-359-adm-seimat-pulatalitalia,seimat-pulatalitalia-1,,,,1,21322,
5-5-3-16-359-adm-seimat-pulatalitalia-2,5-5-3-16-359-adm-seimat-pulatalitalia,motu-matamadaimadai-1,,,,2,43874,
5-5-3-16-359-adm-seimat-pulatalitalia-3,5-5-3-16-359-adm-seimat-pulatalitalia,dobu-matakwaniweniwe-1,,,,3,43875,
5-5-3-16-359-adm-seimat-pulatalitalia-4,5-5-3-16-359-adm-seimat-pulatalitalia,kilivila-biluyamatala-1,,,,4,43876,
5-5-3-16-359-adm-seimat-pulatalitalia-5,5-5-3-16-359-adm-seimat-pulatalitalia,longgu-mamagali-1,,,,5,43877,
5-5-3-16-359-adm-seimat-pulatalitalia-6,5-5-3-16-359-adm-seimat-pulatalitalia,bauanfijian-matabuto-1,,,,6,43878,
5-6-2-4-381-mm-nakanai-tototulu-1,5-6-2-4-381-mm-nakanai-tototulu,nakanai-tototulu-1,,,,1,43879,
5-6-2-4-381-mm-nakanai-tototulu-2,5-6-2-4-381-mm-nakanai-tototulu,bauanfijian-tekiduru-1,,,,2,43880,
5-6-2-4-381-mm-nakanai-tototulu-3,5-6-2-4-381-mm-nakanai-tototulu,wayan-tikituru-1,,,,3,43881,
5-6-2-4-381-mm-nakanai-tototulu-4,5-6-2-4-381-mm-nakanai-tototulu,niuean-fakatokotui-1,,,,4,43882,
5-6-2-4-381-mm-nakanai-tototulu-5,5-6-2-4-381-mm-nakanai-tototulu,samoan-tootuli-1,,,,5,43883,
5-6-2-4-381-mm-nakanai-tototulu-6,5-6-2-4-381-mm-nakanai-tototulu,eastfutunan-tokotulituutuli-1,,,,6,43884,
5-6-2-4-381-pn-tongan-tuulutui-1,5-6-2-4-381-pn-tongan-tuulutui,tongan-tuulutui-1,,,,1,43885,
5-6-3-1-390-nng-medebur-wa-1,5-6-3-1-390-nng-medebur-wa,medebur-wa-2,,,,1,43886,
5-6-3-1-390-nng-medebur-wa-2,5-6-3-1-390-nng-medebur-wa,ali-wa-1,,,,2,43887,
5-6-3-1-390-nng-medebur-wa-3,5-6-3-1-390-nng-medebur-wa,sissano-wa-1,,,,3,43888,
5-6-3-1-390-nng-medebur-wa-4,5-6-3-1-390-nng-medebur-wa,sera-wa-1,,,,4,43889,
5-6-3-1-390-nng-medebur-wa-5,5-6-3-1-390-nng-medebur-wa,sobei-wo-1,,,,5,36540,
5-6-3-1-390-nng-medebur-wa-6,5-6-3-1-390-nng-medebur-wa,aiwoo-w-1,,,,6,43890,
5-6-6-2-436-adm-loniu-kun-1,5-6-6-2-436-adm-loniu-kun,loniu-kun-1,,,,1,43891,
5-6-6-2-436-adm-loniu-kun-2,5-6-6-2-436-adm-loniu-kun,lou-kun-1,,,,2,43892,
5-6-6-2-436-adm-loniu-kun-3,5-6-6-2-436-adm-loniu-kun,baluan-kun-1,,,,3,43893,
5-6-6-2-436-adm-loniu-kun-4,5-6-6-2-436-adm-loniu-kun,lukep-gud-1,,,,4,43894,
5-6-6-2-436-adm-loniu-kun-5,5-6-6-2-436-adm-loniu-kun,mengen-kule-2,,,,5,43895,
5-6-6-2-436-adm-loniu-kun-6,5-6-6-2-436-adm-loniu-kun,tawala-gedu-1,,,,6,43896,
5-6-6-2-436-adm-loniu-kun-7,5-6-6-2-436-adm-loniu-kun,gapapaiwa-gedu-1,,,,7,43897,
5-6-6-2-436-adm-loniu-kun-8,5-6-6-2-436-adm-loniu-kun,hiw-kt-1,,,,8,43898,
5-8-3-None-503-adm-mussau-noonoo-1,5-8-3-None-503-adm-mussau-noonoo,mussau-noonoo-1,,,,1,43899,
5-8-3-None-503-adm-mussau-noonoo-2,5-8-3-None-503-adm-mussau-noonoo,matukar-no-1,,,,2,43900,
5-8-3-None-503-adm-mussau-noonoo-3,5-8-3-None-503-adm-mussau-noonoo,kayupulau-nono-1,,,,3,43901,
5-8-3-None-503-adm-mussau-noonoo-4,5-8-3-None-503-adm-mussau-noonoo,ormu-nono-1,,,,4,43902,
5-8-3-None-503-adm-mussau-noonoo-5,5-8-3-None-503-adm-mussau-noonoo,banoni-noono-1,,,,5,43903,
5-8-3-None-503-adm-mussau-noonoo-6,5-8-3-None-503-adm-mussau-noonoo,niuean-fanoonoo-1,,,,6,43904,
5-8-3-None-503-adm-mussau-noonoo-7,5-8-3-None-503-adm-mussau-noonoo,tongan-fanooa-1,,,,7,43905,
5-9-1-None-517-adm-seimat-patuailan-1,5-9-1-None-517-adm-seimat-patuailan,seimat-patuailan-1,,,,1,43906,
5-9-1-None-517-adm-seimat-patuailan-2,5-9-1-None-517-adm-seimat-patuailan,bukawa-titagiwingai-1,,,,2,43907,
5-9-1-None-517-adm-seimat-patuailan-3,5-9-1-None-517-adm-seimat-patuailan,kilivila-itutuvovogu-1,,,,3,43908,
5-9-1-None-517-adm-seimat-patuailan-4,5-9-1-None-517-adm-seimat-patuailan,nakanai-lahatelamamasi-1,,,,4,43909,
5-9-1-None-517-adm-seimat-patuailan-5,5-9-1-None-517-adm-seimat-patuailan,areare-raehitaria-1,,,,5,43910,
5-9-1-None-517-adm-seimat-patuailan-6,5-9-1-None-517-adm-seimat-patuailan,mota-lolobo-1,,,,6,43911,
5-9-1-None-517-adm-seimat-patuailan-7,5-9-1-None-517-adm-seimat-patuailan,woleaian-yetewasisexai-1,,,3,7,43912,
5-9-2-1-521-nng-gitua-atemutu-1,5-9-2-1-521-nng-gitua-atemutu,gitua-atemutu-1,,,,1,43913,
5-9-2-1-521-nng-gitua-atemutu-2,5-9-2-1-521-nng-gitua-atemutu,mutu-ateimot-1,,,,2,43914,
5-9-2-1-521-nng-gitua-atemutu-3,5-9-2-1-521-nng-gitua-atemutu,mutu-ateizi-1,,,,3,43915,
5-9-2-1-521-nng-gitua-atemutu-4,5-9-2-1-521-nng-gitua-atemutu,mutu-ateyabyab-1,,,,4,43916,
5-9-2-1-521-nng-gitua-atemutu-5,5-9-2-1-521-nng-gitua-atemutu,bukawa-ataade-1,,,,5,43917,
5-9-2-1-521-nng-gitua-atemutu-6,5-9-2-1-521-nng-gitua-atemutu,dobu-ateeidaida-1,,,,6,43918,
5-9-2-1-521-nng-gitua-atemutu-7,5-9-2-1-521-nng-gitua-atemutu,dobu-ateguipisali-1,,,,7,43919,
5-9-2-1-521-nng-gitua-atemutu-8,5-9-2-1-521-nng-gitua-atemutu,bwaidoga-asebou-1,,,,8,43920,
5-9-2-1-521-nng-gitua-atemutu-9,5-9-2-1-521-nng-gitua-atemutu,bwaidoga-aseaulolo-1,,,,9,43921,
5-9-2-1-521-nng-gitua-atemutu-10,5-9-2-1-521-nng-gitua-atemutu,bwaidoga-asekolukolu-1,,,,10,43922,
5-9-2-1-521-nng-gitua-atemutu-11,5-9-2-1-521-nng-gitua-atemutu,motu-asekuro-1,,,,11,43923,
5-9-2-1-521-nng-gitua-atemutu-12,5-9-2-1-521-nng-gitua-atemutu,nakanai-lahatelaraga-1,,,,12,43924,
5-9-2-1-521-nng-gitua-atemutu-13,5-9-2-1-521-nng-gitua-atemutu,nakanai-lahatelamamasi-1,,,,13,43909,
5-9-2-1-521-nng-gitua-atemutu-14,5-9-2-1-521-nng-gitua-atemutu,saa-saehirua-1,,,,14,43925,
5-9-2-1-521-nng-gitua-atemutu-15,5-9-2-1-521-nng-gitua-atemutu,saa-saeasi-1,,,,15,43926,
5-9-2-1-521-nng-gitua-atemutu-16,5-9-2-1-521-nng-gitua-atemutu,saa-saetataala-1,,,,16,43927,
5-9-2-1-521-nng-gitua-atemutu-17,5-9-2-1-521-nng-gitua-atemutu,saa-saerukea-1,,,,17,43928,
5-9-2-1-521-nng-gitua-atemutu-18,5-9-2-1-521-nng-gitua-atemutu,saa-saeaelaa-1,,,,18,43929,
5-9-2-1-521-nng-gitua-atemutu-19,5-9-2-1-521-nng-gitua-atemutu,saa-saemao-1,,,,19,43930,
5-9-2-1-521-nng-gitua-atemutu-20,5-9-2-1-521-nng-gitua-atemutu,saa-saehuu-1,,,,20,43931,
5-9-2-1-521-nng-gitua-atemutu-21,5-9-2-1-521-nng-gitua-atemutu,kwaio-laefou-1,,,,21,25757,
5-9-2-1-521-nng-gitua-atemutu-22,5-9-2-1-521-nng-gitua-atemutu,areare-raeriki-1,,,,22,43932,
5-9-2-1-521-nng-gitua-atemutu-23,5-9-2-1-521-nng-gitua-atemutu,areare-raehitaria-1,,,,23,43910,
5-9-2-1-521-nng-gitua-atemutu-24,5-9-2-1-521-nng-gitua-atemutu,marshallese-eccelokacin-1,,,,24,43933,
5-9-2-1-521-nng-gitua-atemutu-25,5-9-2-1-521-nng-gitua-atemutu,bauanfijian-yatedei-1,,,,25,43934,
5-9-2-1-521-nng-gitua-atemutu-26,5-9-2-1-521-nng-gitua-atemutu,bauanfijian-yatelevu-1,,,,26,43935,
5-9-2-1-521-nng-gitua-atemutu-27,5-9-2-1-521-nng-gitua-atemutu,wayan-atelevu-1,,,,27,43936,
5-9-2-1-521-nng-gitua-atemutu-28,5-9-2-1-521-nng-gitua-atemutu,rennellese-kaiate-1,,,,28,43937,
5-9-2-2-524-nng-mutu-loloita-1,5-9-2-2-524-nng-mutu-loloita,mutu-loloita-1,,,,1,43938,
5-9-2-2-524-nng-mutu-loloita-2,5-9-2-2-524-nng-mutu-loloita,mutu-loloisami-1,,,,2,43939,
5-9-2-2-524-nng-mutu-loloita-3,5-9-2-2-524-nng-mutu-loloita,mutu-loloigur-1,,,,3,43940,
5-9-2-2-524-nng-mutu-loloita-4,5-9-2-2-524-nng-mutu-loloita,gedaged-ilongage-1,,,,4,43941,
5-9-2-2-524-nng-mutu-loloita-5,5-9-2-2-524-nng-mutu-loloita,gedaged-ilondaan-1,,,,5,43942,
5-9-2-2-524-nng-mutu-loloita-6,5-9-2-2-524-nng-mutu-loloita,gedaged-ilonkebaze-1,,,,6,43943,
5-9-2-2-524-nng-mutu-loloita-7,5-9-2-2-524-nng-mutu-loloita,yabem-awapa-2,,,,7,43944,
5-9-2-2-524-nng-mutu-loloita-8,5-9-2-2-524-nng-mutu-loloita,mangap-leleisana-1,,,,8,43945,
5-9-2-2-524-nng-mutu-loloita-9,5-9-2-2-524-nng-mutu-loloita,mangap-leleabai-1,,,,9,43946,
5-9-2-2-524-nng-mutu-loloita-10,5-9-2-2-524-nng-mutu-loloita,motu-laloharaga-1,,,,10,43947,
5-9-2-2-524-nng-mutu-loloita-11,5-9-2-2-524-nng-mutu-loloita,motu-lalosiahu-1,,,,11,43948,
5-9-2-2-524-nng-mutu-loloita-12,5-9-2-2-524-nng-mutu-loloita,motu-lalohesiku-1,,,,12,43949,
5-9-2-2-524-nng-mutu-loloita-13,5-9-2-2-524-nng-mutu-loloita,motu-laloauka-1,,,,13,43950,
5-9-2-2-524-nng-mutu-loloita-14,5-9-2-2-524-nng-mutu-loloita,motu-lalohaguhi-1,,,,14,43951,
5-9-2-2-524-nng-mutu-loloita-15,5-9-2-2-524-nng-mutu-loloita,motu-lalometau-1,,,,15,43952,
5-9-2-2-524-nng-mutu-loloita-16,5-9-2-2-524-nng-mutu-loloita,motu-lalotamona-1,,,,16,43953,
5-9-2-2-524-nng-mutu-loloita-17,5-9-2-2-524-nng-mutu-loloita,lala-lalonama-1,,,,17,43954,
5-9-2-2-524-nng-mutu-loloita-18,5-9-2-2-524-nng-mutu-loloita,nakanai-iloburuko-1,,,,18,43955,
5-9-2-2-524-nng-mutu-loloita-19,5-9-2-2-524-nng-mutu-loloita,nakanai-ilovilovi-1,,,,19,43956,
5-9-2-2-524-nng-mutu-loloita-20,5-9-2-2-524-nng-mutu-loloita,nakanai-ilotavu-1,,,,20,43957,
5-9-2-2-524-nng-mutu-loloita-21,5-9-2-2-524-nng-mutu-loloita,mota-loloanu-1,,,,21,43958,
5-9-2-2-524-nng-mutu-loloita-22,5-9-2-2-524-nng-mutu-loloita,mota-lolomagarosa-1,,,,22,43959,
5-9-2-2-524-nng-mutu-loloita-23,5-9-2-2-524-nng-mutu-loloita,mota-lolowia-1,,,,23,43960,
5-9-2-2-524-nng-mutu-loloita-24,5-9-2-2-524-nng-mutu-loloita,mota-lolomalumlum-1,,,,24,43961,
5-9-2-2-524-nng-mutu-loloita-25,5-9-2-2-524-nng-mutu-loloita,mota-lolovaruarua-1,,,,25,43962,
5-9-2-2-524-nng-mutu-loloita-26,5-9-2-2-524-nng-mutu-loloita,mota-lologagara-1,,,,26,43963,
5-9-2-2-524-nng-mutu-loloita-27,5-9-2-2-524-nng-mutu-loloita,mota-lolomaran-1,,,,27,43964,
5-9-2-2-524-nng-mutu-loloita-28,5-9-2-2-524-nng-mutu-loloita,mota-lolobo-1,,,,28,43965,
5-9-2-2-524-nng-mutu-loloita-29,5-9-2-2-524-nng-mutu-loloita,mota-lolowono-1,,,,29,43966,
5-9-2-2-524-nng-mutu-loloita-30,5-9-2-2-524-nng-mutu-loloita,paamese-enmese-1,,,,30,43967,
5-9-2-2-524-nng-mutu-loloita-31,5-9-2-2-524-nng-mutu-loloita,paamese-envobo-1,,,,31,43968,
5-9-2-2-524-nng-mutu-loloita-32,5-9-2-2-524-nng-mutu-loloita,paamese-envon-1,,,,32,43969,
5-9-2-2-524-nng-mutu-loloita-33,5-9-2-2-524-nng-mutu-loloita,paamese-enmahisi-1,,,,33,43970,
5-9-2-2-524-nng-mutu-loloita-34,5-9-2-2-524-nng-mutu-loloita,paamese-enkas-1,,,,34,43971,
5-9-2-2-524-nng-mutu-loloita-35,5-9-2-2-524-nng-mutu-loloita,araki-lolokoru-1,,,,35,43972,
5-9-2-2-524-nng-mutu-loloita-36,5-9-2-2-524-nng-mutu-loloita,tamambo-lolokorukoru-1,,,,36,43973,
5-9-2-2-524-nng-mutu-loloita-37,5-9-2-2-524-nng-mutu-loloita,tamambo-lolojivo-1,,,,37,43974,
5-9-2-2-524-nng-mutu-loloita-38,5-9-2-2-524-nng-mutu-loloita,nokuku-lolonoora-1,,,,38,43975,
5-9-2-2-524-nng-mutu-loloita-39,5-9-2-2-524-nng-mutu-loloita,kwamera-reriragien-1,,,,39,43976,
5-9-2-2-524-nng-mutu-loloita-40,5-9-2-2-524-nng-mutu-loloita,kwamera-rerirarhi-1,,,,40,43977,
5-9-2-2-524-nng-mutu-loloita-41,5-9-2-2-524-nng-mutu-loloita,kiribati-nanoaa-1,,,,41,43978,
5-9-2-2-524-nng-mutu-loloita-42,5-9-2-2-524-nng-mutu-loloita,kiribati-nanopuaka-1,,,,42,43979,
5-9-2-2-524-nng-mutu-loloita-43,5-9-2-2-524-nng-mutu-loloita,kiribati-nanoata-1,,,,43,43980,
5-9-2-2-524-nng-mutu-loloita-44,5-9-2-2-524-nng-mutu-loloita,kiribati-nanomatoa-1,,,,44,43981,
5-9-2-2-524-nng-mutu-loloita-45,5-9-2-2-524-nng-mutu-loloita,kiribati-nanokawa-1,,,,45,43982,
5-9-2-2-524-nng-mutu-loloita-46,5-9-2-2-524-nng-mutu-loloita,kiribati-nanoparaki-1,,,,46,43983,
5-9-2-2-524-nng-mutu-loloita-47,5-9-2-2-524-nng-mutu-loloita,kiribati-nanomano-1,,,,47,43984,
5-9-2-2-524-nng-mutu-loloita-48,5-9-2-2-524-nng-mutu-loloita,kiribati-nanomara-1,,,,48,43985,
5-9-2-2-524-nng-mutu-loloita-49,5-9-2-2-524-nng-mutu-loloita,woleaian-raroilai-1,,,,49,43986,
5-9-2-2-524-nng-mutu-loloita-50,5-9-2-2-524-nng-mutu-loloita,woleaian-raromeiu-1,,,,50,43987,
5-9-2-2-524-nng-mutu-loloita-51,5-9-2-2-524-nng-mutu-loloita,mokilese-lleid-1,,,,51,43988,
5-9-2-2-524-nng-mutu-loloita-52,5-9-2-2-524-nng-mutu-loloita,mokilese-lm-1,,,,52,43989,
5-9-2-2-524-nng-mutu-loloita-53,5-9-2-2-524-nng-mutu-loloita,chuukese-ieuie-1,,,,53,43990,
5-9-2-2-524-nng-mutu-loloita-54,5-9-2-2-524-nng-mutu-loloita,chuukese-wuw-1,,,,54,43991,
5-9-2-2-524-nng-mutu-loloita-55,5-9-2-2-524-nng-mutu-loloita,bauanfijian-lomaa-1,,,,55,43992,
5-9-2-2-524-nng-mutu-loloita-56,5-9-2-2-524-nng-mutu-loloita,bauanfijian-lomalomarua-1,,,,56,43993,
5-9-2-2-524-nng-mutu-loloita-57,5-9-2-2-524-nng-mutu-loloita,bauanfijian-lomaqa-1,,,,57,43994,
5-9-2-2-524-nng-mutu-loloita-58,5-9-2-2-524-nng-mutu-loloita,bauanfijian-lomakasa-1,,,,58,43995,
5-9-3-None-525-nng-takia-ilowei-1,5-9-3-None-525-nng-takia-ilowei,takia-ilowei-1,,,,1,43996,
5-9-3-None-525-nng-takia-ilowei-2,5-9-3-None-525-nng-takia-ilowei,takia-ilomurua-1,,,,2,43997,
5-9-3-None-525-nng-takia-ilowei-3,5-9-3-None-525-nng-takia-ilowei,takia-bubeyaiinani-1,,,,3,43998,
5-9-3-None-525-nng-takia-ilowei-4,5-9-3-None-525-nng-takia-ilowei,takia-bubesakar-1,,,,4,43999,
5-9-3-None-525-nng-takia-ilowei-5,5-9-3-None-525-nng-takia-ilowei,takia-awailo-1,,,,5,44000,
5-9-3-None-525-nng-takia-ilowei-6,5-9-3-None-525-nng-takia-ilowei,takia-awauraru-1,,,,6,44001,
5-9-3-None-525-nng-takia-ilowei-7,5-9-3-None-525-nng-takia-ilowei,takia-naoididi-1,,,,7,44002,
5-9-3-None-526-pt-kiriwina-itutuvovogu-1,5-9-3-None-526-pt-kiriwina-itutuvovogu,kilivila-itutuvovogu-2,,,,1,44003,
5-9-3-None-526-pt-kiriwina-itutuvovogu-2,5-9-3-None-526-pt-kiriwina-itutuvovogu,kilivila-ikubukubunanogu-1,,,,2,44004,
5-9-3-None-526-pt-kiriwina-itutuvovogu-3,5-9-3-None-526-pt-kiriwina-itutuvovogu,kilivila-iyowalopola-1,,,,3,44005,
5-9-3-None-526-pt-kiriwina-itutuvovogu-4,5-9-3-None-526-pt-kiriwina-itutuvovogu,kilivila-ikapisilopola-1,,,,4,44006,
5-9-3-None-526-pt-kiriwina-itutuvovogu-5,5-9-3-None-526-pt-kiriwina-itutuvovogu,kilivila-iminimanidabala-1,,,,5,44007,
5-9-3-None-526-pt-kiriwina-itutuvovogu-6,5-9-3-None-526-pt-kiriwina-itutuvovogu,kilivila-igibumatila-1,,,,6,44008,
5-9-3-None-526-pt-dobu-nuayai-1,5-9-3-None-526-pt-dobu-nuayai,dobu-nuayai-1,,,,1,44009,
5-9-3-None-526-pt-dobu-nuayai-2,5-9-3-None-526-pt-dobu-nuayai,dobu-atepisali-1,,,,2,44010,
5-9-3-None-526-pt-dobu-nuayai-3,5-9-3-None-526-pt-dobu-nuayai,minaveha-nuaviavini-1,,,,3,44011,
5-9-3-None-526-pt-dobu-nuayai-4,5-9-3-None-526-pt-dobu-nuayai,minaveha-nuapania-1,,,,4,44012,
5-9-3-None-526-pt-dobu-nuayai-5,5-9-3-None-526-pt-dobu-nuayai,bwaidoga-nuwaabodana-1,,,,5,44013,
5-9-3-None-526-pt-dobu-nuayai-6,5-9-3-None-526-pt-dobu-nuayai,bwaidoga-asekolukolu-2,,,,6,44014,
5-9-3-None-526-pt-dobu-nuayai-7,5-9-3-None-526-pt-dobu-nuayai,bwaidoga-atevatu-1,,,,7,44015,
5-9-3-None-526-pt-dobu-atenuaoleole-1,5-9-3-None-526-pt-dobu-atenuaoleole,dobu-atenuaoleole-1,,,,1,44016,
5-9-3-None-526-pt-dobu-atenuaoleole-2,5-9-3-None-526-pt-dobu-atenuaoleole,minaveha-atenuanuai-1,,,,2,44017,
5-9-3-None-527-ses-lau-manataburo-1,5-9-3-None-527-ses-lau-manataburo,lau-manataburo-1,,,,1,44018,
5-9-3-None-527-ses-lau-manataburo-2,5-9-3-None-527-ses-lau-manataburo,lau-manataofu-1,,,,2,44019,
5-9-3-None-527-ses-lau-manataburo-3,5-9-3-None-527-ses-lau-manataburo,lau-manatamamana-1,,,,3,44020,
5-9-3-None-527-ses-lau-manataburo-4,5-9-3-None-527-ses-lau-manataburo,kwaio-manatafana-1,,,,4,44021,
5-9-3-None-527-ses-lau-manataburo-5,5-9-3-None-527-ses-lau-manataburo,kwaio-manatadalia-1,,,,5,44022,
5-9-3-None-527-ses-lau-manataburo-6,5-9-3-None-527-ses-lau-manataburo,kwaio-manataafu-1,,,,6,44023,
5-9-3-None-527-ses-lau-manataburo-7,5-9-3-None-527-ses-lau-manataburo,kwaio-manataoli-1,,,,7,44024,
5-9-3-None-527-ses-lau-manataburo-8,5-9-3-None-527-ses-lau-manataburo,toabaita-manatadora-1,,,,8,44025,
5-9-3-None-527-ses-lau-manataburo-9,5-9-3-None-527-ses-lau-manataburo,toabaita-manataleqala-1,,,,9,44026,
5-9-3-None-527-ses-lau-manataburo-10,5-9-3-None-527-ses-lau-manataburo,toabaita-manatakuluqala-1,,,,10,44027,
5-9-3-None-527-ses-lau-manataburo-11,5-9-3-None-527-ses-lau-manataburo,areare-manatasiani-1,,,,11,44028,
5-9-3-None-527-ses-lau-manataburo-12,5-9-3-None-527-ses-lau-manataburo,areare-manataori-1,,,,12,44029,
5-9-3-None-528-ses-gela-liopadi-1,5-9-3-None-528-ses-gela-liopadi,gela-liopadi-1,,,,1,44030,
5-9-3-None-528-ses-gela-liopadi-2,5-9-3-None-528-ses-gela-liopadi,gela-liodika-1,,,,2,44031,
5-9-3-None-528-ses-gela-liopadi-3,5-9-3-None-528-ses-gela-liopadi,gela-liopapara-1,,,,3,44032,
5-9-3-None-528-ses-gela-liopadi-4,5-9-3-None-528-ses-gela-liopadi,gela-liopatu-2,,,,4,44033,
5-9-3-None-528-ses-gela-liopadi-5,5-9-3-None-528-ses-gela-liopadi,gela-liosakai-1,,,,5,44034,
5-9-3-None-528-ses-gela-liopadi-6,5-9-3-None-528-ses-gela-liopadi,bugotu-liosikei-1,,,,6,44035,
5-9-3-None-528-ses-gela-liopadi-7,5-9-3-None-528-ses-gela-liopadi,lau-liorodoa-1,,,,7,44036,
5-9-3-None-528-ses-gela-liopadi-8,5-9-3-None-528-ses-gela-liopadi,lau-liosasu-1,,,,8,44037,
5-9-3-None-528-ses-gela-liopadi-9,5-9-3-None-528-ses-gela-liopadi,lau-liomabe-1,,,,9,44038,
5-9-3-None-528-ses-gela-liopadi-10,5-9-3-None-528-ses-gela-liopadi,lau-liolalaa-1,,,,10,44039,
5-9-3-None-528-ses-gela-liopadi-11,5-9-3-None-528-ses-gela-liopadi,lau-rosilio-1,,,,11,44040,
5-9-3-None-528-ses-gela-liopadi-12,5-9-3-None-528-ses-gela-liopadi,toabaita-liodila-1,,,,12,44041,
5-9-3-None-528-ses-gela-liopadi-13,5-9-3-None-528-ses-gela-liopadi,toabaita-liodora-1,,,,13,44042,
5-9-3-None-528-ses-gela-liopadi-14,5-9-3-None-528-ses-gela-liopadi,toabaita-liotoqo-1,,,,14,44043,
5-9-3-None-528-tm-vano-warenegamituitu-1,5-9-3-None-528-tm-vano-warenegamituitu,vano-warenegamituitu-1,,,,1,44044,
5-9-3-None-528-tm-vano-warenegamituitu-2,5-9-3-None-528-tm-vano-warenegamituitu,tanema-vasaregamutoito-1,,,,2,44045,
5-9-3-None-528-tm-vano-warenegamituitu-3,5-9-3-None-528-tm-vano-warenegamituitu,burna-awakupaisu-1,,,,3,44046,
5-9-3-None-528-tm-vano-warenegamituitu-4,5-9-3-None-528-tm-vano-warenegamituitu,burna-awaeneiaka-1,,,,4,44047,
5-9-3-None-528-mic-marshallese-borojepel-1,5-9-3-None-528-mic-marshallese-borojepel,marshallese-borojepel-1,,,,1,44048,
5-9-3-None-528-mic-marshallese-borojepel-2,5-9-3-None-528-mic-marshallese-borojepel,marshallese-borokadu-1,,,,2,44049,
5-9-3-None-528-mic-marshallese-borojepel-3,5-9-3-None-528-mic-marshallese-borojepel,marshallese-boropejpej-1,,,,3,44050,
5-9-3-None-528-mic-marshallese-borojepel-4,5-9-3-None-528-mic-marshallese-borojepel,marshallese-borolap-1,,,,4,44051,
5-9-3-None-529-pn-tongan-lotokovi-1,5-9-3-None-529-pn-tongan-lotokovi,tongan-lotokovi-1,,,,1,44052,
5-9-3-None-529-pn-tongan-lotokovi-2,5-9-3-None-529-pn-tongan-lotokovi,niuean-lotokai-1,,,,2,44053,
5-9-3-None-529-pn-tongan-lotokovi-3,5-9-3-None-529-pn-tongan-lotokovi,pukapukan-lotokino-1,,,,3,44054,
5-9-3-None-529-pn-tongan-lotokovi-4,5-9-3-None-529-pn-tongan-lotokovi,samoan-lotoleaa-1,,,,4,44055,
5-9-3-None-529-pn-tongan-lotokovi-5,5-9-3-None-529-pn-tongan-lotokovi,tokelauan-lototele-1,,,,5,44056,
5-9-3-None-529-pn-tongan-lotokovi-6,5-9-3-None-529-pn-tongan-lotokovi,hawaiian-lokoino-1,,,,6,44057,
5-9-3-None-529-pn-samoan-lotovaivai-1,5-9-3-None-529-pn-samoan-lotovaivai,samoan-lotovaivai-1,,,,1,44058,
5-9-3-None-529-pn-samoan-lotovaivai-2,5-9-3-None-529-pn-samoan-lotovaivai,samoan-lototele-1,,,,2,44059,
5-9-3-None-529-pn-samoan-lotovaivai-3,5-9-3-None-529-pn-samoan-lotovaivai,samoan-lotomalie-1,,,,3,44060,
5-9-3-None-529-pn-tongan-lotofiemalie-1,5-9-3-None-529-pn-tongan-lotofiemalie,tongan-lotofiemalie-1,,,,1,44061,
5-9-3-None-529-pn-tongan-lotofiemalie-2,5-9-3-None-529-pn-tongan-lotofiemalie,tongan-aafiemalie-1,,,,2,44062,
5-9-3-None-529-pn-samoan-lotoleaa-1,5-9-3-None-529-pn-samoan-lotoleaa,samoan-lotoleaa-1,,,,1,44063,
5-9-3-None-529-pn-samoan-lotoleaa-2,5-9-3-None-529-pn-samoan-lotoleaa,samoan-aaleaa-1,,,,2,44064,
5-9-3-None-529-pn-samoan-lotoleaa-3,5-9-3-None-529-pn-samoan-lotoleaa,samoan-lotovaivai-1,,,,3,44065,
5-9-3-None-529-pn-samoan-lotoleaa-4,5-9-3-None-529-pn-samoan-lotoleaa,samoan-aavaivai-1,,,,4,44066,
5-9-4-None-530-nng-mangap-keteimap-1,5-9-4-None-530-nng-mangap-keteimap,mangap-keteimap-1,,,,1,44067,
5-9-4-None-530-nng-mangap-keteimap-2,5-9-4-None-530-nng-mangap-keteimap,mangap-leleiurur-1,,,,2,44068,
5-9-4-None-530-nng-mangap-keteimap-3,5-9-4-None-530-nng-mangap-keteimap,mangap-leleibol-1,,,,3,44069,
5-9-4-None-531-mm-nakanai-lahatelaraga-1,5-9-4-None-531-mm-nakanai-lahatelaraga,nakanai-lahatelaraga-2,,,,1,44070,
5-9-4-None-531-mm-nakanai-lahatelaraga-2,5-9-4-None-531-mm-nakanai-lahatelaraga,nakanai-lahatelamamasi-1,,,,2,43909,
5-9-4-None-531-mm-nakanai-lahatelaraga-3,5-9-4-None-531-mm-nakanai-lahatelaraga,nakanai-iloburuko-2,,,,3,44071,
5-9-4-None-531-mm-nakanai-lahatelaraga-4,5-9-4-None-531-mm-nakanai-lahatelaraga,nakanai-ilovilovi-2,,,,4,44072,
5-9-4-None-531-mm-nakanai-lahatelaraga-5,5-9-4-None-531-mm-nakanai-lahatelaraga,nakanai-ilotavu-2,,,,5,44073,
5-9-4-None-531-nng-yabem-ttalulu-1,5-9-4-None-531-nng-yabem-ttalulu,yabem-ttalulu-1,,,,1,44074,
5-9-4-None-531-nng-yabem-ttalulu-2,5-9-4-None-531-nng-yabem-ttalulu,yabem-allmlulu-1,,,,2,44075,
5-9-4-None-531-nng-yabem-ttalulu-3,5-9-4-None-531-nng-yabem-ttalulu,yabem-ttakekaa-1,,,,3,44076,
5-9-4-None-531-nng-yabem-ttalulu-4,5-9-4-None-531-nng-yabem-ttalulu,yabem-allmkekaa-1,,,,4,44077,
5-9-4-None-531-nng-yabem-ttalulu-5,5-9-4-None-531-nng-yabem-ttalulu,yabem-ttaawapa-1,,,,5,44078,
5-9-4-None-531-nng-yabem-ttalulu-6,5-9-4-None-531-nng-yabem-ttalulu,yabem-allmawapa-1,,,,6,44079,
5-9-4-None-531-nng-yabem-ttalulu-7,5-9-4-None-531-nng-yabem-ttalulu,yabem-ttaadani-1,,,,7,44080,
5-9-4-None-531-nng-yabem-ttalulu-8,5-9-4-None-531-nng-yabem-ttalulu,yabem-allmadani-1,,,,8,44081,
5-9-4-None-531-nng-yabem-ttalulu-9,5-9-4-None-531-nng-yabem-ttalulu,yabem-ttaktumal-1,,,,9,44082,
5-9-4-None-531-nng-yabem-ttalulu-10,5-9-4-None-531-nng-yabem-ttalulu,yabem-allmktumal-1,,,,10,44083,
5-9-4-None-532-pt-motu-asekuro-1,5-9-4-None-532-pt-motu-asekuro,motu-asekuro-2,,,,1,44084,
5-9-4-None-532-pt-motu-asekuro-2,5-9-4-None-532-pt-motu-asekuro,marshallese-eccelokacin-2,,,,2,44085,
5-9-4-None-532-pt-motu-asekuro-3,5-9-4-None-532-pt-motu-asekuro,bauanfijian-yatelevu-2,,,,3,44086,
5-9-4-None-532-pt-motu-asekuro-4,5-9-4-None-532-pt-motu-asekuro,bauanfijian-yatelialia-1,,,,4,44087,
5-9-4-None-532-pt-motu-asekuro-5,5-9-4-None-532-pt-motu-asekuro,wayan-atelevu-2,,,,5,44088,
5-10-2-None-538-ncv-tolomako-kile-1,5-10-2-None-538-ncv-tolomako-kile,tolomako-kile-1,,,,1,24539,
5-10-2-None-538-ncv-tolomako-kile-2,5-10-2-None-538-ncv-tolomako-kile,araki-kila-1,,,,2,44089,
5-10-2-None-538-ncv-tolomako-kile-3,5-10-2-None-538-ncv-tolomako-kile,atchin-kila-1,,,,3,24540,
5-10-2-None-538-ncv-tolomako-kile-4,5-10-2-None-538-ncv-tolomako-kile,avava-kilkila-1,,,,4,24541,
5-10-2-None-538-ncv-tolomako-kile-5,5-10-2-None-538-ncv-tolomako-kile,ponapean-kila-1,,,,5,24542,
5-10-2-None-538-ncv-tolomako-kile-6,5-10-2-None-538-ncv-tolomako-kile,woleaian-xle-1,,,,6,44090,
5-10-2-None-538-ncv-tolomako-kile-7,5-10-2-None-538-ncv-tolomako-kile,rennellese-kiga-1,,,,7,24549,
5-10-2-None-541-nng-mangap-re-1,5-10-2-None-541-nng-mangap-re,mangap-re-1,,,,1,44091,
5-10-2-None-541-nng-mangap-re-2,5-10-2-None-541-nng-mangap-re,yabem-li-1,,,,2,24414,
5-10-2-None-541-nng-mangap-re-3,5-10-2-None-541-nng-mangap-re,lamogai-rik-1,,,,3,24418,
5-10-2-None-541-nng-mutu-lo-1,5-10-2-None-541-nng-mutu-lo,mutu-lo-1,,,,1,44092,
5-10-2-None-541-nng-mutu-lo-2,5-10-2-None-541-nng-mutu-lo,bing-luo-1,,,,2,44093,
5-10-2-None-541-nng-mutu-lo-3,5-10-2-None-541-nng-mutu-lo,takia-lo-1,,,,3,44094,
5-10-2-None-541-nng-mutu-lo-4,5-10-2-None-541-nng-mutu-lo,gedaged-lo-1,,,,4,44095,
5-10-2-None-541-nng-mutu-lo-5,5-10-2-None-541-nng-mutu-lo,wedau-nonori-1,,,,5,44096,
5-10-2-None-541-nng-mutu-lo-6,5-10-2-None-541-nng-mutu-lo,mekeo-loo-1,,,,6,44097,
5-10-2-None-541-nng-mutu-lo-7,5-10-2-None-541-nng-mutu-lo,nwmekeo-oo-1,,,,7,44098,
5-10-2-None-541-nng-mutu-lo-8,5-10-2-None-541-nng-mutu-lo,nakanai-lolo-1,,,,8,24696,
5-10-2-None-541-nng-mutu-lo-9,5-10-2-None-541-nng-mutu-lo,sursurunga-alora-1,,,,9,24700,
5-10-2-None-541-nng-mutu-lo-10,5-10-2-None-541-nng-mutu-lo,nehan-looro-1,,,,10,24706,
5-10-2-None-541-nng-mutu-lo-11,5-10-2-None-541-nng-mutu-lo,saa-roo-1,,,,11,24638,
5-10-2-None-541-nng-mutu-lo-12,5-10-2-None-541-nng-mutu-lo,lakon-ru-1,,,,12,24646,
5-10-2-None-542-pt-gumawana-yagoi-1,5-10-2-None-542-pt-gumawana-yagoi,gumawana-yagoi-1,,,,1,44099,
5-10-2-None-542-pt-gumawana-yagoi-2,5-10-2-None-542-pt-gumawana-yagoi,iduna-yakovi-1,,,,2,44100,
5-10-2-None-542-pt-gumawana-yagoi-3,5-10-2-None-542-pt-gumawana-yagoi,gapapaiwa-akova-2,,,,3,44101,
5-10-2-None-542-pt-gumawana-yagoi-4,5-10-2-None-542-pt-gumawana-yagoi,anuki-akovi-1,,,,4,44102,
5-10-2-None-542-pt-gumawana-yagoi-5,5-10-2-None-542-pt-gumawana-yagoi,ubir-sagob-1,,,,5,44103,
5-10-3-None-544-adm-baluan-pa-1,5-10-3-None-544-adm-baluan-pa,baluan-pa-1,,,,1,44104,
5-10-3-None-544-adm-baluan-pa-2,5-10-3-None-544-adm-baluan-pa,nyindrou-ana-1,,,,2,44105,
5-10-3-None-544-adm-baluan-pa-3,5-10-3-None-544-adm-baluan-pa,bariai-oaga-1,,,,3,44106,
5-10-3-None-544-adm-baluan-pa-4,5-10-3-None-544-adm-baluan-pa,kaulong-vo-1,,,,4,40626,
5-10-3-None-544-adm-baluan-pa-5,5-10-3-None-544-adm-baluan-pa,mangap-so-1,,,,5,44107,
5-10-3-None-544-adm-baluan-pa-6,5-10-3-None-544-adm-baluan-pa,takia-bol-1,,,,6,44108,
5-10-3-None-544-adm-baluan-pa-7,5-10-3-None-544-adm-baluan-pa,iamalele-vo-1,,,,7,44109,
5-10-3-None-544-adm-baluan-pa-8,5-10-3-None-544-adm-baluan-pa,nakanai-vei-2,,,,8,44110,
5-10-3-None-544-adm-baluan-pa-9,5-10-3-None-544-adm-baluan-pa,teop-boha-1,,,,9,44111,
5-10-3-None-544-adm-baluan-pa-10,5-10-3-None-544-adm-baluan-pa,gela-ne-1,,,,10,44112,
5-10-3-None-544-adm-baluan-pa-11,5-10-3-None-544-adm-baluan-pa,toabaita-sore-1,,,,11,44113,
5-10-3-None-544-adm-baluan-pa-12,5-10-3-None-544-adm-baluan-pa,kwaio-ilia-1,,,,12,44114,
5-10-4-None-554-mm-nehan-mana-1,5-10-4-None-554-mm-nehan-mana,nehan-mana-1,,,,1,44115,
5-10-4-None-554-mm-nehan-mana-2,5-10-4-None-554-mm-nehan-mana,halia-mana-1,,,,2,44116,
5-10-4-None-554-mm-nehan-mana-3,5-10-4-None-554-mm-nehan-mana,teop-mana-1,,,,3,44117,
5-10-4-None-554-mm-nehan-mana-4,5-10-4-None-554-mm-nehan-mana,teop-vamanamana-1,,,,4,44118,
5-10-4-None-554-mm-nehan-mana-5,5-10-4-None-554-mm-nehan-mana,simbo-mana-1,,,,5,44119,
5-10-4-None-554-mm-nehan-mana-6,5-10-4-None-554-mm-nehan-mana,ghari-mana-1,,,,6,40033,
5-10-4-None-554-mm-nehan-mana-7,5-10-4-None-554-mm-nehan-mana,toabaita-mamana-1,,,,7,44120,
5-10-4-None-554-mm-nehan-mana-8,5-10-4-None-554-mm-nehan-mana,toabaita-faamamane-1,,,,8,44121,
5-10-4-None-554-mm-nehan-mana-9,5-10-4-None-554-mm-nehan-mana,lau-mamana-1,,,,9,44122,
5-10-4-None-554-ses-gela-maemane-1,5-10-4-None-554-ses-gela-maemane,gela-maemane-1,,,,1,44123,
5-10-5-None-555-pt-dobu-nualoba-1,5-10-5-None-555-pt-dobu-nualoba,dobu-nualoba-1,,,,1,44124,
5-10-5-None-555-pt-dobu-nualoba-2,5-10-5-None-555-pt-dobu-nualoba,kwaio-manatadalia-2,,,,2,44125,
5-10-5-None-555-pt-dobu-nualoba-3,5-10-5-None-555-pt-dobu-nualoba,mota-nomsuar-1,,,,3,44126,
5-10-5-None-555-pt-dobu-nualoba-4,5-10-5-None-555-pt-dobu-nualoba,mwotlap-demsas-1,,,,4,44127,
5-10-5-None-555-pt-dobu-nualoba-5,5-10-5-None-555-pt-dobu-nualoba,paamese-mudemsali-1,,,,5,44128,
5-10-5-None-556-nng-bariai-imatananan-1,5-10-5-None-556-nng-bariai-imatananan,bariai-imatananan-1,,,,1,44129,
5-10-5-None-556-nng-bariai-imatananan-2,5-10-5-None-556-nng-bariai-imatananan,kove-matauinana-1,,,,2,44130,
5-10-5-None-556-nng-bariai-imatananan-3,5-10-5-None-556-nng-bariai-imatananan,kwaio-manatafana-2,,,,3,44131,
5-10-5-None-556-nng-bariai-imatananan-4,5-10-5-None-556-nng-bariai-imatananan,kwaio-ladaofia-1,,,,4,44132,
5-10-5-None-556-nng-bariai-imatananan-5,5-10-5-None-556-nng-bariai-imatananan,mwotlap-demssk-1,,,,5,44133,
5-10-5-None-556-nng-bariai-imatananan-6,5-10-5-None-556-nng-bariai-imatananan,paamese-mudemlekati-1,,,,6,44134,
5-10-5-None-556-nng-mangap-mataimiili-1,5-10-5-None-556-nng-mangap-mataimiili,mangap-mataimiili-1,,,,1,44135,
5-10-5-None-556-nng-mangap-mataimiili-2,5-10-5-None-556-nng-mangap-mataimiili,dobu-nuaila-1,,,,2,44136,
5-10-5-None-556-nng-mangap-mataimiili-3,5-10-5-None-556-nng-mangap-mataimiili,iduna-nuaginunauye-1,,,,3,44137,
5-10-5-None-556-nng-mangap-mataimiili-4,5-10-5-None-556-nng-mangap-mataimiili,iduna-nuanuanauye-1,,,,4,44138,
5-10-5-None-556-nng-mangap-mataimiili-5,5-10-5-None-556-nng-mangap-mataimiili,tawala-nugogae-1,,,,5,44139,
5-10-5-None-556-nng-mangap-mataimiili-6,5-10-5-None-556-nng-mangap-mataimiili,patpatar-likleh-1,,,,6,44140,
5-10-5-None-556-nng-mangap-mataimiili-7,5-10-5-None-556-nng-mangap-mataimiili,tolai-nukmule-1,,,,7,44141,
5-10-5-None-556-nng-mangap-mataimiili-8,5-10-5-None-556-nng-mangap-mataimiili,nehan-namanapoluku-1,,,,8,44142,
5-10-5-None-556-nng-mangap-mataimiili-9,5-10-5-None-556-nng-mangap-mataimiili,tinputz-nathah-1,,,,9,44143,
5-10-5-None-556-nng-mangap-mataimiili-10,5-10-5-None-556-nng-mangap-mataimiili,gela-ganaganaoli-1,,,,10,44144,
5-10-5-None-556-nng-mangap-mataimiili-11,5-10-5-None-556-nng-mangap-mataimiili,tolo-padavisu-1,,,,11,44145,
5-10-5-None-556-nng-mangap-mataimiili-12,5-10-5-None-556-nng-mangap-mataimiili,toabaita-manataoliuri-1,,,,12,44146,
5-10-5-None-556-nng-mangap-mataimiili-13,5-10-5-None-556-nng-mangap-mataimiili,mota-nomkel-1,,,,13,44147,
5-10-5-None-556-nng-mangap-mataimiili-14,5-10-5-None-556-nng-mangap-mataimiili,mwotlap-demlok-1,,,,14,44148,
5-10-5-None-556-nng-mangap-mataimiili-15,5-10-5-None-556-nng-mangap-mataimiili,wayan-numilesuni-1,,,,15,44149,
5-10-5-None-556-nng-kove-mataxuvara-1,5-10-5-None-556-nng-kove-mataxuvara,kove-mataxuvara-1,,,,1,44150,
5-10-5-None-556-nng-kove-mataxuvara-2,5-10-5-None-556-nng-kove-mataxuvara,gumawana-nuokavata-1,,,,2,44151,
5-10-5-None-556-nng-kove-mataxuvara-3,5-10-5-None-556-nng-kove-mataxuvara,gumawana-nuokavate-1,,,,3,44152,
5-10-5-None-556-nng-kove-mataxuvara-4,5-10-5-None-556-nng-kove-mataxuvara,dobu-nuayai-2,,,,4,44153,
5-10-5-None-556-nng-kove-mataxuvara-5,5-10-5-None-556-nng-kove-mataxuvara,minaveha-nuaviavini-2,,,,5,44154,
5-10-5-None-556-nng-kove-mataxuvara-6,5-10-5-None-556-nng-kove-mataxuvara,nehan-saadede-1,,,,6,44155,
5-10-5-None-556-pt-balawaia-tuamaitao-1,5-10-5-None-556-pt-balawaia-tuamaitao,balawaia-tuamaitao-1,,,,1,44156,
5-10-5-None-556-pt-balawaia-tuamaitao-2,5-10-5-None-556-pt-balawaia-tuamaitao,patpatar-likkawase-1,,,,2,44157,
5-10-5-None-556-pt-balawaia-tuamaitao-3,5-10-5-None-556-pt-balawaia-tuamaitao,lau-manatato-1,,,,3,44158,
5-10-5-None-557-nng-mangap-mataigal-1,5-10-5-None-557-nng-mangap-mataigal,mangap-mataigal-1,,,,1,44159,
5-10-5-None-557-nng-mangap-mataigal-2,5-10-5-None-557-nng-mangap-mataigal,tuam-mataigal-1,,,,2,44160,
5-10-5-None-557-nng-mangap-mataigal-3,5-10-5-None-557-nng-mangap-mataigal,gumawana-nuaisi-1,,,,3,44161,
5-10-5-None-557-nng-mangap-mataigal-4,5-10-5-None-557-nng-mangap-mataigal,iduna-nuaafole-1,,,,4,44162,
5-10-5-None-557-nng-mangap-mataigal-5,5-10-5-None-557-nng-mangap-mataigal,iduna-uaakakili-1,,,,5,44163,
5-10-5-None-557-nng-mangap-mataigal-6,5-10-5-None-557-nng-mangap-mataigal,tawala-nugomomota-1,,,,6,44164,
5-10-5-None-557-nng-mangap-mataigal-7,5-10-5-None-557-nng-mangap-mataigal,nakanai-hilotavu-2,,,,7,44165,
5-10-5-None-557-nng-mangap-mataigal-8,5-10-5-None-557-nng-mangap-mataigal,paamese-mudemsilati-1,,,,8,44166,
5-10-6-None-557-adm-nyindrou-balemani-1,5-10-6-None-557-adm-nyindrou-balemani,nyindrou-balemani-1,,,,1,44167,
5-10-6-None-557-adm-nyindrou-balemani-2,5-10-6-None-557-adm-nyindrou-balemani,bariai-matasapian-1,,,,2,44168,
5-10-6-None-557-adm-nyindrou-balemani-3,5-10-6-None-557-adm-nyindrou-balemani,balawaia-tuarekwa-1,,,,3,44169,
5-10-6-None-557-adm-nyindrou-balemani-4,5-10-6-None-557-adm-nyindrou-balemani,patpatar-liklubense-1,,,,4,44170,
5-10-6-None-557-adm-nyindrou-balemani-5,5-10-6-None-557-adm-nyindrou-balemani,lonwolwol-nrhelal-1,,,,5,44171,
5-10-6-None-557-nng-poeng-laupogo-1,5-10-6-None-557-nng-poeng-laupogo,mengen-laupogo-1,,,,1,44172,
5-10-6-None-557-nng-poeng-laupogo-2,5-10-6-None-557-nng-poeng-laupogo,maringe-aokmoe-1,,,,2,44173,
5-10-6-None-557-nng-takia-iloao-1,5-10-6-None-557-nng-takia-iloao,takia-iloao-1,,,,1,44174,
5-10-6-None-557-nng-takia-iloao-2,5-10-6-None-557-nng-takia-iloao,iamalele-nuafani-1,,,,2,44175,
5-10-6-None-557-nng-takia-iloao-3,5-10-6-None-557-nng-takia-iloao,iamalele-nuafani-2,,,,3,44176,
5-10-6-None-557-nng-takia-iloao-4,5-10-6-None-557-nng-takia-iloao,maringe-aoiho-1,,,,4,44177,
5-10-6-None-557-nng-takia-iloao-5,5-10-6-None-557-nng-takia-iloao,toabaita-liodora-2,,,,5,44178,
5-10-6-None-557-nng-takia-iloao-6,5-10-6-None-557-nng-takia-iloao,kwaio-maabolosia-1,,,,6,44179,
5-10-6-None-558-adm-baluan-wotlilisek-1,5-10-6-None-558-adm-baluan-wotlilisek,baluan-wotlilisek-1,,,,1,44180,
5-10-6-None-558-adm-baluan-wotlilisek-2,5-10-6-None-558-adm-baluan-wotlilisek,nakanai-tapataro-1,,,,2,44181,
5-10-6-None-558-adm-baluan-wotlilisek-3,5-10-6-None-558-adm-baluan-wotlilisek,maringe-aoosu-1,,,,3,44182,
5-10-6-None-558-adm-baluan-wotlilisek-4,5-10-6-None-558-adm-baluan-wotlilisek,mwotlap-demvt-1,,,,4,44183,
5-10-6-None-558-adm-baluan-wotlilisek-5,5-10-6-None-558-adm-baluan-wotlilisek,wayan-numideini-1,,,,5,44184,
5-10-6-None-558-ses-saa-maarodo-1,5-10-6-None-558-ses-saa-maarodo,saa-maarodo-1,,,,1,44185,
5-10-6-None-558-ses-saa-maarodo-2,5-10-6-None-558-ses-saa-maarodo,ulawa-saerorodo-1,,,,2,44186,
5-10-6-None-558-ses-saa-maarodo-3,5-10-6-None-558-ses-saa-maarodo,mota-lolopo-1,,,,3,44187,
5-10-6-None-558-ses-saa-maarodo-4,5-10-6-None-558-ses-saa-maarodo,mwotlap-llpo-1,,,,4,44188,
5-10-6-None-558-ses-saa-maarodo-5,5-10-6-None-558-ses-saa-maarodo,nokuku-loloora-1,,,,5,44189,
5-10-6-None-558-ses-saa-maarodo-6,5-10-6-None-558-ses-saa-maarodo,seambrym-ebovo-1,,,10,6,44190,
5-10-6-None-558-ses-saa-maarodo-7,5-10-6-None-558-ses-saa-maarodo,portsandwich-naloeboboini-1,,,,7,44191,
5-10-6-None-558-ses-saa-maarodo-8,5-10-6-None-558-ses-saa-maarodo,paamese-evoboo-1,,,,8,44192,
5-10-6-None-558-ses-saa-maarodo-9,5-10-6-None-558-ses-saa-maarodo,lewo-sineponi-1,,,,9,44193,
5-10-6-None-558-ses-saa-maarodo-10,5-10-6-None-558-ses-saa-maarodo,lonwolwol-lmbubu-1,,,,10,44194,
5-10-7-None-559-nng-takia-awatumani-1,5-10-7-None-559-nng-takia-awatumani,takia-awatumani-1,,,,1,44195,
5-10-7-None-559-nng-takia-awatumani-2,5-10-7-None-559-nng-takia-awatumani,maposbuang-joaek-1,,,,2,44196,
5-10-7-None-559-nng-takia-awatumani-3,5-10-7-None-559-nng-takia-awatumani,nehan-uelhalata-1,,,,3,44197,
5-10-7-None-559-nng-takia-awatumani-4,5-10-7-None-559-nng-takia-awatumani,wayan-boseti-1,,,,4,44198,
5-10-8-None-560-nng-lukep-loru-1,5-10-8-None-560-nng-lukep-loru,lukep-loru-1,,,,1,44199,
5-10-8-None-560-nng-lukep-loru-2,5-10-8-None-560-nng-lukep-loru,takia-iloulalu-1,,,,2,44200,
5-10-8-None-560-nng-lukep-loru-3,5-10-8-None-560-nng-lukep-loru,yabem-ttalulu-2,,,,3,44201,
5-10-8-None-560-nng-lukep-loru-4,5-10-8-None-560-nng-lukep-loru,numbami-taelualua-1,,,,4,44202,
5-10-8-None-560-nng-lukep-loru-5,5-10-8-None-560-nng-lukep-loru,buang-kalu-1,,,,5,44203,
5-10-8-None-560-nng-lukep-loru-6,5-10-8-None-560-nng-lukep-loru,buang-ayolulu-1,,,,6,44204,
5-10-8-None-560-nng-lukep-loru-7,5-10-8-None-560-nng-lukep-loru,manam-iloiruarua-1,,,,7,44205,
5-10-8-None-560-nng-lukep-loru-8,5-10-8-None-560-nng-lukep-loru,dobu-enuanalua-1,,,,8,44206,
5-10-8-None-560-nng-lukep-loru-9,5-10-8-None-560-nng-lukep-loru,iamalele-nuanalua-1,,,,9,44207,
5-10-8-None-560-nng-lukep-loru-10,5-10-8-None-560-nng-lukep-loru,iduna-nuanualua-1,,,,10,44208,
5-10-8-None-560-nng-lukep-loru-11,5-10-8-None-560-nng-lukep-loru,tawala-nugolualuaga-1,,,,11,44209,
5-10-8-None-560-nng-lukep-loru-12,5-10-8-None-560-nng-lukep-loru,misima-nuaelelua-1,,,,12,44210,
5-10-8-None-560-nng-lukep-loru-13,5-10-8-None-560-nng-lukep-loru,misima-nualalabui-1,,,,13,44211,
5-10-8-None-560-nng-lukep-loru-14,5-10-8-None-560-nng-lukep-loru,nakanai-lagabutatalailua-1,,,,14,44212,
5-10-8-None-560-nng-lukep-loru-15,5-10-8-None-560-nng-lukep-loru,patpatar-iriruolilik-1,,,,15,44213,
5-10-8-None-560-nng-lukep-loru-16,5-10-8-None-560-nng-lukep-loru,sursurunga-ruiknhol-1,,,,16,44214,
5-10-8-None-560-nng-lukep-loru-17,5-10-8-None-560-nng-lukep-loru,bugotu-gaganaruarua-1,,,,17,44215,
5-10-8-None-560-nng-lukep-loru-18,5-10-8-None-560-nng-lukep-loru,saa-saerueruaa-1,,,,18,44216,
5-10-8-None-560-nng-lukep-loru-19,5-10-8-None-560-nng-lukep-loru,lau-rosilio-2,,,,19,44217,
5-10-8-None-560-nng-lukep-loru-20,5-10-8-None-560-nng-lukep-loru,lau-manatarurua-1,,,,20,44218,
5-10-8-None-560-nng-lukep-loru-21,5-10-8-None-560-nng-lukep-loru,areare-manatarua-1,,,,21,44219,
5-10-8-None-560-nng-lukep-loru-22,5-10-8-None-560-nng-lukep-loru,toabaita-manataruarua-1,,,,22,44220,
5-10-8-None-560-nng-lukep-loru-23,5-10-8-None-560-nng-lukep-loru,toabaita-manataruarua-2,,,,23,44221,
5-10-8-None-560-nng-lukep-loru-24,5-10-8-None-560-nng-lukep-loru,arosi-ahuruarua-1,,,,24,44222,
5-10-8-None-560-nng-lukep-loru-25,5-10-8-None-560-nng-lukep-loru,owa-takoruarua-1,,,,25,44223,
5-10-8-None-560-nng-lukep-loru-26,5-10-8-None-560-nng-lukep-loru,mota-nomruarua-1,,,,26,44224,
5-10-8-None-560-nng-lukep-loru-27,5-10-8-None-560-nng-lukep-loru,kiribati-nanououa-1,,,,27,44225,
5-10-8-None-560-nng-lukep-loru-28,5-10-8-None-560-nng-lukep-loru,bauanfijian-lomalomarua-2,,,,28,44226,
5-10-8-None-560-nng-lukep-loru-29,5-10-8-None-560-nng-lukep-loru,bauanfijian-lomalomaruataka-1,,,,29,44227,
5-10-8-None-560-nng-lukep-loru-30,5-10-8-None-560-nng-lukep-loru,tongan-lotolotoua-1,,,,30,44228,
5-10-8-None-560-nng-lukep-loru-31,5-10-8-None-560-nng-lukep-loru,samoan-faalotulotulua-1,,,,31,44229,
5-10-8-None-560-nng-lukep-loru-32,5-10-8-None-560-nng-lukep-loru,eastuvean-fakalotolotolua-1,,,,32,44230,
5-10-8-None-560-nng-lukep-loru-33,5-10-8-None-560-nng-lukep-loru,rarotongan-akaurua-1,,,,33,44231,
5-10-8-None-561-mic-carolinian-rar-1,5-10-8-None-561-mic-carolinian-rar,carolinian-rar-1,,,,1,44232,
5-10-8-None-561-mic-carolinian-rar-2,5-10-8-None-561-mic-carolinian-rar,rotuman-ararua-1,,,,2,44233,
5-10-8-None-561-nng-takia-ilowei-1,5-10-8-None-561-nng-takia-ilowei,takia-ilowei-2,,,,1,44234,
5-10-8-None-561-nng-takia-ilowei-2,5-10-8-None-561-nng-takia-ilowei,dobu-enuanayauna-1,,,,2,44235,
5-10-8-None-561-nng-takia-ilowei-3,5-10-8-None-561-nng-takia-ilowei,kiribati-nanokoraki-1,,,,3,44236,
5-10-8-None-561-nng-takia-ilowei-4,5-10-8-None-561-nng-takia-ilowei,kiribati-nanomaiti-1,,,,4,44237,
5-10-9-None-561-nng-takia-ilokisaek-1,5-10-9-None-561-nng-takia-ilokisaek,takia-ilokisaek-1,,,,1,44238,
5-10-9-None-561-nng-takia-ilokisaek-2,5-10-9-None-561-nng-takia-ilokisaek,iduna-veanuwanuwasaeya-1,,,,2,44239,
5-10-9-None-561-nng-takia-ilokisaek-3,5-10-9-None-561-nng-takia-ilokisaek,kilivila-ninatala-1,,,,3,44240,
5-10-9-None-561-nng-takia-ilokisaek-4,5-10-9-None-561-nng-takia-ilokisaek,motu-lalotamona-2,,,,4,44241,
5-10-9-None-561-nng-takia-ilokisaek-5,5-10-9-None-561-nng-takia-ilokisaek,bugotu-liosikei-2,,,,5,44242,
5-10-9-None-561-nng-takia-ilokisaek-6,5-10-9-None-561-nng-takia-ilokisaek,carolinian-tipiyew-1,,,,6,44243,
5-10-9-None-561-nng-takia-ilokisaek-7,5-10-9-None-561-nng-takia-ilokisaek,tongan-lototaha-1,,,,7,44244,
5-10-9-None-561-nng-takia-ilokisaek-8,5-10-9-None-561-nng-takia-ilokisaek,rennellese-gototasi-1,,,,8,44245,
5-10-9-None-562-adm-nyindrou-sahouradrale-1,5-10-9-None-562-adm-nyindrou-sahouradrale,nyindrou-sahouradrale-1,,,,1,44246,
5-10-9-None-562-adm-nyindrou-sahouradrale-2,5-10-9-None-562-adm-nyindrou-sahouradrale,takia-awatumani-2,,,,2,44247,
5-10-9-None-562-adm-nyindrou-sahouradrale-3,5-10-9-None-562-adm-nyindrou-sahouradrale,motu-gwaubou-1,,,,3,44248,
5-10-9-None-562-adm-nyindrou-sahouradrale-4,5-10-9-None-562-adm-nyindrou-sahouradrale,gela-liokolu-1,,,,4,44249,
5-10-9-None-562-adm-nyindrou-sahouradrale-5,5-10-9-None-562-adm-nyindrou-sahouradrale,bugotu-farihagore-1,,,,5,44250,
5-10-9-None-562-adm-nyindrou-sahouradrale-6,5-10-9-None-562-adm-nyindrou-sahouradrale,saa-ruruwala-1,,,,6,44251,
5-10-9-None-562-adm-nyindrou-sahouradrale-7,5-10-9-None-562-adm-nyindrou-sahouradrale,owa-tamasifagaetagai-1,,,,7,44252,
5-10-9-None-562-adm-nyindrou-sahouradrale-8,5-10-9-None-562-adm-nyindrou-sahouradrale,mota-saratuwale-1,,,,8,44253,
5-10-9-None-562-adm-nyindrou-sahouradrale-9,5-10-9-None-562-adm-nyindrou-sahouradrale,bauanfijian-lomavata-1,,,,9,44254,
5-10-9-None-562-adm-nyindrou-sahouradrale-10,5-10-9-None-562-adm-nyindrou-sahouradrale,wayan-liavata-1,,,,10,44255,
5-10-11-None-563-ses-tolo-sasani-1,5-10-11-None-563-ses-tolo-sasani,tolo-sasani-1,,,,1,44256,
5-10-11-None-563-ses-tolo-sasani-2,5-10-11-None-563-ses-tolo-sasani,toabaita-too-1,,,,2,44257,
5-10-11-None-563-ses-tolo-sasani-3,5-10-11-None-563-ses-tolo-sasani,wayan-vulii-1,,,,3,44258,
5-10-11-None-563-ses-tolo-sasani-4,5-10-11-None-563-ses-tolo-sasani,samoan-ao-2,,,,4,25556,
5-11-2-2-568-adm-titan-manrean-1,5-11-2-2-568-adm-titan-manrean,titan-manrean-1,,,,1,44259,
5-11-2-2-568-adm-titan-manrean-2,5-11-2-2-568-adm-titan-manrean,takia-tubun-1,,,,2,44260,
5-11-2-2-568-adm-titan-manrean-3,5-11-2-2-568-adm-titan-manrean,mangseng-pom-1,,,,3,44261,
5-11-2-2-568-adm-titan-manrean-4,5-11-2-2-568-adm-titan-manrean,numbami-bamo-1,,,,4,44262,
5-11-2-2-568-adm-titan-manrean-5,5-11-2-2-568-adm-titan-manrean,hote-b-1,,,,5,44263,
5-11-2-2-568-adm-titan-manrean-6,5-11-2-2-568-adm-titan-manrean,patep-lva-1,,,,6,44264,
5-11-2-2-568-adm-titan-manrean-7,5-11-2-2-568-adm-titan-manrean,dobu-sinabana-1,,,,7,44265,
5-11-2-2-568-adm-titan-manrean-8,5-11-2-2-568-adm-titan-manrean,iduna-lakahina-1,,,,8,44266,
5-11-2-2-568-adm-titan-manrean-9,5-11-2-2-568-adm-titan-manrean,sinaugoro-barego-1,,,,9,44267,
5-11-2-2-568-adm-titan-manrean-10,5-11-2-2-568-adm-titan-manrean,nakanai-uru-1,,,,10,44268,
5-11-2-2-568-adm-titan-manrean-11,5-11-2-2-568-adm-titan-manrean,nehan-uleiki-1,,,,11,44269,
5-11-2-2-568-adm-titan-manrean-12,5-11-2-2-568-adm-titan-manrean,roviana-ululuna-1,,,,12,44270,
5-11-2-2-568-adm-titan-manrean-13,5-11-2-2-568-adm-titan-manrean,toabaita-baita-1,,,,13,44271,
5-11-2-2-568-adm-titan-manrean-14,5-11-2-2-568-adm-titan-manrean,areare-paina-1,,,,14,44272,
5-11-2-2-568-adm-titan-manrean-15,5-11-2-2-568-adm-titan-manrean,paamese-marite-1,,,,15,44273,
5-11-2-2-568-adm-titan-manrean-16,5-11-2-2-568-adm-titan-manrean,paamese-heitamen-1,,,,16,44274,
5-11-2-2-568-adm-titan-manrean-17,5-11-2-2-568-adm-titan-manrean,lewo-keviu-1,,,,17,44275,
5-11-3-None-573-pt-iduna-toselakalaka-1,5-11-3-None-573-pt-iduna-toselakalaka,iduna-toselakalaka-1,,,,1,44276,
5-11-3-None-573-pt-iduna-toselakalaka-2,5-11-3-None-573-pt-iduna-toselakalaka,iduna-tosiveyawa-1,,,,2,44277,
5-11-3-None-573-pt-iduna-toselakalaka-3,5-11-3-None-573-pt-iduna-toselakalaka,iduna-totaakeu-1,,,,3,44278,
5-11-3-None-573-pt-iduna-toselakalaka-4,5-11-3-None-573-pt-iduna-toselakalaka,iduna-totalahai-1,,,,4,44279,
5-11-3-None-573-pt-iduna-toselakalaka-5,5-11-3-None-573-pt-iduna-toselakalaka,iduna-totubukoyo-1,,,,5,44280,
5-11-3-None-573-pt-iduna-toselakalaka-6,5-11-3-None-573-pt-iduna-toselakalaka,iduna-totunutunuina-1,,,,6,44281,
5-11-3-None-573-pt-iduna-toselakalaka-7,5-11-3-None-573-pt-iduna-toselakalaka,iduna-tonubeubeu-1,,,,7,44282,
5-11-3-None-574-pt-iduna-tonuadoa-1,5-11-3-None-574-pt-iduna-tonuadoa,iduna-tonuadoa-1,,,,1,44283,
5-11-3-None-574-pt-iduna-tonuadoa-2,5-11-3-None-574-pt-iduna-tonuadoa,iduna-tonuahobu-1,,,,2,44284,
5-11-3-None-574-pt-iduna-tonuadoa-3,5-11-3-None-574-pt-iduna-tonuadoa,iduna-tonuahuya-1,,,,3,44285,
5-11-3-None-574-pt-iduna-tonuadoa-4,5-11-3-None-574-pt-iduna-tonuadoa,iduna-tonuakabubu-1,,,,4,44286,
5-11-3-None-574-pt-iduna-tonuadoa-5,5-11-3-None-574-pt-iduna-tonuadoa,iduna-tonualolona-1,,,,5,44287,
5-11-3-None-574-pt-iduna-tonuadoa-6,5-11-3-None-574-pt-iduna-tonuadoa,iduna-tonualua-1,,,,6,44288,
5-11-3-None-574-pt-iduna-tonuadoa-7,5-11-3-None-574-pt-iduna-tonuadoa,iduna-tonuasivebala-1,,,,7,44289,
5-11-3-None-574-pt-iduna-tonuadoa-8,5-11-3-None-574-pt-iduna-tonuadoa,iduna-tonuavita-1,,,,8,44290,
5-11-3-None-574-pt-motu-heaitauna-1,5-11-3-None-574-pt-motu-heaitauna,motu-heaitauna-1,,,,1,44291,
5-11-3-None-574-pt-motu-heaitauna-2,5-11-3-None-574-pt-motu-heaitauna,motu-heanitauna-1,,,,2,44292,
5-11-3-None-574-pt-motu-heaitauna-3,5-11-3-None-574-pt-motu-heaitauna,motu-heatotautauna-1,,,,3,44293,
5-11-3-None-574-pt-motu-heaitauna-4,5-11-3-None-574-pt-motu-heaitauna,motu-heboahisitauna-1,,,,4,44294,
5-11-3-None-574-pt-motu-heaitauna-5,5-11-3-None-574-pt-motu-heaitauna,motu-heametauna-1,,,,5,44295,
5-11-3-None-574-adm-seimat-oasolian-1,5-11-3-None-574-adm-seimat-oasolian,seimat-oasolian-1,,,,1,44296,
5-11-3-None-574-adm-seimat-oasolian-2,5-11-3-None-574-adm-seimat-oasolian,seimat-oakalimen-1,,,,2,44297,
5-11-3-None-574-adm-seimat-oasolian-3,5-11-3-None-574-adm-seimat-oasolian,seimat-oaewii-1,,,,3,44298,
5-11-3-None-574-adm-seimat-oasolian-4,5-11-3-None-574-adm-seimat-oasolian,seimat-oalialun-1,,,,4,44299,
5-11-3-None-575-pn-tongan-aamalu-1,5-11-3-None-575-pn-tongan-aamalu,tongan-aamalu-1,,,,1,44300,
5-11-3-None-575-pn-tongan-aamalu-2,5-11-3-None-575-pn-tongan-aamalu,tongan-aasauni-1,,,,2,44301,
5-11-3-None-575-pn-tongan-aamalu-3,5-11-3-None-575-pn-tongan-aamalu,tongan-aamaka-1,,,,3,44302,
5-11-3-None-575-pn-tongan-aamalu-4,5-11-3-None-575-pn-tongan-aamalu,tongan-aahiki-1,,,,4,44303,
5-11-3-None-575-pn-tongan-aamalu-5,5-11-3-None-575-pn-tongan-aamalu,tongan-aafoaki-1,,,,5,44304,
5-11-3-None-575-fij-wayan-alokasa-1,5-11-3-None-575-fij-wayan-alokasa,wayan-alokasa-1,,,,1,44305,
5-11-3-None-575-fij-wayan-alokasa-2,5-11-3-None-575-fij-wayan-alokasa,wayan-alokaikaialoqwaqwa-1,,,,2,44306,
5-11-3-None-575-fij-wayan-alokasa-3,5-11-3-None-575-fij-wayan-alokasa,wayan-alomalumalum-1,,,,3,44307,
5-11-3-None-575-fij-wayan-alokasa-4,5-11-3-None-575-fij-wayan-alokasa,wayan-alosewasewa-1,,,,4,44308,
5-11-3-None-575-fij-wayan-alokasa-5,5-11-3-None-575-fij-wayan-alokasa,wayan-alovina-1,,,,5,44309,
5-11-3-None-575-fij-wayan-alokasa-6,5-11-3-None-575-fij-wayan-alokasa,wayan-alovou-1,,,,6,44310,
5-11-3-None-575-fij-wayan-alokasa-7,5-11-3-None-575-fij-wayan-alokasa,wayan-alowai-1,,,,7,44311,
5-11-3-None-575-fij-wayan-alokasa-8,5-11-3-None-575-fij-wayan-alokasa,wayan-alovakataane-1,,,,8,44312,
5-11-3-1-577-ses-arosi-ahumarumua-1,5-11-3-1-577-ses-arosi-ahumarumua,arosi-ahumarumua-1,,,,1,44313,
5-11-3-1-577-ses-arosi-ahumarumua-2,5-11-3-1-577-ses-arosi-ahumarumua,mota-lolomalumlum-1,,,,2,44314,
5-11-3-1-577-ses-arosi-ahumarumua-3,5-11-3-1-577-ses-arosi-ahumarumua,nokuku-lolmelum-1,,,,3,44315,
5-11-3-1-577-ses-arosi-ahumarumua-4,5-11-3-1-577-ses-arosi-ahumarumua,bauanfijian-yalomalua-1,,,,4,44316,
5-11-3-1-577-ses-arosi-ahumarumua-5,5-11-3-1-577-ses-arosi-ahumarumua,wayan-alomalumalum-2,,,,5,44317,
5-11-3-1-577-ses-arosi-ahumarumua-6,5-11-3-1-577-ses-arosi-ahumarumua,pukapukan-yaumalu-1,,,,6,44318,
5-11-3-2-579-nng-takia-ilodabai-1,5-11-3-2-579-nng-takia-ilodabai,takia-ilodabai-1,,,,1,44319,
5-11-3-2-579-nng-takia-ilodabai-2,5-11-3-2-579-nng-takia-ilodabai,takia-tinidabai-1,,,,2,44320,
5-11-3-2-579-nng-takia-ilodabai-3,5-11-3-2-579-nng-takia-ilodabai,motu-bogaauka-1,,,,3,44321,
5-11-3-2-579-nng-takia-ilodabai-4,5-11-3-2-579-nng-takia-ilodabai,lonwolwol-bkmtte-1,,,,4,44322,
5-11-3-2-579-nng-takia-ilodabai-5,5-11-3-2-579-nng-takia-ilodabai,lonwolwol-jatte-1,,,,5,44323,
5-11-3-2-579-nng-takia-ilodabai-6,5-11-3-2-579-nng-takia-ilodabai,southefate-kerkerai-1,,,,6,44324,
5-11-3-2-579-nng-takia-ilodabai-7,5-11-3-2-579-nng-takia-ilodabai,marshallese-penpruo-1,,,,7,44325,
5-11-3-2-579-nng-takia-ilodabai-8,5-11-3-2-579-nng-takia-ilodabai,bauanfijian-yatedei-2,,,,8,44326,
5-11-3-2-579-nng-takia-ilodabai-9,5-11-3-2-579-nng-takia-ilodabai,wayan-atedei-1,,,,9,44327,
5-11-3-2-579-nng-takia-ilodabai-10,5-11-3-2-579-nng-takia-ilodabai,wayan-alokaikai-1,,,,10,44328,
5-11-3-2-579-pt-dobu-matamatauta-1,5-11-3-2-579-pt-dobu-matamatauta,dobu-matamatauta-1,,,,1,44329,
5-11-3-2-579-pt-dobu-matamatauta-2,5-11-3-2-579-pt-dobu-matamatauta,gela-matagupou-1,,,,2,44330,
5-11-3-2-579-pt-dobu-matamatauta-3,5-11-3-2-579-pt-dobu-matamatauta,seambrym-metau-1,,,,3,44331,
5-11-3-2-579-pt-dobu-matamatauta-4,5-11-3-2-579-pt-dobu-matamatauta,paamese-tametau-1,,,,4,44332,
5-11-3-2-579-pt-dobu-matamatauta-5,5-11-3-2-579-pt-dobu-matamatauta,anejom-emtac-1,,,,5,44333,
5-11-3-2-579-pt-dobu-matamatauta-6,5-11-3-2-579-pt-dobu-matamatauta,bauanfijian-matamataku-1,,,,6,44334,
5-11-3-2-580-ncv-mota-varalava-1,5-11-3-2-580-ncv-mota-varalava,mota-varalava-1,,,,1,44335,
5-11-3-2-580-ncv-mota-varalava-2,5-11-3-2-580-ncv-mota-varalava,bauanfijian-yatelevu-3,,,,2,44336,
5-11-3-2-580-ncv-mota-varalava-3,5-11-3-2-580-ncv-mota-varalava,wayan-atelevu-3,,,,3,44337,
5-11-3-3-580-adm-seimat-patuailan-1,5-11-3-3-580-adm-seimat-patuailan,seimat-patuailan-2,,,,1,44338,
5-11-3-3-580-adm-seimat-patuailan-2,5-11-3-3-580-adm-seimat-patuailan,nyindrou-batunbotoon-1,,,,2,44339,
5-11-3-3-580-adm-seimat-patuailan-3,5-11-3-3-580-adm-seimat-patuailan,takia-ilopatpat-1,,,,3,44340,
5-11-3-3-580-adm-seimat-patuailan-4,5-11-3-3-580-adm-seimat-patuailan,takia-bubesakar-2,,,,4,44341,
5-11-3-3-580-adm-seimat-patuailan-5,5-11-3-3-580-adm-seimat-patuailan,maposbuang-yunigg-1,,,,5,44342,
5-11-3-3-580-adm-seimat-patuailan-6,5-11-3-3-580-adm-seimat-patuailan,kilivila-iminimanidabala-1,,,,6,44007,
5-11-3-3-580-adm-seimat-patuailan-7,5-11-3-3-580-adm-seimat-patuailan,gela-liovatu-1,,,,7,44343,
5-11-3-3-580-adm-seimat-patuailan-8,5-11-3-3-580-adm-seimat-patuailan,mwotlap-petmaymay-1,,,,8,44344,
5-11-3-3-580-adm-seimat-patuailan-9,5-11-3-3-580-adm-seimat-patuailan,bignambas-pthua-1,,,,9,44345,
5-11-3-3-580-adm-seimat-patuailan-10,5-11-3-3-580-adm-seimat-patuailan,paamese-vatikeiho-1,,,,10,44346,
5-11-3-3-580-adm-seimat-patuailan-11,5-11-3-3-580-adm-seimat-patuailan,sye-okoko-1,,,,11,44347,
5-11-3-3-580-adm-seimat-patuailan-12,5-11-3-3-580-adm-seimat-patuailan,lenakel-nkiirauskausk-1,,,,12,44348,
5-11-3-3-580-nng-mutu-taliazizi-1,5-11-3-3-580-nng-mutu-taliazizi,mutu-taliazizi-1,,,,1,44349,
5-11-3-3-580-nng-mutu-taliazizi-2,5-11-3-3-580-nng-mutu-taliazizi,mangap-talauun-1,,,,2,44350,
5-11-3-3-580-nng-mutu-taliazizi-3,5-11-3-3-580-nng-mutu-taliazizi,bariai-taabalbal-1,,,,3,44351,
5-11-3-3-580-nng-mutu-taliazizi-4,5-11-3-3-580-nng-mutu-taliazizi,iduna-taakulu-1,,,,4,44352,
5-11-3-3-580-nng-mutu-taliazizi-5,5-11-3-3-580-nng-mutu-taliazizi,iduna-taakulu-2,,,,5,44353,
5-11-3-3-580-nng-mutu-taliazizi-6,5-11-3-3-580-nng-mutu-taliazizi,iduna-taataakuluna-1,,,,6,44354,
5-11-3-4-581-ses-lau-liororodoa-1,5-11-3-4-581-ses-lau-liororodoa,lau-liororodoa-1,,,,1,44355,
5-11-3-4-581-ses-lau-liororodoa-2,5-11-3-4-581-ses-lau-liororodoa,mota-lolopo-1,,,,2,44187,
5-11-3-4-581-ses-lau-liororodoa-3,5-11-3-4-581-ses-lau-liororodoa,mwotlap-llpo-1,,,,3,44188,
5-11-3-4-581-ses-lau-liororodoa-4,5-11-3-4-581-ses-lau-liororodoa,nokuku-loloora-1,,,,4,44189,
5-11-3-4-581-ses-lau-liororodoa-5,5-11-3-4-581-ses-lau-liororodoa,kiribati-nanoro-1,,,,5,44356,
5-11-3-4-581-ses-toabaita-rorodoa-1,5-11-3-4-581-ses-toabaita-rorodoa,toabaita-rorodoa-1,,,,1,44357,
5-11-3-4-581-ses-toabaita-rorodoa-2,5-11-3-4-581-ses-toabaita-rorodoa,wayan-iilo-1,,,,2,44358,
5-11-3-4-583-nng-poeng-lomatana-1,5-11-3-4-583-nng-poeng-lomatana,mengen-lomatana-1,,,,1,44359,
5-11-3-4-583-nng-poeng-lomatana-2,5-11-3-4-583-nng-poeng-lomatana,areare-paumakata-1,,,,2,44360,
5-11-3-4-583-nng-poeng-lomatana-3,5-11-3-4-583-nng-poeng-lomatana,mota-lolomarani-1,,,,3,44361,
5-11-3-4-583-nng-poeng-lomatana-4,5-11-3-4-583-nng-poeng-lomatana,lonwolwol-lomern-1,,,,4,44362,
5-11-3-4-583-pt-dobu-sinasinapu-1,5-11-3-4-583-pt-dobu-sinasinapu,dobu-sinasinapu-1,,,,1,44363,
5-11-3-4-583-pt-dobu-sinasinapu-2,5-11-3-4-583-pt-dobu-sinasinapu,roviana-tumatumai-1,,,,2,44364,
5-11-3-4-583-pt-dobu-sinasinapu-3,5-11-3-4-583-pt-dobu-sinasinapu,paamese-kileile-1,,,,3,44365,
5-11-4-1-585-nng-mangap-kuliimozoro-1,5-11-4-1-585-nng-mangap-kuliimozoro,mangap-kuliimozoro-1,,,,1,44366,
5-11-4-1-585-nng-mangap-kuliimozoro-2,5-11-4-1-585-nng-mangap-kuliimozoro,mangap-matakoikoi-1,,,,2,44367,
5-11-4-1-585-nng-mangap-kuliimozoro-3,5-11-4-1-585-nng-mangap-kuliimozoro,takia-iloirer-1,,,,3,44368,
5-11-4-1-585-nng-mangap-kuliimozoro-4,5-11-4-1-585-nng-mangap-kuliimozoro,tawala-nugohelele-1,,,,4,44369,
5-11-4-3-588-adm-nyindrou-adehadruinta-1,5-11-4-3-588-adm-nyindrou-adehadruinta,nyindrou-adehadruinta-1,,,,1,44370,
5-11-4-3-588-adm-nyindrou-adehadruinta-2,5-11-4-3-588-adm-nyindrou-adehadruinta,gedaged-iloipani-1,,,,2,44371,
5-11-4-3-588-adm-nyindrou-adehadruinta-3,5-11-4-3-588-adm-nyindrou-adehadruinta,takia-bubeipani-1,,,,3,44372,
5-11-4-3-588-adm-nyindrou-adehadruinta-4,5-11-4-3-588-adm-nyindrou-adehadruinta,bunama-atemuyamuya-1,,,,4,44373,
5-11-4-4-588-nng-takia-ilouyan-1,5-11-4-4-588-nng-takia-ilouyan,takia-ilouyan-1,,,,1,44374,
5-11-4-4-588-nng-takia-ilouyan-2,5-11-4-4-588-nng-takia-ilouyan,yabem-ttaayam-1,,,,2,44375,
5-11-4-4-588-nng-takia-ilouyan-3,5-11-4-4-588-nng-takia-ilouyan,numbami-taewia-1,,,,3,44376,
5-11-4-4-588-nng-takia-ilouyan-4,5-11-4-4-588-nng-takia-ilouyan,mengen-laupe-1,,,,4,44377,
5-11-4-4-588-nng-takia-ilouyan-5,5-11-4-4-588-nng-takia-ilouyan,maposbuang-aenivca-1,,,,5,44378,
5-11-4-4-588-nng-takia-ilouyan-6,5-11-4-4-588-nng-takia-ilouyan,kilivila-ibwainalula-1,,,,6,44379,
5-11-4-4-588-nng-takia-ilouyan-7,5-11-4-4-588-nng-takia-ilouyan,dawawa-nuavere-1,,,,7,44380,
5-11-4-4-588-nng-takia-ilouyan-8,5-11-4-4-588-nng-takia-ilouyan,lala-lalonama-2,,,,8,44381,
5-11-4-4-588-nng-takia-ilouyan-9,5-11-4-4-588-nng-takia-ilouyan,motu-lalonamo-1,,,,9,44382,
5-11-4-4-588-nng-takia-ilouyan-10,5-11-4-4-588-nng-takia-ilouyan,kwaio-nonilea-1,,,,10,44383,
5-11-4-4-588-nng-takia-ilouyan-11,5-11-4-4-588-nng-takia-ilouyan,tokelauan-lotofiafia-1,,,,11,44384,
5-11-4-5-589-nng-yabem-allmwapa-1,5-11-4-5-589-nng-yabem-allmwapa,yabem-allmwapa-1,,,,1,44385,
5-11-4-5-589-nng-yabem-allmwapa-2,5-11-4-5-589-nng-yabem-allmwapa,mangap-leleipata-1,,,,2,44386,
5-11-4-5-589-nng-yabem-allmwapa-3,5-11-4-5-589-nng-yabem-allmwapa,maposbuang-ayomain-1,,,,3,44387,
5-11-4-5-589-nng-yabem-allmwapa-4,5-11-4-5-589-nng-yabem-allmwapa,takia-ilomuluan-1,,,,4,44388,
5-11-4-5-589-nng-yabem-allmwapa-5,5-11-4-5-589-nng-yabem-allmwapa,motu-lalometau-1,,,,5,43952,
5-11-4-5-589-nng-yabem-allmwapa-6,5-11-4-5-589-nng-yabem-allmwapa,dobu-nuaimau-1,,,,6,44389,
5-11-4-5-589-nng-yabem-allmwapa-7,5-11-4-5-589-nng-yabem-allmwapa,kilivila-maunano-1,,,,7,44390,
5-11-4-5-589-nng-yabem-allmwapa-8,5-11-4-5-589-nng-yabem-allmwapa,gumawana-nuoimou-1,,,,8,44391,
5-11-4-5-589-nng-yabem-allmwapa-9,5-11-4-5-589-nng-yabem-allmwapa,iduna-nuavita-1,,,,9,44392,
5-11-4-5-589-nng-yabem-allmwapa-10,5-11-4-5-589-nng-yabem-allmwapa,toabaita-manataekulua-1,,,,10,44393,
5-11-4-5-589-nng-yabem-allmwapa-11,5-11-4-5-589-nng-yabem-allmwapa,bauanfijian-lomabibi-1,,,,11,44394,
5-11-4-5-589-pn-tongan-mafasia-1,5-11-4-5-589-pn-tongan-mafasia,tongan-mafasia-2,,,,1,44395,
5-11-4-5-589-pn-tongan-mafasia-2,5-11-4-5-589-pn-tongan-mafasia,samoan-mafatia-2,,,,2,44396,
5-11-4-5-589-pn-tongan-mafasia-3,5-11-4-5-589-pn-tongan-mafasia,tahitian-fatai-1,,,,3,44397,
5-11-4-5-589-nng-takia-ilosaian-1,5-11-4-5-589-nng-takia-ilosaian,takia-ilosaian-1,,,,1,44398,
5-11-4-5-589-nng-takia-ilosaian-2,5-11-4-5-589-nng-takia-ilosaian,mutu-loloisaat-1,,,,2,44399,
5-11-4-5-589-nng-takia-ilosaian-3,5-11-4-5-589-nng-takia-ilosaian,longgu-taakutu-1,,,,3,44400,
5-11-4-5-589-nng-takia-ilosaian-4,5-11-4-5-589-nng-takia-ilosaian,areare-raeetaa-1,,,,4,44401,
5-11-4-5-589-nng-takia-tiaesaian-1,5-11-4-5-589-nng-takia-tiaesaian,takia-tiaesaian-1,,,,1,44402,
5-11-4-5-589-nng-takia-tiaesaian-2,5-11-4-5-589-nng-takia-tiaesaian,manam-iloigoala-1,,,,2,44403,
5-11-4-5-589-nng-takia-tiaesaian-3,5-11-4-5-589-nng-takia-tiaesaian,maposbuang-aenipaya-1,,,,3,44404,
5-11-4-5-589-nng-takia-tiaesaian-4,5-11-4-5-589-nng-takia-tiaesaian,dawawa-nuagewa-1,,,,4,44405,
5-11-4-5-589-nng-takia-tiaesaian-5,5-11-4-5-589-nng-takia-tiaesaian,misima-nuanak-1,,,,5,44406,
5-11-4-5-589-nng-takia-tiaesaian-6,5-11-4-5-589-nng-takia-tiaesaian,nakanai-iloruru-1,,,,6,44407,
5-11-4-5-589-nng-takia-tiaesaian-7,5-11-4-5-589-nng-takia-tiaesaian,nehan-balauasa-1,,,,7,44408,
5-11-4-5-589-nng-takia-tiaesaian-8,5-11-4-5-589-nng-takia-tiaesaian,maringe-diananafa-1,,,,8,44409,
5-11-4-5-589-nng-takia-tiaesaian-9,5-11-4-5-589-nng-takia-tiaesaian,lewo-sinevioa-1,,,,9,44410,
5-11-4-5-589-nng-takia-tiaesaian-10,5-11-4-5-589-nng-takia-tiaesaian,iduna-nuagikoyo-1,,,,10,44411,
5-11-4-5-589-nng-takia-tiaesaian-11,5-11-4-5-589-nng-takia-tiaesaian,paamese-titisa-1,,,,11,44412,
5-11-4-5-589-nng-takia-ilomadai-1,5-11-4-5-589-nng-takia-ilomadai,takia-ilomadai-1,,,,1,44413,
5-11-4-5-589-nng-takia-ilomadai-2,5-11-4-5-589-nng-takia-ilomadai,lukep-lomatamata-1,,,,2,44414,
5-11-4-5-589-nng-takia-ilomadai-3,5-11-4-5-589-nng-takia-ilomadai,tawala-nugototogo-1,,,,3,44415,
5-11-4-5-589-nng-takia-ilomadai-4,5-11-4-5-589-nng-takia-ilomadai,misima-atiloman-1,,,,4,44416,
5-11-4-5-589-nng-takia-ilomadai-5,5-11-4-5-589-nng-takia-ilomadai,patpatar-balauut-1,,,,5,44417,
5-11-4-5-589-nng-takia-ilomadai-6,5-11-4-5-589-nng-takia-ilomadai,lonwolwol-lomakenken-1,,,,6,44418,
5-11-4-5-589-nng-takia-ilomadai-7,5-11-4-5-589-nng-takia-ilomadai,lonwolwol-lmera-1,,,,7,44419,
5-11-4-6-591-nng-yabem-ttagoau-1,5-11-4-6-591-nng-yabem-ttagoau,yabem-ttagoau-1,,,,1,44420,
5-11-4-6-591-nng-yabem-ttagoau-2,5-11-4-6-591-nng-yabem-ttagoau,yabem-ttakmatitau-1,,,,2,44421,
5-11-4-6-591-nng-yabem-ttagoau-3,5-11-4-6-591-nng-yabem-ttagoau,yabem-ttakpa-1,,,,3,44422,
5-11-4-6-591-nng-yabem-ttagoau-4,5-11-4-6-591-nng-yabem-ttagoau,yabem-ttakbuliau-1,,,,4,44423,
5-11-4-6-591-nng-yabem-ttagoau-5,5-11-4-6-591-nng-yabem-ttagoau,yabem-ttaamaki-1,,,,5,44424,
5-11-4-6-591-nng-yabem-ttagoau-6,5-11-4-6-591-nng-yabem-ttagoau,yabem-ttaanda-1,,,,6,44425,
5-11-4-6-591-nng-yabem-ttagoau-7,5-11-4-6-591-nng-yabem-ttagoau,yabem-ttase-1,,,,7,44426,
5-11-4-6-591-adm-nyindrou-drineibukujih-1,5-11-4-6-591-adm-nyindrou-drineibukujih,nyindrou-drineibukujih-1,,,,1,44427,
5-11-4-6-591-adm-nyindrou-drineibukujih-2,5-11-4-6-591-adm-nyindrou-drineibukujih,takia-bubeyaiinani-2,,,,2,44428,
5-11-4-6-591-adm-nyindrou-drineibukujih-3,5-11-4-6-591-adm-nyindrou-drineibukujih,takia-ilowananan-1,,,,3,44429,
5-11-4-6-591-adm-nyindrou-drineibukujih-4,5-11-4-6-591-adm-nyindrou-drineibukujih,bukawa-ataade-1,,,,4,43917,
5-11-4-6-591-adm-nyindrou-drineibukujih-5,5-11-4-6-591-adm-nyindrou-drineibukujih,motu-lalosiahu-1,,,,5,43948,
5-11-4-6-591-adm-nyindrou-drineibukujih-6,5-11-4-6-591-adm-nyindrou-drineibukujih,nakanai-lahatelamamasi-1,,,,6,43909,
5-11-4-6-591-adm-nyindrou-drineibukujih-7,5-11-4-6-591-adm-nyindrou-drineibukujih,patpatar-balamamahien-1,,,,7,44430,
5-11-4-6-591-adm-nyindrou-drineibukujih-8,5-11-4-6-591-adm-nyindrou-drineibukujih,lau-lioesasu-1,,,,8,44431,
5-11-4-6-591-adm-nyindrou-drineibukujih-9,5-11-4-6-591-adm-nyindrou-drineibukujih,areare-raeekora-1,,,,9,44432,
5-11-4-6-591-adm-nyindrou-drineibukujih-10,5-11-4-6-591-adm-nyindrou-drineibukujih,araki-lolokoru-2,,,,10,44433,
5-11-4-6-591-adm-nyindrou-drineibukujih-11,5-11-4-6-591-adm-nyindrou-drineibukujih,lonwolwol-lmafri-1,,,,11,44434,
5-11-4-6-591-adm-nyindrou-drineibukujih-12,5-11-4-6-591-adm-nyindrou-drineibukujih,lonwolwol-llfafa-1,,,,12,44435,
5-11-4-7-591-nng-takia-iloibalkaluk-1,5-11-4-7-591-nng-takia-iloibalkaluk,takia-iloibalkaluk-1,,,,1,44436,
5-11-4-7-591-nng-takia-iloibalkaluk-2,5-11-4-7-591-nng-takia-iloibalkaluk,minaveha-nuavitupatupa-1,,,,2,44437,
5-11-4-7-591-nng-takia-iloibalkaluk-3,5-11-4-7-591-nng-takia-iloibalkaluk,tolai-puruai-1,,,,3,44438,
5-11-4-7-591-nng-takia-iloibalkaluk-4,5-11-4-7-591-nng-takia-iloibalkaluk,longgu-bonobou-1,,,,4,44439,
5-11-4-7-591-nng-takia-iloibalkaluk-5,5-11-4-7-591-nng-takia-iloibalkaluk,toabaita-qasifono-1,,,,5,44440,
5-11-4-7-591-nng-takia-iloibalkaluk-6,5-11-4-7-591-nng-takia-iloibalkaluk,kwaio-filu-1,,,,6,44441,
5-11-4-8-592-mm-nakanai-lahatelaraga-1,5-11-4-8-592-mm-nakanai-lahatelaraga,nakanai-lahatelaraga-3,,,,1,44442,
5-11-5-None-593-nng-takia-leo-1,5-11-5-None-593-nng-takia-leo,takia-leo-1,,,,1,44443,
5-11-5-None-593-nng-takia-leo-2,5-11-5-None-593-nng-takia-leo,takia-leda-1,,,,2,44444,
5-11-5-None-593-nng-takia-leo-3,5-11-5-None-593-nng-takia-leo,takia-leya-1,,,,3,44445,
5-11-5-None-593-nng-takia-leo-4,5-11-5-None-593-nng-takia-leo,takia-lewa-1,,,,4,44446,
5-11-5-None-593-ses-longgu-taliinu-1,5-11-5-None-593-ses-longgu-taliinu,longgu-taliinu-1,,,,1,44447,
5-11-5-None-593-ses-longgu-taliinu-2,5-11-5-None-593-ses-longgu-taliinu,longgu-tazanitate-1,,,,2,44448,
5-11-5-None-593-ses-longgu-taliinu-3,5-11-5-None-593-ses-longgu-taliinu,longgu-vusiai-1,,,,3,44449,
5-11-5-None-593-ses-longgu-taliinu-4,5-11-5-None-593-ses-longgu-taliinu,longgu-selae-1,,,,4,44450,
5-11-5-None-593-ses-areare-siri-1,5-11-5-None-593-ses-areare-siri,areare-siri-1,,,,1,44451,
5-11-5-None-593-ses-areare-siri-2,5-11-5-None-593-ses-areare-siri,arosi-gasi-1,,,,2,44452,
5-11-5-None-593-ses-areare-siri-3,5-11-5-None-593-ses-areare-siri,kwaio-mali-1,,,,3,44453,
5-11-5-None-593-ses-areare-siri-4,5-11-5-None-593-ses-areare-siri,wayan-mata-1,,,,4,44454,
5-11-5-None-594-nng-takia-youomat-1,5-11-5-None-594-nng-takia-youomat,takia-youomat-2,,,,1,44455,
5-11-5-None-594-nng-takia-youomat-2,5-11-5-None-594-nng-takia-youomat,gedaged-mat-1,,,,2,44456,
5-11-5-None-594-nng-takia-youomat-3,5-11-5-None-594-nng-takia-youomat,mengen-mateka-2,,,,3,44457,
5-11-5-None-594-nng-takia-youomat-4,5-11-5-None-594-nng-takia-youomat,kakuna-matekana-2,,,,4,44458,
5-11-5-None-594-nng-takia-youomat-5,5-11-5-None-594-nng-takia-youomat,uvol-meteana-2,,,,5,44459,
5-11-5-None-594-nng-takia-youomat-6,5-11-5-None-594-nng-takia-youomat,lau-maeligwou-1,,,,6,44460,
5-11-5-None-594-nng-takia-youomat-7,5-11-5-None-594-nng-takia-youomat,kwaio-malifaa-1,,,,7,44461,
5-11-6-2-599-pt-motu-karadika-1,5-11-6-2-599-pt-motu-karadika,motu-karadika-1,,,,1,44462,
5-11-6-2-599-pt-motu-karadika-2,5-11-6-2-599-pt-motu-karadika,motu-gaihodika-1,,,,2,44463,
5-11-6-2-599-pt-motu-karadika-3,5-11-6-2-599-pt-motu-karadika,motu-lalodika-1,,,,3,44464,
5-11-6-2-599-pt-motu-karadika-4,5-11-6-2-599-pt-motu-karadika,maringe-diananafa-2,,,,4,44465,
5-11-6-2-599-pt-motu-karadika-5,5-11-6-2-599-pt-motu-karadika,gela-liodika-2,,,,5,44466,
5-11-6-2-599-pt-motu-karadika-6,5-11-6-2-599-pt-motu-karadika,bugotu-dikahehe-1,,,,6,44467,
3-3-4-1-70-adm-lou-koe-1,3-3-4-1-70-adm-lou-koe,lou-koe-1,,,,1,44468,
3-3-4-1-70-adm-lou-koe-2,3-3-4-1-70-adm-lou-koe,mengen-kinkini-1,,,,2,44469,
3-3-4-1-70-adm-lou-koe-3,3-3-4-1-70-adm-lou-koe,sissanoarop-oraman-1,,,,3,44470,
3-3-4-1-70-adm-lou-koe-4,3-3-4-1-70-adm-lou-koe,bugotu-jou-1,,,,4,44471,
3-3-4-1-70-adm-lou-koe-5,3-3-4-1-70-adm-lou-koe,ambae-rivurivu-1,,,,5,44472,
3-3-4-1-70-adm-lou-koe-6,3-3-4-1-70-adm-lou-koe,anejom-nitaawan-1,,,,6,44473,
3-3-4-1-70-adm-lou-koe-7,3-3-4-1-70-adm-lou-koe,chuukese-ptwr-1,,,,7,44474,
3-3-4-8-80-mic-kosraean-po-1,3-3-4-8-80-mic-kosraean-po,kosraean-po-1,,,,1,44475,
3-3-4-8-80-mic-kosraean-po-2,3-3-4-8-80-mic-kosraean-po,wayan-balabala-2,,,,2,44476 44477 44478 44479 44480,
3-3-4-8-80-mic-kosraean-po-3,3-3-4-8-80-mic-kosraean-po,hawaiian-amau-1,,,,3,44481,
3-3-4-8-80-pt-iduna-maiwa-1,3-3-4-8-80-pt-iduna-maiwa,iduna-maiwa-1,,,,1,44482,
3-3-4-8-80-pt-iduna-maiwa-2,3-3-4-8-80-pt-iduna-maiwa,kosraean-fa-1,,,,2,44483,
3-3-4-8-80-pt-iduna-maiwa-3,3-3-4-8-80-pt-iduna-maiwa,mokilese-p-2,,,,3,44484,
3-3-4-8-80-pt-iduna-maiwa-4,3-3-4-8-80-pt-iduna-maiwa,wayan-dii-1,,,,4,44485,
3-3-4-8-80-pt-iduna-maiwa-5,3-3-4-8-80-pt-iduna-maiwa,samoan-olioli-1,,,,5,44486,
3-3-4-8-80-pt-iduna-maiwa-6,3-3-4-8-80-pt-iduna-maiwa,hawaiian-kupukupu-1,,,,6,44487,
3-3-4-8-81-nng-maposbuang-vav-1,3-3-4-8-81-nng-maposbuang-vav,maposbuang-vav-1,,,,1,44488,
3-3-4-8-81-nng-maposbuang-vav-2,3-3-4-8-81-nng-maposbuang-vav,labu-wahe-1,,,,2,44489,
3-3-4-8-81-nng-maposbuang-vav-3,3-3-4-8-81-nng-maposbuang-vav,mengen-kilanna-1,,,,3,44490,
3-3-4-8-81-nng-maposbuang-vav-4,3-3-4-8-81-nng-maposbuang-vav,takia-ud-1,,,,4,44491,
3-3-4-8-81-nng-maposbuang-vav-5,3-3-4-8-81-nng-maposbuang-vav,mangap-momotia-1,,,,5,44492,
3-3-4-8-81-nng-maposbuang-vav-6,3-3-4-8-81-nng-maposbuang-vav,iduna-boya-1,,,,6,44493,
3-3-4-8-81-nng-maposbuang-vav-7,3-3-4-8-81-nng-maposbuang-vav,gumawana-nauna-1,,,,7,44494,
3-3-4-8-81-nng-maposbuang-vav-8,3-3-4-8-81-nng-maposbuang-vav,misima-mawin-1,,,,8,44495,
3-3-4-8-81-nng-maposbuang-vav-9,3-3-4-8-81-nng-maposbuang-vav,ramoaaina-bual-1,,,,9,44496,
3-3-4-8-81-nng-maposbuang-vav-10,3-3-4-8-81-nng-maposbuang-vav,ramoaaina-palep-1,,,,10,44497,
3-3-4-8-81-nng-maposbuang-vav-11,3-3-4-8-81-nng-maposbuang-vav,teop-subui-1,,,,11,44498,
3-3-4-8-81-nng-maposbuang-vav-12,3-3-4-8-81-nng-maposbuang-vav,gela-makiri-1,,,,12,44499,
3-3-4-8-81-nng-maposbuang-vav-13,3-3-4-8-81-nng-maposbuang-vav,lau-orooro-1,,,,13,44500,
3-3-4-8-81-nng-maposbuang-vav-14,3-3-4-8-81-nng-maposbuang-vav,lau-murua-1,,,,14,44501,
3-3-4-8-81-nng-maposbuang-vav-15,3-3-4-8-81-nng-maposbuang-vav,kwaio-fufulu-1,,,,15,44502,
3-3-4-8-81-nng-maposbuang-vav-16,3-3-4-8-81-nng-maposbuang-vav,kwaraae-laua-1,,,,16,44503,
3-3-4-8-81-nng-maposbuang-vav-17,3-3-4-8-81-nng-maposbuang-vav,mokilese-tiptip-1,,,,17,44504,
3-3-4-8-81-nng-maposbuang-vav-18,3-3-4-8-81-nng-maposbuang-vav,chuukese-waw-1,,,,18,44505,
3-3-4-8-81-nng-maposbuang-vav-19,3-3-4-8-81-nng-maposbuang-vav,maori-otaota-1,,,,19,44506,
3-4-2-9-119-adm-lou-komit-1,3-4-2-9-119-adm-lou-komit,lou-komit-1,,,,1,44507,
3-4-2-9-119-adm-lou-komit-2,3-4-2-9-119-adm-lou-komit,kaulong-emlu-1,,,,2,44508,
3-4-2-9-119-adm-lou-komit-3,3-4-2-9-119-adm-lou-komit,mangseng-salemi-1,,,,3,44509,
3-4-2-9-119-adm-lou-komit-4,3-4-2-9-119-adm-lou-komit,bola-baki-1,,,,4,44510,
3-4-2-9-119-adm-lou-komit-5,3-4-2-9-119-adm-lou-komit,nakanai-kako-1,,,,5,44511,
3-4-2-9-119-adm-lou-komit-6,3-4-2-9-119-adm-lou-komit,ramoaaina-tat-1,,,,6,44512,
3-4-2-9-119-adm-lou-komit-7,3-4-2-9-119-adm-lou-komit,gela-dui-1,,,,7,44513,
3-4-2-9-119-adm-lou-komit-8,3-4-2-9-119-adm-lou-komit,kosraean-kl-1,,,,8,44514,
3-4-2-9-119-adm-lou-komit-9,3-4-2-9-119-adm-lou-komit,carolinian-buxili-1,,,,9,44515,
3-5-5-1-149-ncv-namakir-namara-1,3-5-5-1-149-ncv-namakir-namara,namakir-namara-1,,,,1,44516,
3-5-5-1-149-ncv-namakir-namara-2,3-5-5-1-149-ncv-namakir-namara,southefate-namara-1,,,,2,44517,
3-5-5-1-149-ncv-namakir-namara-3,3-5-5-1-149-ncv-namakir-namara,bauanfijian-mala-1,,,,3,44518,
3-5-5-1-149-ncv-namakir-namara-4,3-5-5-1-149-ncv-namakir-namara,bauanfijian-malamala-1,,,,4,44519,
3-5-5-1-149-ncv-namakir-namara-5,3-5-5-1-149-ncv-namakir-namara,tongan-malamalaatoa-1,,,,5,44520,
3-5-5-1-149-ncv-namakir-namara-6,3-5-5-1-149-ncv-namakir-namara,niuean-mamala-1,,,,6,44521,
3-5-5-1-149-ncv-namakir-namara-7,3-5-5-1-149-ncv-namakir-namara,emae-maramara-1,,,,7,44522,
3-5-5-1-149-ncv-namakir-namara-8,3-5-5-1-149-ncv-namakir-namara,ifiramele-mara-2,,,,8,44523,
3-5-5-1-149-ncv-namakir-namara-9,3-5-5-1-149-ncv-namakir-namara,tahitian-mara-1,,,,9,44524,
3-5-5-1-149-ncv-namakir-namara-10,3-5-5-1-149-ncv-namakir-namara,tuamotuan-mara-1,,,,10,44525,
3-5-5-1-149-ncv-neambae-bise-1,3-5-5-1-149-ncv-neambae-bise,ambae-bise-1,,,,1,44526,
3-5-5-1-149-ncv-neambae-bise-2,3-5-5-1-149-ncv-neambae-bise,araki-vipisu-1,,,,2,44527,
3-5-5-1-149-ncv-neambae-bise-3,3-5-5-1-149-ncv-neambae-bise,tangoa-vipisu-1,,,,3,44528,
3-5-5-1-149-ncv-neambae-bise-4,3-5-5-1-149-ncv-neambae-bise,raga-bisa-1,,,,4,44529,
3-5-5-1-149-ncv-neambae-bise-5,3-5-5-1-149-ncv-neambae-bise,paamese-vise-1,,,,5,44530,
3-5-5-1-149-ncv-neambae-bise-6,3-5-5-1-149-ncv-neambae-bise,lewo-purupiu-1,,,,6,44531,
3-5-5-1-149-ncv-neambae-bise-7,3-5-5-1-149-ncv-neambae-bise,sye-nempes-1,,,,7,44532,
3-7-5-10-219-adm-mussau-arita-1,3-7-5-10-219-adm-mussau-arita,mussau-arita-1,,,,1,44533,
3-7-5-10-219-adm-mussau-arita-2,3-7-5-10-219-adm-mussau-arita,nyindrou-alik-1,,,,2,44534,
3-7-5-10-219-adm-mussau-arita-3,3-7-5-10-219-adm-mussau-arita,nauna-alit-1,,,,3,44535,
3-7-5-10-219-adm-mussau-arita-4,3-7-5-10-219-adm-mussau-arita,penchal-alit-1,,,,4,44536,
3-7-5-10-219-adm-mussau-arita-5,3-7-5-10-219-adm-mussau-arita,pak-ehir-1,,,,5,44537,
3-7-5-10-219-adm-mussau-arita-6,3-7-5-10-219-adm-mussau-arita,nali-nalit-1,,,,6,44538,
3-7-5-10-219-adm-mussau-arita-7,3-7-5-10-219-adm-mussau-arita,ere-arit-1,,,,7,44539,
3-7-5-10-219-adm-mussau-arita-8,3-7-5-10-219-adm-mussau-arita,titan-alit-1,,,,8,44540,
3-7-5-10-219-adm-mussau-arita-9,3-7-5-10-219-adm-mussau-arita,soriharengan-ahi-1,,,,9,44541,
3-7-5-10-219-adm-mussau-arita-10,3-7-5-10-219-adm-mussau-arita,leipon-yerit-1,,,,10,44542,
3-7-5-10-219-adm-mussau-arita-11,3-7-5-10-219-adm-mussau-arita,loniu-eitaat-1,,,,11,44543,
3-7-7-None-235-adm-mondropolon-cannikei-1,3-7-7-None-235-adm-mondropolon-cannikei,mondropolon-cannikei-1,,,,1,44544,
3-7-7-None-235-adm-mondropolon-cannikei-2,3-7-7-None-235-adm-mondropolon-cannikei,anejom-inticanai-2,,,,2,44545,
3-7-7-None-235-adm-mondropolon-cannikei-3,3-7-7-None-235-adm-mondropolon-cannikei,maori-tariarakau-2,,,,3,,
3-7-7-None-235-ncv-paamese-ralienasu-1,3-7-7-None-235-ncv-paamese-ralienasu,paamese-ralienasu-2,,,,1,44546,
3-7-7-None-235-ncv-paamese-ralienasu-2,3-7-7-None-235-ncv-paamese-ralienasu,marshallese-lcilinkicrik-1,,,,2,44547,
3-7-7-None-235-ncv-paamese-ralienasu-3,3-7-7-None-235-ncv-paamese-ralienasu,rarotongan-tariakiore-1,,,,3,44548,
3-7-7-None-235-ncv-paamese-ralienasu-4,3-7-7-None-235-ncv-paamese-ralienasu,tuamotuan-tariakiore-1,,,,4,,
3-7-7-None-235-ncv-paamese-ralienasu-5,3-7-7-None-235-ncv-paamese-ralienasu,maori-taliaimoa-1,,,,5,,
3-7-7-None-236-adm-seimat-taxiipaxi-1,3-7-7-None-236-adm-seimat-taxiipaxi,seimat-taxiipaxi-1,,,,1,44549,
3-7-7-None-236-adm-seimat-taxiipaxi-2,3-7-7-None-236-adm-seimat-taxiipaxi,ponapean-saleeneni-1,,,,2,,
3-7-7-None-236-adm-seimat-taxiipaxi-3,3-7-7-None-236-adm-seimat-taxiipaxi,mortlockese-sliananu-2,,,,3,44550,
3-7-7-None-236-adm-seimat-taxiipaxi-4,3-7-7-None-236-adm-seimat-taxiipaxi,puluwatese-hlinhoom-1,,,,4,44551,
3-7-7-None-236-adm-seimat-taxiipaxi-5,3-7-7-None-236-adm-seimat-taxiipaxi,chuukese-seniersoom-1,,,,5,,
3-7-7-None-236-adm-seimat-taxiipaxi-6,3-7-7-None-236-adm-seimat-taxiipaxi,rotuman-falianeatua-1,,,,6,44552,
3-7-7-None-236-adm-seimat-taxiipaxi-7,3-7-7-None-236-adm-seimat-taxiipaxi,bauanfijian-dalianikalou-1,,,,7,,
3-7-7-None-236-adm-seimat-taxiipaxi-8,3-7-7-None-236-adm-seimat-taxiipaxi,tikopia-tariaaatua-2,,,,8,,
3-9-2-2-270-adm-mussau-ulaa-1,3-9-2-2-270-adm-mussau-ulaa,mussau-ulaa-1,,,,1,44553,
3-9-2-2-270-adm-mussau-ulaa-2,3-9-2-2-270-adm-mussau-ulaa,seimat-hula-1,,,,2,44554,
3-9-2-2-270-adm-mussau-ulaa-3,3-9-2-2-270-adm-mussau-ulaa,aua-fuula-1,,,,3,44555,
3-9-2-2-270-adm-mussau-ulaa-4,3-9-2-2-270-adm-mussau-ulaa,lou-pulak-1,,,,4,44556,
3-9-2-2-270-adm-mussau-ulaa-5,3-9-2-2-270-adm-mussau-ulaa,nakanai-ula-1,,,,5,44557,
3-9-2-2-270-adm-mussau-ulaa-6,3-9-2-2-270-adm-mussau-ulaa,nakanai-buleha-1,,,,6,44558,
3-9-2-2-270-adm-mussau-ulaa-7,3-9-2-2-270-adm-mussau-ulaa,nakanai-bureka-1,,,,7,44559,
3-9-2-2-270-adm-mussau-ulaa-8,3-9-2-2-270-adm-mussau-ulaa,karaeast-vuli-1,,,,8,44560,
3-9-2-2-270-adm-mussau-ulaa-9,3-9-2-2-270-adm-mussau-ulaa,patpatar-pulaka-1,,,16,9,44561,
3-9-2-2-270-adm-mussau-ulaa-10,3-9-2-2-270-adm-mussau-ulaa,tolai-pulaka-1,,,,10,44562,
3-9-2-2-270-adm-mussau-ulaa-11,3-9-2-2-270-adm-mussau-ulaa,mota-puaka-1,,,,11,44563,
3-9-2-2-270-adm-mussau-ulaa-12,3-9-2-2-270-adm-mussau-ulaa,uripiv-uak-1,,,,12,44564,
3-9-2-2-270-adm-mussau-ulaa-13,3-9-2-2-270-adm-mussau-ulaa,bignambas-boak-1,,,,13,44565,
3-9-2-2-270-adm-mussau-ulaa-14,3-9-2-2-270-adm-mussau-ulaa,portsandwich-buag-1,,,,14,44566,
3-9-2-2-270-adm-mussau-ulaa-15,3-9-2-2-270-adm-mussau-ulaa,naman-buag-1,,,,15,44567,
3-9-2-2-270-adm-mussau-ulaa-16,3-9-2-2-270-adm-mussau-ulaa,neveei-nibia-1,,,,16,44568,
3-9-2-2-270-adm-mussau-ulaa-17,3-9-2-2-270-adm-mussau-ulaa,avava-ua-1,,,,17,44569,
3-9-2-2-270-adm-mussau-ulaa-18,3-9-2-2-270-adm-mussau-ulaa,nese-boak-1,,,,18,44570,
3-9-2-2-270-adm-mussau-ulaa-19,3-9-2-2-270-adm-mussau-ulaa,namakir-buag-1,,,,19,44571,
3-9-2-2-270-adm-mussau-ulaa-20,3-9-2-2-270-adm-mussau-ulaa,xaracuu-buraa-1,,,,20,44572,
3-9-2-2-270-adm-mussau-ulaa-21,3-9-2-2-270-adm-mussau-ulaa,marshallese-pl-1,,,,21,44573,
3-9-2-2-270-adm-mussau-ulaa-22,3-9-2-2-270-adm-mussau-ulaa,mortlockese-pul-1,,,,22,44574,
3-9-2-2-270-adm-mussau-ulaa-23,3-9-2-2-270-adm-mussau-ulaa,chuukese-pua-1,,,,23,44575,
3-9-2-2-270-adm-mussau-ulaa-24,3-9-2-2-270-adm-mussau-ulaa,puluwatese-pula-1,,,,24,44576,
3-9-2-2-270-adm-mussau-ulaa-25,3-9-2-2-270-adm-mussau-ulaa,satawalese-pula-1,,,,25,44577,
3-9-2-2-270-adm-mussau-ulaa-26,3-9-2-2-270-adm-mussau-ulaa,carolinian-bula-1,,,,26,44578,
3-9-2-2-270-adm-mussau-ulaa-27,3-9-2-2-270-adm-mussau-ulaa,woleaian-furaxe-1,,,,27,44579,
3-9-2-2-270-adm-mussau-ulaa-28,3-9-2-2-270-adm-mussau-ulaa,puloannian-vuraxa-1,,,,28,44580,
3-9-2-2-270-adm-mussau-ulaa-29,3-9-2-2-270-adm-mussau-ulaa,anutan-pulaka-1,,,,29,44581,
3-9-2-2-270-adm-mussau-ulaa-30,3-9-2-2-270-adm-mussau-ulaa,pukapukan-pulaka-1,,,,30,44582,
3-9-2-2-270-adm-mussau-ulaa-31,3-9-2-2-270-adm-mussau-ulaa,eastfutunan-pulaka-1,,,,31,44583,
3-9-2-2-270-adm-mussau-ulaa-32,3-9-2-2-270-adm-mussau-ulaa,eastuvean-pulaka-1,,,,32,44584,
3-9-2-2-270-adm-mussau-ulaa-33,3-9-2-2-270-adm-mussau-ulaa,samoan-pulaa-1,,,,33,44585,
3-9-2-2-270-adm-mussau-ulaa-34,3-9-2-2-270-adm-mussau-ulaa,tuvalu-pulaka-1,,,,34,44586,
3-9-2-2-270-adm-mussau-ulaa-35,3-9-2-2-270-adm-mussau-ulaa,tokelauan-pulaka-1,,,,35,44587,
3-9-2-2-270-adm-mussau-ulaa-36,3-9-2-2-270-adm-mussau-ulaa,rarotongan-puraka-1,,,,36,44588,
3-9-3-None-279-nng-mangap-pinpin-1,3-9-3-None-279-nng-mangap-pinpin,mangap-pinpin-1,,,,1,44589,
3-9-3-None-279-nng-mangap-pinpin-2,3-9-3-None-279-nng-mangap-pinpin,sudest-uduudu-1,,,,2,44590,
3-9-3-None-279-nng-mangap-pinpin-3,3-9-3-None-279-nng-mangap-pinpin,ramoaaina-uduudu-1,,,,3,44591,
3-9-3-None-279-nng-mangap-pinpin-4,3-9-3-None-279-nng-mangap-pinpin,tolai-vuduvudu-1,,,20,4,44592,
3-10-4-1-305-mic-kosraean-kny-1,3-10-4-1-305-mic-kosraean-kny,kosraean-kny-1,,,,1,44593,
3-10-4-1-305-mic-kosraean-kny-2,3-10-4-1-305-mic-kosraean-kny,chuukese-wr-1,,,,2,44594,
3-10-4-1-305-mic-kosraean-kny-3,3-10-4-1-305-mic-kosraean-kny,puluwatese-yawann-1,,,,3,44595,
3-10-4-1-305-mic-kosraean-kny-4,3-10-4-1-305-mic-kosraean-kny,satawalese-awal-1,,,,4,44596,
3-10-4-1-305-mic-kosraean-kny-5,3-10-4-1-305-mic-kosraean-kny,woleaian-gewann-1,,,,5,44597,
3-10-4-1-305-mic-kosraean-kny-6,3-10-4-1-305-mic-kosraean-kny,ulithian-howel-1,,,,6,44598,
3-11-2-3-322-mm-nakanai-uele-1,3-11-2-3-322-mm-nakanai-uele,nakanai-uele-1,,,,1,44599,
3-11-2-3-322-mm-nakanai-uele-2,3-11-2-3-322-mm-nakanai-uele,meramera-uele-1,,,,2,44600,
3-11-2-3-322-mm-nakanai-uele-3,3-11-2-3-322-mm-nakanai-uele,vaghua-vele-1,,,,3,44601,
3-11-2-3-322-mm-nakanai-uele-4,3-11-2-3-322-mm-nakanai-uele,babatana-vele-1,,,,4,44602,
3-11-2-3-322-mm-nakanai-uele-5,3-11-2-3-322-mm-nakanai-uele,mota-vele-1,,,,5,44603,
3-11-2-3-322-mm-nakanai-uele-6,3-11-2-3-322-mm-nakanai-uele,tamambo-vuvale-1,,,,6,44604,
3-11-2-3-322-mm-nakanai-uele-7,3-11-2-3-322-mm-nakanai-uele,raga-vele-1,,,,7,44605,
3-11-2-3-322-mm-nakanai-uele-8,3-11-2-3-322-mm-nakanai-uele,apma-vel-1,,,,8,44606,
3-11-2-3-322-mm-nakanai-uele-9,3-11-2-3-322-mm-nakanai-uele,lonwolwol-woleh-1,,,,9,44607,
3-11-2-3-322-mm-nakanai-uele-10,3-11-2-3-322-mm-nakanai-uele,namakir-vil-1,,,,10,44608,
3-11-2-3-322-mm-nakanai-uele-11,3-11-2-3-322-mm-nakanai-uele,nguna-navila-2,,,,11,44609,
3-11-2-3-322-mm-nakanai-uele-12,3-11-2-3-322-mm-nakanai-uele,sye-velah-1,,,,12,44610,
3-11-2-3-322-mm-nakanai-uele-13,3-11-2-3-322-mm-nakanai-uele,ura-niveri-1,,,,13,44611,
3-11-2-3-322-mm-roviana-kinu-1,3-11-2-3-322-mm-roviana-kinu,roviana-kinu-1,,,,1,44612,
3-11-2-3-322-mm-roviana-kinu-2,3-11-2-3-322-mm-roviana-kinu,nduke-kino-1,,,,2,44613,
3-11-2-3-322-mm-roviana-kinu-3,3-11-2-3-322-mm-roviana-kinu,hoava-kinu-1,,,,3,44614,
3-11-2-3-322-mm-roviana-kinu-4,3-11-2-3-322-mm-roviana-kinu,kusaghe-kinu-1,,,,4,44615,
3-11-2-3-322-mm-roviana-kinu-5,3-11-2-3-322-mm-roviana-kinu,gela-kinu-1,,,,5,44616,
3-11-2-3-322-mm-roviana-kinu-6,3-11-2-3-322-mm-roviana-kinu,lau-kinu-1,,,,6,44617,
3-11-2-3-322-mm-roviana-kinu-7,3-11-2-3-322-mm-roviana-kinu,kwaio-kinu-1,,,,7,44618,
3-11-2-3-322-mm-roviana-kinu-8,3-11-2-3-322-mm-roviana-kinu,kwaraae-kiunkinu-1,,,,8,44619,
3-11-3-6-346-mm-karae-malaukis-1,3-11-3-6-346-mm-karae-malaukis,karaeast-malaukis-1,,,,1,44620,
3-11-3-6-346-mm-karae-malaukis-2,3-11-3-6-346-mm-karae-malaukis,patpatar-kukuris-1,,,,2,44621,
3-11-3-6-346-mm-karae-malaukis-3,3-11-3-6-346-mm-karae-malaukis,tolai-kurival-1,,,,3,44622,
3-11-4-1-350-mm-maringe-lama-1,3-11-4-1-350-mm-maringe-lama,maringe-lama-1,,,,1,44623,
3-12-3-5-366-pt-taboro-niutubuna-1,3-12-3-5-366-pt-taboro-niutubuna,taboro-niutubuna-1,,,,1,44624,
3-12-3-5-366-pt-taboro-niutubuna-2,3-12-3-5-366-pt-taboro-niutubuna,motu-tubu-1,,,,2,44625,
3-12-3-5-366-pt-taboro-niutubuna-3,3-12-3-5-366-pt-taboro-niutubuna,roro-kupu-2,,,,3,44626,
3-12-3-5-366-pt-taboro-niutubuna-4,3-12-3-5-366-pt-taboro-niutubuna,ambae-tubu-1,,,,4,44627,
3-12-4-3-375--psv-nvutoy-1,3-12-4-3-375--psv-nvutoy,psv-nvutoy-1,,,,1,44628,
3-12-4-3-375--psv-nvutoy-2,3-12-4-3-375--psv-nvutoy,anejom-nhutuma-1,,,,2,14752,
3-12-4-3-375--psv-nvutoy-3,3-12-4-3-375--psv-nvutoy,ntanna-nouta-2,,,,3,44629,
3-12-4-3-375--psv-nvutoy-4,3-12-4-3-375--psv-nvutoy,lenakel-nenourk-2,,,,4,44630,
3-12-5-3-386-adm-titan-parol-1,3-12-5-3-386-adm-titan-parol,titan-parol-1,,,,1,44631,
3-12-5-3-386-adm-titan-parol-2,3-12-5-3-386-adm-titan-parol,numbami-wawanzia-1,,,,2,44632,
3-12-5-3-386-adm-titan-parol-3,3-12-5-3-386-adm-titan-parol,iduna-lelewaka-1,,,,3,44633,
3-12-5-3-386-adm-titan-parol-4,3-12-5-3-386-adm-titan-parol,iduna-kakaiyona-1,,,,4,44634,
3-12-5-3-386-adm-titan-parol-5,3-12-5-3-386-adm-titan-parol,tawala-kena-1,,,,5,44635,
3-12-5-3-386-adm-titan-parol-6,3-12-5-3-386-adm-titan-parol,nduke-rereto-1,,,,6,44636,
3-12-5-3-386-adm-titan-parol-7,3-12-5-3-386-adm-titan-parol,nduke-bautu-1,,,,7,44637,
3-12-5-3-386-adm-titan-parol-8,3-12-5-3-386-adm-titan-parol,gela-mbagona-1,,,,8,44638,
3-12-5-3-386-adm-titan-parol-9,3-12-5-3-386-adm-titan-parol,gela-tu-1,,,,9,44639,
3-12-5-3-386-adm-titan-parol-10,3-12-5-3-386-adm-titan-parol,gela-liliki-1,,,,10,44640,
3-12-5-3-386-adm-titan-parol-11,3-12-5-3-386-adm-titan-parol,wayan-samoa-1,,,,11,26753,
3-12-5-3-386-adm-titan-parol-12,3-12-5-3-386-adm-titan-parol,tikopia-taume-1,,,,12,26755,
3-13-3-1-399-mm-tolai-kaur-1,3-13-3-1-399-mm-tolai-kaur,tolai-kaur-1,,,,1,44641,
3-13-3-1-399-mm-tolai-kaur-2,3-13-3-1-399-mm-tolai-kaur,tolai-kaurluba-1,,,,2,44642,
3-13-3-1-399-mm-tolai-kaur-3,3-13-3-1-399-mm-tolai-kaur,tolai-kaurgoragoro-1,,,,3,44643,
3-13-3-1-399-mm-tolai-kaur-4,3-13-3-1-399-mm-tolai-kaur,tolai-kaurlaur-1,,,,4,44644,
2-3-3-3-47-nng-maposbuang-belvaa-1,2-3-3-3-47-nng-maposbuang-belvaa,maposbuang-belvaa-1,,,,1,44645,
2-3-3-3-47-nng-maposbuang-belvaa-2,2-3-3-3-47-nng-maposbuang-belvaa,takia-youen-1,,,,2,44646,
2-3-3-3-47-nng-maposbuang-belvaa-3,2-3-3-3-47-nng-maposbuang-belvaa,iduna-gufawaage-1,,,,3,44647,
2-3-3-3-47-nng-maposbuang-belvaa-4,2-3-3-3-47-nng-maposbuang-belvaa,molima-goilaaena-1,,,,4,44648,
2-3-3-3-47-nng-maposbuang-belvaa-5,2-3-3-3-47-nng-maposbuang-belvaa,lau-aenakafo-1,,,,5,44649,
2-3-6-2-62-nng-kaulong-ekimaran-1,2-3-6-2-62-nng-kaulong-ekimaran,kaulong-ekimaran-1,,,,1,44650,
2-3-6-2-62-nng-kaulong-ekimaran-2,2-3-6-2-62-nng-kaulong-ekimaran,yabem-bumata-1,,,,2,44651,
2-3-6-2-62-nng-kaulong-ekimaran-3,2-3-6-2-62-nng-kaulong-ekimaran,iduna-gufawamata-1,,,,3,44652,
2-3-6-2-62-nng-kaulong-ekimaran-4,2-3-6-2-62-nng-kaulong-ekimaran,tolai-mtntav-1,,,,4,44653,
2-3-6-2-62-nng-kaulong-ekimaran-5,2-3-6-2-62-nng-kaulong-ekimaran,lau-mafulafula-1,,,,5,44654,
2-3-9-4-85-adm-mussau-manugagaga-1,2-3-9-4-85-adm-mussau-manugagaga,mussau-manugagaga-1,,,,1,44655,
2-3-9-4-85-adm-mussau-manugagaga-2,2-3-9-4-85-adm-mussau-manugagaga,lou-ultum-1,,,,2,44656,
2-3-9-4-85-adm-mussau-manugagaga-3,2-3-9-4-85-adm-mussau-manugagaga,nakanai-karoro-1,,,,3,44657,
2-3-9-4-85-adm-mussau-manugagaga-4,2-3-9-4-85-adm-mussau-manugagaga,tolai-roro-1,,,,4,44658,
2-3-9-4-85-adm-mussau-manugagaga-5,2-3-9-4-85-adm-mussau-manugagaga,ramoaaina-taigugu-1,,,,5,44659,
2-3-9-4-85-adm-mussau-manugagaga-6,2-3-9-4-85-adm-mussau-manugagaga,gela-gogo-1,,,,6,44660,
2-3-9-4-85-adm-mussau-manugagaga-7,2-3-9-4-85-adm-mussau-manugagaga,gela-lualua-1,,,,7,44661,
2-3-9-4-85-adm-mussau-manugagaga-8,2-3-9-4-85-adm-mussau-manugagaga,bugotu-gogovi-1,,,,8,44662,
2-3-9-4-85-adm-mussau-manugagaga-9,2-3-9-4-85-adm-mussau-manugagaga,arosi-ruarua-1,,,,9,33221,
2-3-9-4-85-adm-mussau-manugagaga-10,2-3-9-4-85-adm-mussau-manugagaga,arosi-asiora-1,,,,10,44663,
2-3-9-4-85-adm-mussau-manugagaga-11,2-3-9-4-85-adm-mussau-manugagaga,tamambo-tasiwalawalau-1,,,,11,44664,
2-3-9-4-85-adm-mussau-manugagaga-12,2-3-9-4-85-adm-mussau-manugagaga,bauanfijian-uataletale-1,,,,12,44665,
2-3-9-4-85-adm-mussau-manugagaga-13,2-3-9-4-85-adm-mussau-manugagaga,bauanfijian-ualoka-1,,,,13,44666,
2-3-9-4-85-adm-mussau-manugagaga-14,2-3-9-4-85-adm-mussau-manugagaga,tongan-peaukula-1,,,,14,44667,
2-3-9-4-85-adm-mussau-manugagaga-15,2-3-9-4-85-adm-mussau-manugagaga,niuean-peauafi-1,,,,15,44668,
2-3-9-4-85-adm-mussau-manugagaga-16,2-3-9-4-85-adm-mussau-manugagaga,hawaiian-kaihoee-1,,,,16,44669,
2-4-2-1-93-ses-lau-asiabua-1,2-4-2-1-93-ses-lau-asiabua,lau-asiabua-1,,,,1,44670,
2-4-2-1-93-ses-lau-asiabua-2,2-4-2-1-93-ses-lau-asiabua,lau-asidalafa-1,,,,2,44671,
2-4-2-1-93-ses-lau-asiabua-3,2-4-2-1-93-ses-lau-asiabua,lau-asidaudau-1,,,,3,44672,
2-4-2-1-93-ses-lau-asiabua-4,2-4-2-1-93-ses-lau-asiabua,lau-asifolaasimae-1,,,,4,44673,
2-4-2-1-93-ses-lau-asiabua-5,2-4-2-1-93-ses-lau-asiabua,lau-asimauri-2,,,,5,44674,
2-4-2-1-93-ses-lau-asiabua-6,2-4-2-1-93-ses-lau-asiabua,lau-asinamo-1,,,,6,44675,
2-4-2-1-93-ses-lau-asiabua-7,2-4-2-1-93-ses-lau-asiabua,lau-asile-1,,,,7,44676,
2-4-2-1-93-ses-lau-asiabua-8,2-4-2-1-93-ses-lau-asiabua,lau-asiru-1,,,,8,44677,
2-4-2-2-96-pt-kiriwina-ipaisaga-1,2-4-2-2-96-pt-kiriwina-ipaisaga,kilivila-ipaisaga-1,,,,1,44678,
2-4-2-2-96-pt-kiriwina-ipaisaga-2,2-4-2-2-96-pt-kiriwina-ipaisaga,areare-asitaa-1,,,,2,44679,
2-4-2-2-96-pt-kiriwina-ipaisaga-3,2-4-2-2-96-pt-kiriwina-ipaisaga,arosi-asitaa-1,,,,3,44680,
2-4-3-2-110-pt-motu-haoda-1,2-4-3-2-110-pt-motu-haoda,motu-haoda-1,,,,1,44681,
2-4-3-2-110-pt-motu-haoda-2,2-4-3-2-110-pt-motu-haoda,bugotu-vagoda-1,,,,2,44682,
2-4-3-2-110-pt-motu-haoda-3,2-4-3-2-110-pt-motu-haoda,gela-vaoda-1,,,,3,44683,
2-4-3-2-110-pt-motu-haoda-4,2-4-3-2-110-pt-motu-haoda,saa-haoda-1,,,,4,44684,
2-4-3-2-110-pt-motu-haoda-5,2-4-3-2-110-pt-motu-haoda,mota-vaona-1,,,,5,44685,
2-4-3-2-110-pt-motu-haoda-6,2-4-3-2-110-pt-motu-haoda,nguna-pavagoda-1,,,,6,44686,
2-4-3-2-110-pt-motu-haoda-7,2-4-3-2-110-pt-motu-haoda,nguna-vinagoda-1,,,,7,44687,
2-4-3-2-110-pt-motu-haoda-8,2-4-3-2-110-pt-motu-haoda,lonwolwol-fogor-1,,,,8,44688,
2-4-3-2-110-pt-motu-haoda-9,2-4-3-2-110-pt-motu-haoda,anejom-ahaec-2,,,,9,44689,
2-5-4-1-127-nng-amara-omur-1,2-5-4-1-127-nng-amara-omur,amara-omur-1,,,,1,44690,
2-5-4-1-127-nng-amara-omur-2,2-5-4-1-127-nng-amara-omur,bing-murmoriy-1,,,,2,44691,
2-5-4-1-127-nng-amara-omur-3,2-5-4-1-127-nng-amara-omur,motu-mirigini-1,,,,3,44692,
2-5-4-1-127-nng-amara-omur-4,2-5-4-1-127-nng-amara-omur,mekeo-milikini-1,,,,4,44693,
2-5-4-2-135-ses-arosi-worosi-1,2-5-4-2-135-ses-arosi-worosi,arosi-worosi-1,,,,1,44694,
2-5-4-2-135-ses-arosi-worosi-2,2-5-4-2-135-ses-arosi-worosi,areare-awarosi-1,,,,2,44695,
2-5-4-2-135-ses-arosi-worosi-3,2-5-4-2-135-ses-arosi-worosi,saa-awalosi-1,,,,3,44696,
2-5-4-2-135-mic-ponapean-nanpar-1,2-5-4-2-135-mic-ponapean-nanpar,ponapean-nanpar-1,,,,1,44697,
2-5-4-2-135-mic-ponapean-nanpar-2,2-5-4-2-135-mic-ponapean-nanpar,pchk-parata-1,,,,2,44698,
2-5-4-2-135-mic-ponapean-nanpar-3,2-5-4-2-135-mic-ponapean-nanpar,mortlockese-paras-1,,,,3,44699,
2-5-4-2-135-mic-ponapean-nanpar-4,2-5-4-2-135-mic-ponapean-nanpar,woleaian-pazasa-1,,,,4,44700,
2-5-4-2-138-mm-roviana-toarauru-1,2-5-4-2-138-mm-roviana-toarauru,roviana-toarauru-1,,,,1,44701,
2-5-4-2-138-mm-roviana-toarauru-2,2-5-4-2-138-mm-roviana-toarauru,mota-toalau-1,,,,2,44702,
2-5-4-2-138-mm-roviana-toarauru-3,2-5-4-2-138-mm-roviana-toarauru,raga-toalau-1,,,,3,44703,
2-5-4-2-140-nng-kove-hai-1,2-5-4-2-140-nng-kove-hai,kove-hai-1,,,,1,33578,
2-5-4-2-140-nng-kove-hai-2,2-5-4-2-140-nng-kove-hai,bariai-rai-1,,,,2,33579,
2-5-4-2-140-nng-kove-hai-3,2-5-4-2-140-nng-kove-hai,lukep-rai-1,,,,3,33581,
2-5-4-2-140-nng-kove-hai-4,2-5-4-2-140-nng-kove-hai,woleaian-zaxi-1,,,,4,33593,
2-5-4-2-140-mm-barok-awat-1,2-5-4-2-140-mm-barok-awat,barok-awat-1,,,,1,33640,
2-5-4-2-140-mm-barok-awat-2,2-5-4-2-140-mm-barok-awat,siar-yahrat-1,,,,2,33641,
2-5-5-2-145-mm-vitu-abuabu-1,2-5-5-2-145-mm-vitu-abuabu,vitu-abuabu-1,,,,1,44704,
2-5-5-2-145-mm-vitu-abuabu-2,2-5-5-2-145-mm-vitu-abuabu,bauanfijian-kabu-1,,,,2,44705,
2-5-5-2-145-mm-vitu-abuabu-3,2-5-5-2-145-mm-vitu-abuabu,wayan-kabu-1,,,,3,44706 44707,
2-6-2-2-158-pt-motu-gubadokona-1,2-6-2-2-158-pt-motu-gubadokona,motu-gubadokona-1,,,4,1,44708,
2-6-2-2-158-pt-motu-gubadokona-2,2-6-2-2-158-pt-motu-gubadokona,lau-aenasalo-1,,,5,2,44709,
2-6-2-2-158-pt-motu-gubadokona-3,2-6-2-2-158-pt-motu-gubadokona,arosi-waaniaro-1,,,,3,44710,
2-6-2-2-158-pt-motu-gubadokona-4,2-6-2-2-158-pt-motu-gubadokona,chuukese-epie-1,,,,4,44711,
2-6-2-2-158-pt-motu-gubadokona-5,2-6-2-2-158-pt-motu-gubadokona,marshallese-kapinla-1,,,,5,44712,
2-6-2-2-158-pt-motu-gubadokona-6,2-6-2-2-158-pt-motu-gubadokona,kosraean-peksa-1,,,,6,44713,
2-6-2-2-158-pt-motu-gubadokona-7,2-6-2-2-158-pt-motu-gubadokona,kiribati-tetataanimainiku-1,,,,7,44714,
2-6-2-2-158-pt-motu-gubadokona-8,2-6-2-2-158-pt-motu-gubadokona,kiribati-tetataanimaeao-1,,,,8,44715,
2-6-2-2-158-pt-motu-gubadokona-9,2-6-2-2-158-pt-motu-gubadokona,bauanfijian-vunilai-2,,,,9,44716,
2-6-2-2-158-pt-motu-gubadokona-10,2-6-2-2-158-pt-motu-gubadokona,wayan-vunilai-1,,,,10,44717,
2-6-2-2-158-pt-motu-gubadokona-11,2-6-2-2-158-pt-motu-gubadokona,hawaiian-kumulani-1,,,,11,44718,
2-6-2-2-158-pt-motu-gubadokona-12,2-6-2-2-158-pt-motu-gubadokona,hawaiian-poailani-1,,,,12,44719,
2-6-2-2-158-pt-motu-gubadokona-13,2-6-2-2-158-pt-motu-gubadokona,hawaiian-kukuluolani-1,,,,13,44720,
2-6-5-2-167-nng-gedaged-boitinan-1,2-6-5-2-167-nng-gedaged-boitinan,gedaged-boitinan-1,,,13,1,44721,
2-6-5-2-167-nng-gedaged-boitinan-2,2-6-5-2-167-nng-gedaged-boitinan,manam-goaizama-1,,,,2,44722,
2-6-5-2-167-nng-gedaged-boitinan-3,2-6-5-2-167-nng-gedaged-boitinan,motu-hisiubada-1,,,,3,44723,
2-6-5-2-168-mm-roviana-govetepisi-1,2-6-5-2-168-mm-roviana-govetepisi,roviana-govetepisi-1,,,,1,44724,
2-6-5-2-168-mm-roviana-govetepisi-2,2-6-5-2-168-mm-roviana-govetepisi,toabaita-bubufaa-1,,,,2,44725,
2-6-5-2-168-mm-roviana-govetepisi-3,2-6-5-2-168-mm-roviana-govetepisi,lau-bubufaa-1,,,,3,44726,
2-6-5-2-168-mm-roviana-govetepisi-4,2-6-5-2-168-mm-roviana-govetepisi,arosi-maaiau-1,,,,4,44727,
2-6-5-2-168-mm-roviana-govetepisi-5,2-6-5-2-168-mm-roviana-govetepisi,tikopia-feturamaa-1,,,,5,44728,
2-6-5-2-168-mm-roviana-govetepisi-6,2-6-5-2-168-mm-roviana-govetepisi,hawaiian-hokukauopae-1,,,,6,44729,
2-6-5-2-169-adm-ninigo-manifono-1,2-6-5-2-169-adm-ninigo-manifono,seimat-manifono-1,,,,1,44730,
2-6-5-2-169-adm-ninigo-manifono-2,2-6-5-2-169-adm-ninigo-manifono,seimat-manitola-1,,,,2,44731,
2-6-5-2-169-adm-ninigo-manifono-3,2-6-5-2-169-adm-ninigo-manifono,seimat-manihaiup-1,,,,3,44732,
2-6-5-2-169-adm-ninigo-manifono-4,2-6-5-2-169-adm-ninigo-manifono,kiribati-papaniman-1,,,,4,44733,
2-6-5-2-169-adm-ninigo-manifono-5,2-6-5-2-169-adm-ninigo-manifono,kiribati-manati-1,,,,5,44734,
2-6-5-2-169-adm-ninigo-manifono-6,2-6-5-2-169-adm-ninigo-manifono,puluwatese-yinekinman-1,,,,6,44735,
2-6-5-2-169-adm-ninigo-manifono-7,2-6-5-2-169-adm-ninigo-manifono,rennellese-tetinomanu-1,,,,7,44736,
2-6-5-2-169-adm-ninigo-manifono-8,2-6-5-2-169-adm-ninigo-manifono,anutan-tekaokaoomanu-1,,,,8,44737,
2-6-5-2-169-adm-ninigo-manifono-9,2-6-5-2-169-adm-ninigo-manifono,anutan-tetinoamanu-1,,,,9,44738,
2-6-5-2-169-adm-ninigo-manifono-10,2-6-5-2-169-adm-ninigo-manifono,tikopia-teopiaomanu-1,,,,10,44739,
2-6-5-2-169-mic-satawalese-painemanemefu-1,2-6-5-2-169-mic-satawalese-painemanemefu,satawalese-painemanemefu-1,,,,1,44740,
2-6-5-2-169-mic-satawalese-painemanemefu-2,2-6-5-2-169-mic-satawalese-painemanemefu,satawalese-painemanemer-1,,,,2,44741,
2-6-5-2-169-mic-satawalese-painemanemefu-3,2-6-5-2-169-mic-satawalese-painemanemefu,anutan-tekapakaupakatokerau-1,,,,3,44742,
2-6-5-2-169-mic-satawalese-painemanemefu-4,2-6-5-2-169-mic-satawalese-painemanemefu,anutan-tekapakaupakatoa-1,,,,4,44743,
2-6-5-2-169-mic-satawalese-painemanemefu-5,2-6-5-2-169-mic-satawalese-painemanemefu,tikopia-kapakaufakatokerau-1,,,,5,44744,
2-6-5-2-169-mic-satawalese-painemanemefu-6,2-6-5-2-169-mic-satawalese-painemanemefu,tikopia-kapakaufakatoa-1,,,,6,44745,
2-6-5-2-169-mic-satawalese-painemanemefu-7,2-6-5-2-169-mic-satawalese-painemanemefu,pileni-trekapekaukitaumako-1,,,,7,44746,
2-6-5-2-169-mic-satawalese-painemanemefu-8,2-6-5-2-169-mic-satawalese-painemanemefu,pileni-trekapekaukindeni-1,,,,8,44747,
2-6-5-2-173-ses-saa-ape-1,2-6-5-2-173-ses-saa-ape,saa-ape-1,,,,1,44748,
2-6-5-2-173-ses-saa-ape-2,2-6-5-2-173-ses-saa-ape,bauanfijian-kalokalonieva-1,,,,2,44749,
2-6-5-2-173-ses-saa-ape-3,2-6-5-2-173-ses-saa-ape,anutan-tekupea-1,,,,3,44750,
2-6-5-2-173-ses-saa-ape-4,2-6-5-2-173-ses-saa-ape,tikopia-tekaukupea-1,,,,4,44751,
2-6-5-2-173-ses-saa-ape-5,2-6-5-2-173-ses-saa-ape,rennellese-kaukupea-1,,,,5,44752,
2-6-5-2-173-ses-saa-ape-6,2-6-5-2-173-ses-saa-ape,kapingamarangi-tinatirai-1,,,,6,44753,
2-6-5-2-173-ses-saa-ape-7,2-6-5-2-173-ses-saa-ape,tikopia-teuruataata-1,,,,7,44754,
2-6-5-2-173-ses-saa-ape-8,2-6-5-2-173-ses-saa-ape,tikopia-rakautapu-1,,,,8,44755,
2-6-5-2-173-ses-saa-ape-9,2-6-5-2-173-ses-saa-ape,hawaiian-hokukea-1,,,,9,44756,
2-6-5-2-173-ses-saa-romane-1,2-6-5-2-173-ses-saa-romane,saa-romane-1,,,,1,44757,
2-6-5-2-173-ses-saa-romane-2,2-6-5-2-173-ses-saa-romane,samoan-luataata-1,,,,2,44758,
2-6-5-2-173-ses-saa-romane-3,2-6-5-2-173-ses-saa-romane,tikopia-ruataata-1,,,,3,44759,
2-6-5-2-173-ses-saa-romane-4,2-6-5-2-173-ses-saa-romane,tokelauan-nataata-1,,,,4,44760,
2-6-5-2-173-ses-saa-romane-5,2-6-5-2-173-ses-saa-romane,anutan-ruataata-1,,,,5,44761,
2-6-5-2-174-ses-saa-ireki-1,2-6-5-2-174-ses-saa-ireki,saa-ireki-1,,,,1,44762,
2-6-5-2-174-ses-saa-ireki-2,2-6-5-2-174-ses-saa-ireki,lau-sakai-1,,,,2,44763,
2-6-5-2-174-ses-saa-ireki-3,2-6-5-2-174-ses-saa-ireki,tikopia-teukopi-1,,,,3,44764,
2-6-5-2-174-ses-saa-ireki-4,2-6-5-2-174-ses-saa-ireki,anutan-teaaaa-1,,,,4,44765,
2-6-5-2-174-mic-kiribati-tebotonaiai-1,2-6-5-2-174-mic-kiribati-tebotonaiai,kiribati-tebotonaiai-1,,,,1,44766,
2-6-5-2-174-mic-kiribati-tebotonaiai-2,2-6-5-2-174-mic-kiribati-tebotonaiai,marshallese-lclaplap-1,,,,2,44767,
2-6-5-2-174-mic-kiribati-tebotonaiai-3,2-6-5-2-174-mic-kiribati-tebotonaiai,tahitian-anamuri-1,,,,3,44768,
2-6-5-2-174-mic-kiribati-tebotonaiai-4,2-6-5-2-174-mic-kiribati-tebotonaiai,maori-weroitekokota-1,,,,4,44769,
2-6-5-2-179-pn-samoan-aoleleaotoa-1,2-6-5-2-179-pn-samoan-aoleleaotoa,samoan-aoleleaotoa-1,,,,1,44770,
2-6-5-2-179-pn-samoan-aoleleaotoa-2,2-6-5-2-179-pn-samoan-aoleleaotoa,anutan-aorereaotoka-1,,,,2,44771,
2-7-2-2-206-ses-wguad-vasau-1,2-7-2-2-206-ses-wguad-vasau,westguadalcanal-vasau-1,,,,1,44772,
2-7-2-2-206-ses-wguad-vasau-2,2-7-2-2-206-ses-wguad-vasau,saa-haatau-1,,,,2,44773,
2-7-2-2-206-ses-wguad-vasau-3,2-7-2-2-206-ses-wguad-vasau,arosi-haatau-1,,,,3,44774,
2-7-2-2-206-ses-wguad-vasau-4,2-7-2-2-206-ses-wguad-vasau,bauro-haatau-1,,,,4,44775,
2-7-4-None-214-adm-mussau-boboiena-1,2-7-4-None-214-adm-mussau-boboiena,mussau-boboiena-2,,,19,1,44776,
2-7-4-None-214-adm-mussau-boboiena-2,2-7-4-None-214-adm-mussau-boboiena,mussau-raeraeana-1,,,19,2,44777,
2-7-4-None-214-adm-mussau-boboiena-3,2-7-4-None-214-adm-mussau-boboiena,mussau-usouusouena-1,,,19,3,44778,
2-7-4-None-214-adm-mussau-boboiena-4,2-7-4-None-214-adm-mussau-boboiena,mussau-veroveroana-1,,,19,4,44779,
2-7-4-None-214-adm-mussau-boboiena-5,2-7-4-None-214-adm-mussau-boboiena,mussau-riuriuena-1,,,19,5,44780,
2-7-4-None-214-nng-kairiru-jirjir-1,2-7-4-None-214-nng-kairiru-jirjir,kairiru-jirjir-1,,,,1,44781,
2-7-4-None-214-nng-kairiru-jirjir-2,2-7-4-None-214-nng-kairiru-jirjir,kairiru-kietkiet-1,,,,2,44782,
2-7-4-None-214-nng-kairiru-jirjir-3,2-7-4-None-214-nng-kairiru-jirjir,kairiru-punpun-1,,,,3,44783,
2-7-4-None-214-nng-kairiru-jirjir-4,2-7-4-None-214-nng-kairiru-jirjir,kairiru-meramer-1,,,,4,44784,
2-7-4-None-214-nng-kairiru-jirjir-5,2-7-4-None-214-nng-kairiru-jirjir,kairiru-yaya-1,,,,5,44785,
2-7-4-None-215-nng-manam-zizi-1,2-7-4-None-215-nng-manam-zizi,manam-zizi-1,,,,1,44786,
2-7-4-None-215-nng-manam-zizi-2,2-7-4-None-215-nng-manam-zizi,manam-zi-1,,,,2,44787,
2-7-4-None-215-nng-manam-zizi-3,2-7-4-None-215-nng-manam-zizi,manam-jimjim-1,,,,3,44788,
2-7-4-None-215-nng-manam-zizi-4,2-7-4-None-215-nng-manam-zizi,manam-jim-1,,,,4,44789,
2-7-4-None-215-nng-manam-zizi-5,2-7-4-None-215-nng-manam-zizi,manam-wawawa-1,,,,5,44790,
2-7-4-None-215-nng-manam-zizi-6,2-7-4-None-215-nng-manam-zizi,manam-wawa-1,,,,6,44791,
2-7-4-None-215-nng-manam-zizi-7,2-7-4-None-215-nng-manam-zizi,manam-daradara-1,,,,7,13973,
2-7-4-None-215-nng-manam-zizi-8,2-7-4-None-215-nng-manam-zizi,manam-dara-1,,,,8,44792,
2-7-4-None-215-nng-manam-zizi-9,2-7-4-None-215-nng-manam-zizi,manam-ateatea-1,,,,9,44793,
2-7-4-None-215-nng-manam-zizi-10,2-7-4-None-215-nng-manam-zizi,manam-atea-1,,,,10,44794,
2-7-4-None-215-ncv-mota-memea-1,2-7-4-None-215-ncv-mota-memea,mota-memea-1,,,,1,35112,
2-7-4-None-215-ncv-mota-memea-2,2-7-4-None-215-ncv-mota-memea,mota-mea-1,,,,2,44795,
2-7-4-None-215-ncv-mota-memea-3,2-7-4-None-215-ncv-mota-memea,mota-meamea-1,,,,3,44796,
2-7-4-None-215-ncv-mota-memea-4,2-7-4-None-215-ncv-mota-memea,mota-sorsoroga-1,,,,4,44797,
2-7-4-None-215-ncv-mota-memea-5,2-7-4-None-215-ncv-mota-memea,mota-soroga-1,,,,5,44798,
2-7-4-None-215-ncv-mota-memea-6,2-7-4-None-215-ncv-mota-memea,mota-aoao-1,,,,6,31414,
2-7-4-None-215-ncv-mota-memea-7,2-7-4-None-215-ncv-mota-memea,mota-ao-1,,,,7,44799,
2-8-2-3-256-yap-yapese-wuu-1,2-8-2-3-256-yap-yapese-wuu,yapese-wuu-1,,,,1,44800,
2-8-2-3-256-yap-yapese-wuu-2,2-8-2-3-256-yap-yapese-wuu,manam-eluku-1,,,,2,44801,
2-8-2-3-256-yap-yapese-wuu-3,2-8-2-3-256-yap-yapese-wuu,kosraean-lk-2,,,,3,44802,
2-8-2-3-256-yap-yapese-wuu-4,2-8-2-3-256-yap-yapese-wuu,marshallese-liki-3,,,,4,44803,
2-8-2-3-256-yap-yapese-wuu-5,2-8-2-3-256-yap-yapese-wuu,ponapean-liki-1,,,,5,44804,
2-8-2-3-256-yap-yapese-wuu-6,2-8-2-3-256-yap-yapese-wuu,mokilese-liki-1,,,,6,44805,
2-8-2-3-256-yap-yapese-wuu-7,2-8-2-3-256-yap-yapese-wuu,chuukese-k-2,,,,7,44806,
2-8-2-3-256-yap-yapese-wuu-8,2-8-2-3-256-yap-yapese-wuu,woleaian-rx-1,,,,8,44807,
2-8-2-3-256-yap-yapese-wuu-9,2-8-2-3-256-yap-yapese-wuu,wayan-liku-1,,,,9,44808,
2-8-3-3-275-nng-takia-sda-1,2-8-3-3-275-nng-takia-sda,takia-sda-2,,,,1,44809,
2-8-3-3-275-nng-takia-sda-2,2-8-3-3-275-nng-takia-sda,nelemwa-da-3,,,,2,44810,
2-8-3-3-275-nng-takia-sda-3,2-8-3-3-275-nng-takia-sda,nelemwa-oda-1,,,,3,44811,
2-8-3-3-275-nng-takia-sda-4,2-8-3-3-275-nng-takia-sda,nyelayu-da-1,,,,4,44812,
2-8-3-3-275-nng-takia-sda-5,2-8-3-3-275-nng-takia-sda,nyelayu-ta-1,,,,5,44813,
2-8-3-3-275-nng-takia-sda-6,2-8-3-3-275-nng-takia-sda,nemi-da-1,,,,6,44814,
2-8-3-3-275-nng-takia-sda-7,2-8-3-3-275-nng-takia-sda,nemi-ta-1,,,,7,44815,
2-8-3-3-275-nng-takia-sda-8,2-8-3-3-275-nng-takia-sda,cemuhi-da-1,,,,8,44816,
2-8-3-3-275-nng-takia-sda-9,2-8-3-3-275-nng-takia-sda,tiri-aj-1,,,,9,44817,
2-8-3-3-275-nng-takia-sda-10,2-8-3-3-275-nng-takia-sda,wayan-ava-2,,,,10,44818,
2-8-3-3-275-nng-takia-sda-11,2-8-3-3-275-nng-takia-sda,wayan-adra-2,,,,11,44819,
2-9-2-3-316-pt-motu-huadoai-1,2-9-2-3-316-pt-motu-huadoai,motu-huadoai-1,,,,1,44820,
2-9-2-3-316-pt-motu-huadoai-2,2-9-2-3-316-pt-motu-huadoai,nakanai-mapalegileme-1,,,,2,44821,
2-9-2-3-316-pt-motu-huadoai-3,2-9-2-3-316-pt-motu-huadoai,nakanai-kalisu-1,,,,3,44822,
2-9-2-3-316-pt-motu-huadoai-4,2-9-2-3-316-pt-motu-huadoai,arosi-siedahi-1,,,,4,44823,
2-9-2-3-317-pt-kiriwina-kapatu-1,2-9-2-3-317-pt-kiriwina-kapatu,kilivila-kapatu-1,,,,1,44824,
2-9-2-3-317-pt-kiriwina-kapatu-2,2-9-2-3-317-pt-kiriwina-kapatu,gela-raunilei-1,,,,2,44825,
2-9-2-3-317-pt-kiriwina-kapatu-3,2-9-2-3-317-pt-kiriwina-kapatu,gela-vulataeu-1,,,,3,44826,
2-9-2-3-317-pt-kiriwina-kapatu-4,2-9-2-3-317-pt-kiriwina-kapatu,wayan-tagaganivula-1,,,,4,44827,
2-9-2-3-317-pt-kiriwina-tubukonatubugeguda-1,2-9-2-3-317-pt-kiriwina-tubukonatubugeguda,kilivila-tubukonatubugeguda-1,,,,1,44828,
2-9-2-3-317-pt-kiriwina-tubukonatubugeguda-2,2-9-2-3-317-pt-kiriwina-tubukonatubugeguda,motu-huakarukaru-1,,,,2,44829,
2-9-2-3-317-pt-kiriwina-tubukonatubugeguda-3,2-9-2-3-317-pt-kiriwina-tubukonatubugeguda,niuean-mahinapulamui-1,,,,3,44830,
2-9-2-3-317-adm-drehet-purekxek-1,2-9-2-3-317-adm-drehet-purekxek,drehet-purekxek-1,,,,1,44831,
2-9-2-3-317-adm-drehet-purekxek-2,2-9-2-3-317-adm-drehet-purekxek,mwotlap-nowolayti-1,,,,2,44832,
2-9-2-3-317-mm-maringe-kafa-1,2-9-2-3-317-mm-maringe-kafa,maringe-kafa-1,,,,1,44833,
2-9-2-4-319-nng-kove-hai-1,2-9-2-4-319-nng-kove-hai,kove-hai-1,,,,1,33578,
2-9-2-4-319-nng-kove-hai-2,2-9-2-4-319-nng-kove-hai,bariai-rai-1,,,,2,33579,
2-9-2-4-319-nng-kove-hai-3,2-9-2-4-319-nng-kove-hai,lukep-rai-1,,,,3,33581,
2-9-2-4-319-nng-kove-hai-4,2-9-2-4-319-nng-kove-hai,woleaian-zaxi-1,,,,4,33593,
2-9-2-4-319-nng-kove-hai-5,2-9-2-4-319-nng-kove-hai,barok-awat-1,,,,5,33640,
2-9-2-4-319-nng-kove-hai-6,2-9-2-4-319-nng-kove-hai,siar-yahrat-1,,,,6,33641,
2-9-3-3-323-adm-drehet-kumi-1,2-9-3-3-323-adm-drehet-kumi,drehet-kumi-1,,,,1,44834,
2-9-3-3-323-adm-drehet-kumi-2,2-9-3-3-323-adm-drehet-kumi,drehet-pi-1,,,,2,36694,
2-9-3-3-323-adm-drehet-kumi-3,2-9-3-3-323-adm-drehet-kumi,drehet-pikumi-1,,,,3,44835,
2-9-3-3-323-adm-drehet-kumi-4,2-9-3-3-323-adm-drehet-kumi,ubir-ari-1,,,,4,44836,
2-9-3-3-323-adm-drehet-kumi-5,2-9-3-3-323-adm-drehet-kumi,ubir-fom-1,,,,5,44837,
2-9-3-3-323-adm-drehet-kumi-6,2-9-3-3-323-adm-drehet-kumi,ubir-arifom-1,,,,6,44838,
2-9-3-3-323-adm-drehet-kumi-7,2-9-3-3-323-adm-drehet-kumi,kilivila-lagaila-1,,,,7,44839,
2-9-3-3-323-adm-drehet-kumi-8,2-9-3-3-323-adm-drehet-kumi,kilivila-bogi-1,,,,8,44840,
2-9-3-3-323-adm-drehet-kumi-9,2-9-3-3-323-adm-drehet-kumi,kilivila-lagailabogi-1,,,,9,44841,
2-9-3-3-327-pt-tawala-lolowa-1,2-9-3-3-327-pt-tawala-lolowa,tawala-lolowa-1,,,,1,44842,
2-9-3-3-327-pt-tawala-lolowa-2,2-9-3-3-327-pt-tawala-lolowa,dobu-lowa-1,,,,2,44843,
2-9-3-3-327-pt-tawala-lolowa-3,2-9-3-3-327-pt-tawala-lolowa,kilivila-lova-1,,,,3,44844,
2-9-3-3-327-ncv-raga-ninovi-1,2-9-3-3-327-ncv-raga-ninovi,raga-ninovi-1,,,,1,44845,
2-9-3-3-327-ncv-raga-ninovi-2,2-9-3-3-327-ncv-raga-ninovi,nokuku-nonovi-1,,,,2,44846,
2-9-3-3-327-ncv-raga-ninovi-3,2-9-3-3-327-ncv-raga-ninovi,kiai-nanovi-1,,,,3,44847,
2-9-3-3-327-ncv-raga-ninovi-4,2-9-3-3-327-ncv-raga-ninovi,tamambo-nananovi-1,,,,4,44848,
2-9-3-3-327-ncv-raga-ninovi-5,2-9-3-3-327-ncv-raga-ninovi,lonwolwol-nono-1,,,,5,44849,
2-9-3-3-327-ncv-raga-ninovi-6,2-9-3-3-327-ncv-raga-ninovi,namakir-nanov-1,,,,6,44850,
2-9-3-3-327-ncv-raga-ninovi-7,2-9-3-3-327-ncv-raga-ninovi,nguna-nanova-1,,,,7,44851,
2-9-3-3-327-ncv-raga-ninovi-8,2-9-3-3-327-ncv-raga-ninovi,tolomako-nanovi-1,,,,8,44852,
2-9-3-3-328-nng-sio-walani-1,2-9-3-3-328-nng-sio-walani,sio-walani-1,,,,1,44853,
2-9-3-3-328-nng-sio-walani-2,2-9-3-3-328-nng-sio-walani,wogeo-raran-1,,,,2,44854,
2-9-3-3-328-nng-sio-walani-3,2-9-3-3-328-nng-sio-walani,sinaugoro-walaani-1,,,,3,44855,
2-9-3-3-328-nng-sio-walani-4,2-9-3-3-328-nng-sio-walani,hula-varaani-1,,,,4,44856,
2-9-3-3-328-nng-sio-walani-5,2-9-3-3-328-nng-sio-walani,motu-varani-1,,,,5,44857,
2-9-3-3-328-nng-sio-walani-6,2-9-3-3-328-nng-sio-walani,roro-uarani-1,,,,6,44858,
2-9-3-3-328-nng-sio-walani-7,2-9-3-3-328-nng-sio-walani,kuni-uanani-1,,,,7,44859,
2-9-3-3-328-nng-sio-walani-8,2-9-3-3-328-nng-sio-walani,mekeo-aani-1,,,,8,44860,
2-9-3-3-329-adm-drehet-nekepi-1,2-9-3-3-329-adm-drehet-nekepi,drehet-nekepi-1,,,,1,44861,
2-9-3-3-329-adm-drehet-nekepi-2,2-9-3-3-329-adm-drehet-nekepi,lou-tipe-1,,,,2,44862,
2-9-3-3-329-adm-drehet-nekepi-3,2-9-3-3-329-adm-drehet-nekepi,nyindrou-nabii-1,,,,3,44863,
2-9-3-3-329-adm-drehet-nekepi-4,2-9-3-3-329-adm-drehet-nekepi,malalamai-boo-1,,,,4,44864,
2-9-3-3-329-adm-drehet-nekepi-5,2-9-3-3-329-adm-drehet-nekepi,bing-bosag-1,,,,5,44865,
2-9-3-3-329-adm-drehet-nekepi-6,2-9-3-3-329-adm-drehet-nekepi,mindiri-bump-1,,,,6,44866,
2-9-3-3-329-adm-drehet-nekepi-7,2-9-3-3-329-adm-drehet-nekepi,bilibil-boilap-1,,,,7,44867,
2-9-3-3-329-adm-drehet-nekepi-8,2-9-3-3-329-adm-drehet-nekepi,gedaged-boanip-1,,,,8,44868,
2-9-3-3-329-adm-drehet-nekepi-9,2-9-3-3-329-adm-drehet-nekepi,takia-bo-1,,,,9,44869,
2-9-3-3-329-adm-drehet-nekepi-10,2-9-3-3-329-adm-drehet-nekepi,matukar-boip-1,,,,10,44870,
2-9-3-3-329-adm-drehet-nekepi-11,2-9-3-3-329-adm-drehet-nekepi,sera-puieteik-1,,,,11,44871,
2-9-3-3-329-adm-drehet-nekepi-12,2-9-3-3-329-adm-drehet-nekepi,iduna-bogiyadi-1,,,,12,44872,
2-9-3-3-329-adm-drehet-nekepi-13,2-9-3-3-329-adm-drehet-nekepi,muyuw-nubweig-1,,,,13,44873,
2-9-3-3-329-adm-drehet-nekepi-14,2-9-3-3-329-adm-drehet-nekepi,sinaugoro-boinani-1,,,,14,44874,
2-9-3-3-329-adm-drehet-nekepi-15,2-9-3-3-329-adm-drehet-nekepi,paamese-visuvo-1,,,,15,44875,
2-9-3-3-329-adm-drehet-nekepi-16,2-9-3-3-329-adm-drehet-nekepi,namakir-paabog-1,,,,16,44876,
2-9-3-3-329-adm-drehet-nekepi-17,2-9-3-3-329-adm-drehet-nekepi,kiribati-niabo-1,,,,17,44877,
6-2-3-6-77-yap-yapese-citinio-1,6-2-3-6-77-yap-yapese-citinio,yapese-citinio-1,,,,1,44878,
6-2-3-6-77-yap-yapese-citinio-2,6-2-3-6-77-yap-yapese-citinio,lele-nane-1,,,,2,37610,
6-2-3-6-77-yap-yapese-citinio-3,6-2-3-6-77-yap-yapese-citinio,mota-veve-1,,,,3,44879,
6-2-3-6-77-yap-yapese-citinio-4,6-2-3-6-77-yap-yapese-citinio,nduindui-retahi-1,,,,4,44880,
6-2-3-6-77-yap-yapese-citinio-5,6-2-3-6-77-yap-yapese-citinio,akei-tina-1,,,,5,44881,
6-2-3-6-77-yap-yapese-citinio-6,6-2-3-6-77-yap-yapese-citinio,puluwatese-yin-1,,,,6,44882,
6-2-3-6-77-yap-yapese-citinio-7,6-2-3-6-77-yap-yapese-citinio,chuukese-yiney-1,,,,7,44883,
6-2-3-6-77-yap-yapese-citinio-8,6-2-3-6-77-yap-yapese-citinio,kilivila-tabu-1,,,,8,44884,
6-2-3-6-77-yap-yapese-citinio-9,6-2-3-6-77-yap-yapese-citinio,tolai-tubu-2,,,,9,44885,
6-2-4-1-91-adm-pak-hirino-1,6-2-4-1-91-adm-pak-hirino,pak-hirino-1,,,,1,37530,
6-2-4-1-91-adm-pak-hirino-2,6-2-4-1-91-adm-pak-hirino,lavongai-rinn-1,,,,2,44886,
6-2-4-1-91-adm-pak-hirino-3,6-2-4-1-91-adm-pak-hirino,tigak-rina-1,,,,3,44887,
6-2-4-1-91-adm-pak-hirino-4,6-2-4-1-91-adm-pak-hirino,vures-retna-1,,,,4,37562,
6-2-4-1-91-adm-pak-hirino-5,6-2-4-1-91-adm-pak-hirino,lolsiwoi-risi-1,,,,5,44888,
6-2-4-1-91-adm-pak-hirino-6,6-2-4-1-91-adm-pak-hirino,araki-rarna-1,,,,6,37564,
6-2-4-1-91-adm-pak-hirino-7,6-2-4-1-91-adm-pak-hirino,paamesesouth-latino-1,,,,7,37566,
6-2-4-1-91-adm-pak-hirino-8,6-2-4-1-91-adm-pak-hirino,kwamera-rinnu-1,,,,8,37570,
6-2-4-1-91-adm-pak-hirino-9,6-2-4-1-91-adm-pak-hirino,anejom-risi-1,,,,9,37571,
6-2-4-1-91-ncv-mota-raveve-1,6-2-4-1-91-ncv-mota-raveve,mota-raveve-1,,,,1,44889,
6-2-4-1-91-ncv-mota-raveve-2,6-2-4-1-91-ncv-mota-raveve,mota-rasoa-1,,,,2,44890,
6-2-4-1-91-ncv-mota-raveve-3,6-2-4-1-91-ncv-mota-raveve,merei-rabui-1,,,,3,44891,
6-2-4-1-91-ncv-mota-raveve-4,6-2-4-1-91-ncv-mota-raveve,tolomako-raveve-1,,,,4,44892,
6-2-4-1-91-ncv-mota-raveve-5,6-2-4-1-91-ncv-mota-raveve,baetora-rave-1,,,,5,44893,
6-2-4-1-91-ncv-mota-raveve-6,6-2-4-1-91-ncv-mota-raveve,lombaha-ratahi-1,,,,6,44894,
6-2-4-1-91-ncv-mota-raveve-7,6-2-4-1-91-ncv-mota-raveve,lolovoli-retahi-1,,,,7,44895,
6-2-4-1-91-ncv-mota-raveve-8,6-2-4-1-91-ncv-mota-raveve,raga-ratahi-1,,,,8,44896,
6-2-4-1-93-pn-rapa-metuavahine-1,6-2-4-1-93-pn-rapa-metuavahine,rapa-metuavahine-1,,,,1,44897,
6-2-4-1-93-pn-rapa-metuavahine-2,6-2-4-1-93-pn-rapa-metuavahine,rapa-metuatane-1,,,,2,44898,
6-2-4-1-93-pn-rapa-metuavahine-3,6-2-4-1-93-pn-rapa-metuavahine,tahitian-metuavahine-1,,,,3,44899,
6-2-4-1-93-pn-rapa-metuavahine-4,6-2-4-1-93-pn-rapa-metuavahine,tahitian-metuatane-1,,,,4,44900,
6-2-4-1-93-pn-rapa-metuavahine-5,6-2-4-1-93-pn-rapa-metuavahine,hawaiian-makuahine-1,,,,5,44901,
6-2-4-1-93-pn-rapa-metuavahine-6,6-2-4-1-93-pn-rapa-metuavahine,hawaiian-makuakane-1,,,,6,44902,
6-2-4-1-93-pn-niue-matuafifine-1,6-2-4-1-93-pn-niue-matuafifine,niuean-matuafifine-1,,,,1,44903,
6-2-4-1-93-pn-niue-matuafifine-2,6-2-4-1-93-pn-niue-matuafifine,niuean-matuatane-1,,,,2,44904,
6-2-4-1-93-pn-niue-matuafifine-3,6-2-4-1-93-pn-niue-matuafifine,pukapukan-matuawawine-1,,,,3,44905,
6-2-4-1-93-pn-niue-matuafifine-4,6-2-4-1-93-pn-niue-matuafifine,pukapukan-matuatane-1,,,,4,44906,
6-2-4-1-111-ses-saa-wauehaarua-1,6-2-4-1-111-ses-saa-wauehaarua,saa-wauehaarua-1,,,,1,44907,
6-2-4-1-111-ses-saa-wauehaarua-2,6-2-4-1-111-ses-saa-wauehaarua,saa-wauehaaolu-1,,,,2,44908,
6-2-4-1-111-ses-saa-wauehaarua-3,6-2-4-1-111-ses-saa-wauehaarua,araki-tapukuahadua-1,,,,3,44909,
6-2-4-1-111-ses-saa-wauehaarua-4,6-2-4-1-111-ses-saa-wauehaarua,wayan-tubuvakatolu-1,,,,4,44910,
6-2-4-1-111-ses-saa-wauehaarua-5,6-2-4-1-111-ses-saa-wauehaarua,nadroga-taivarua-1,,,,5,44911,
6-2-4-1-123-pn-anuta-kave-1,6-2-4-1-123-pn-anuta-kave,anutan-kave-1,,,,1,44912,
6-2-4-1-123-pn-anuta-kave-2,6-2-4-1-123-pn-anuta-kave,tikopia-kave-1,,,,2,44913,
6-2-4-1-123-pn-anuta-kave-3,6-2-4-1-123-pn-anuta-kave,ifiramele-kave-1,,,,3,44914,
6-2-4-1-123-pn-anuta-kave-4,6-2-4-1-123-pn-anuta-kave,westfutunan-kave-1,,,,4,44915,
6-2-4-1-123-pn-anuta-kave-5,6-2-4-1-123-pn-anuta-kave,pileni-kave-1,,,,5,44916,
6-2-4-1-123-pn-anuta-kave-6,6-2-4-1-123-pn-anuta-kave,takuu-kave-1,,,,6,44917,
6-2-4-1-123-pn-anuta-kave-7,6-2-4-1-123-pn-anuta-kave,nukumanu-kave-1,,,,7,44918,
6-2-4-1-123-pn-anuta-kave-8,6-2-4-1-123-pn-anuta-kave,luangiua-ave-1,,,,8,44919,
6-2-4-1-123-pn-anuta-kave-9,6-2-4-1-123-pn-anuta-kave,sikaiana-kave-1,,,,9,44920,
6-4-2-2-157-mic-trukese-kaia-1,6-4-2-2-157-mic-trukese-kaia,chuukese-kaia-1,,,,1,44921,
6-4-2-2-157-mic-trukese-kaia-2,6-4-2-2-157-mic-trukese-kaia,puluwatese-yayina-1,,,,2,44922,
6-4-2-2-157-mic-trukese-kaia-3,6-4-2-2-157-mic-trukese-kaia,woleaian-xaira-1,,,,3,44923,
6-4-2-2-158-pn-tongan-tua-1,6-4-2-2-158-pn-tongan-tua,tongan-tua-1,,,,1,44924 44925 44926,Tongic
6-4-2-2-158-pn-tongan-tua-2,6-4-2-2-158-pn-tongan-tua,tongan-kaifonua-2,,,,2,44927,Tongic
6-4-2-2-158-pn-tongan-tua-3,6-4-2-2-158-pn-tongan-tua,niuean-taatafakateaa-1,,,,3,44928,Tongic
6-4-2-2-158-pn-tongan-tua-4,6-4-2-2-158-pn-tongan-tua,eastfutunan-seka-1,,,,4,44929,Nuclear Polynesian in western Polynesia
6-4-2-2-158-pn-tongan-tua-5,6-4-2-2-158-pn-tongan-tua,eastuvean-kaifenua-1,,,,5,44930,Nuclear Polynesian in western Polynesia
6-4-2-2-158-pn-tongan-tua-6,6-4-2-2-158-pn-tongan-tua,samoan-tufanua-1,,,,6,44931,Nuclear Polynesian in western Polynesia
6-4-2-2-158-pn-tongan-tua-7,6-4-2-2-158-pn-tongan-tua,samoan-taufanua-1,,,,7,44932 44933,Nuclear Polynesian in western Polynesia
6-4-2-2-158-pn-tongan-tua-8,6-4-2-2-158-pn-tongan-tua,samoan-taatalautele-1,,,,8,44934,Nuclear Polynesian in western Polynesia
6-4-2-2-158-pn-tongan-tua-9,6-4-2-2-158-pn-tongan-tua,nukuoro-atitaata-1,,,,9,44935,Outliers
6-4-2-2-158-pn-tongan-tua-10,6-4-2-2-158-pn-tongan-tua,takuu-tanatavare-1,,,,10,44936,Outliers
6-4-2-2-158-pn-tongan-tua-11,6-4-2-2-158-pn-tongan-tua,tikopia-fakaarofa-1,,,,11,44937,Outliers
6-4-2-2-158-pn-tongan-tua-12,6-4-2-2-158-pn-tongan-tua,rennellese-taganipegea-1,,,,12,44938,Outliers
6-4-2-2-158-pn-tongan-tua-13,6-4-2-2-158-pn-tongan-tua,maori-tutua-1,,,,13,44939 44940,Eastern Polynesian
6-4-2-2-158-pn-tongan-tua-14,6-4-2-2-158-pn-tongan-tua,maori-marahea-1,,,,14,44941 44942,Eastern Polynesian
6-4-5-2-171-mic-marshallese-iroijlabalap-1,6-4-5-2-171-mic-marshallese-iroijlabalap,marshallese-iroijlabalap-1,,,,1,44943,
6-4-5-2-171-mic-marshallese-iroijlabalap-2,6-4-5-2-171-mic-marshallese-iroijlabalap,marshallese-iroijelab-1,,,,2,44944,
6-4-5-2-171-mic-marshallese-iroijlabalap-3,6-4-5-2-171-mic-marshallese-iroijlabalap,lamotrek-malalap-1,,,,3,44945,
6-4-5-2-171-mic-marshallese-iroijlabalap-4,6-4-5-2-171-mic-marshallese-iroijlabalap,woleaian-tamelap-1,,,,4,44946,
6-4-5-2-172-ses-kwaraae-sarii-1,6-4-5-2-172-ses-kwaraae-sarii,kwaraae-sarii-1,,,,1,44947,
6-4-5-2-172-ses-kwaraae-sarii-2,6-4-5-2-172-ses-kwaraae-sarii,kwaio-laaliki-1,,,,2,44948,
6-4-5-2-172-ses-kwaraae-sarii-3,6-4-5-2-172-ses-kwaraae-sarii,lau-sarii-1,,,,3,44949,
6-4-5-2-172-ses-kwaraae-sarii-4,6-4-5-2-172-ses-kwaraae-sarii,toabaita-aarii-1,,,,4,44950,
6-4-5-2-172-adm-nyindrou-lauleleyah-1,6-4-5-2-172-adm-nyindrou-lauleleyah,nyindrou-lauleleyah-1,,,,1,44951,
6-4-5-2-172-adm-nyindrou-lauleleyah-2,6-4-5-2-172-adm-nyindrou-lauleleyah,titan-lau-1,,,,2,44952,
6-4-5-2-172-adm-nyindrou-lauleleyah-3,6-4-5-2-172-adm-nyindrou-lauleleyah,baluan-lau-1,,,,3,44953,
6-4-5-2-172-adm-nyindrou-lauleleyah-4,6-4-5-2-172-adm-nyindrou-lauleleyah,baluan-sayo-1,,,,4,44954,
6-4-5-2-172-adm-nyindrou-lauleleyah-5,6-4-5-2-172-adm-nyindrou-lauleleyah,manam-gadagada-1,,,,5,44955,
6-4-5-2-172-adm-nyindrou-lauleleyah-6,6-4-5-2-172-adm-nyindrou-lauleleyah,gela-bonaa-1,,,,6,44956,
6-4-5-2-172-adm-nyindrou-lauleleyah-7,6-4-5-2-172-adm-nyindrou-lauleleyah,arosi-maetaa-1,,,,7,44957,
6-4-5-2-172-adm-nyindrou-lauleleyah-8,6-4-5-2-172-adm-nyindrou-lauleleyah,lau-nena-1,,,,8,44958,
6-4-5-2-172-adm-nyindrou-lauleleyah-9,6-4-5-2-172-adm-nyindrou-lauleleyah,owa-ainunipurua-1,,,,9,44959,
6-4-5-2-172-adm-nyindrou-lauleleyah-10,6-4-5-2-172-adm-nyindrou-lauleleyah,marshallese-kacur-1,,,,10,44960,
6-4-5-2-172-adm-nyindrou-lauleleyah-11,6-4-5-2-172-adm-nyindrou-lauleleyah,marshallese-armecwan-1,,,,11,44961,
6-4-5-2-172-adm-nyindrou-lauleleyah-12,6-4-5-2-172-adm-nyindrou-lauleleyah,bauanfijian-tauvanua-1,,,,12,44962,
6-4-5-2-173-ses-gela-mala-1,6-4-5-2-173-ses-gela-mala,gela-mala-1,,,,1,44963,
6-4-5-2-173-ses-gela-mala-2,6-4-5-2-173-ses-gela-mala,arosi-mara-1,,,,2,44964,
6-4-5-2-173-ses-gela-mala-3,6-4-5-2-173-ses-gela-mala,saa-mala-1,,,,3,44965,
6-4-5-2-173-ses-gela-mala-4,6-4-5-2-173-ses-gela-mala,mota-mala-1,,,,4,44966,
6-4-5-2-173-ses-gela-mala-5,6-4-5-2-173-ses-gela-mala,marshallese-wan-1,,,,5,44967,
6-4-5-2-173-ses-gela-mala-6,6-4-5-2-173-ses-gela-mala,marshallese-armecwan-1,,,,6,44968,
6-4-5-2-173-ses-gela-mala-7,6-4-5-2-173-ses-gela-mala,mokilese-mal-1,,,,7,44969,
6-4-5-2-173-ses-gela-mala-8,6-4-5-2-173-ses-gela-mala,ponapean-mal-1,,,,8,44970,
6-4-5-2-173-ses-gela-mala-9,6-4-5-2-173-ses-gela-mala,ponapean-aramasmal-1,,,,9,44971,
6-5-5-1-184-adm-mussau-anua-1,6-5-5-1-184-adm-mussau-anua,mussau-anua-1,,,,1,8436,
6-5-5-1-184-adm-mussau-anua-2,6-5-5-1-184-adm-mussau-anua,penchal-panu-1,,,,2,8437,
6-5-5-1-184-adm-mussau-anua-3,6-5-5-1-184-adm-mussau-anua,bariai-panua-1,,,,3,44972,
6-5-5-1-184-adm-mussau-anua-4,6-5-5-1-184-adm-mussau-anua,bam-anu-1,,,,4,44973,
6-5-5-1-184-adm-mussau-anua-5,6-5-5-1-184-adm-mussau-anua,gedaged-panu-1,,,,5,44974,
6-5-5-1-184-adm-mussau-anua-6,6-5-5-1-184-adm-mussau-anua,gedaged-panupanu-1,,,,6,44975,
6-5-5-1-184-adm-mussau-anua-7,6-5-5-1-184-adm-mussau-anua,kove-pana-1,,,,7,44976,
6-5-5-1-184-adm-mussau-anua-8,6-5-5-1-184-adm-mussau-anua,tami-panu-1,,,,8,8441,
6-5-5-1-184-adm-mussau-anua-9,6-5-5-1-184-adm-mussau-anua,muyuw-ven-1,,,,9,44977,
6-5-5-1-184-adm-mussau-anua-10,6-5-5-1-184-adm-mussau-anua,dobu-anua-1,,,,10,44978,
6-5-5-1-184-adm-mussau-anua-11,6-5-5-1-184-adm-mussau-anua,kilivila-valu-1,,,,11,44979,
6-5-5-1-184-adm-mussau-anua-12,6-5-5-1-184-adm-mussau-anua,molima-vanua-1,,,,12,8444,
6-5-5-1-184-adm-mussau-anua-13,6-5-5-1-184-adm-mussau-anua,molima-vanuapou-1,,,,13,44980,
6-5-5-1-184-adm-mussau-anua-14,6-5-5-1-184-adm-mussau-anua,motu-hanua-1,,,,14,44981 44982,
6-5-5-1-184-adm-mussau-anua-15,6-5-5-1-184-adm-mussau-anua,mekeo-panua-1,,,,15,44983,
6-5-5-1-184-adm-mussau-anua-16,6-5-5-1-184-adm-mussau-anua,nakanai-lavalua-1,,,,16,44984,
6-5-5-1-184-adm-mussau-anua-17,6-5-5-1-184-adm-mussau-anua,nakanai-valuagu-1,,,,17,44985,
6-5-5-1-184-adm-mussau-anua-18,6-5-5-1-184-adm-mussau-anua,bali-vanua-1,,,,18,44986,
6-5-5-1-184-adm-mussau-anua-19,6-5-5-1-184-adm-mussau-anua,vitu-vanua-1,,,,19,8445,
6-5-5-1-184-adm-mussau-anua-20,6-5-5-1-184-adm-mussau-anua,tabar-vanua-1,,,,20,8446,
6-5-5-1-184-adm-mussau-anua-21,6-5-5-1-184-adm-mussau-anua,taiof-fan-1,,,,21,8447,
6-5-5-1-184-adm-mussau-anua-22,6-5-5-1-184-adm-mussau-anua,tangga-fan-1,,,,22,44987,
6-5-5-1-184-adm-mussau-anua-23,6-5-5-1-184-adm-mussau-anua,teop-van-1,,,,23,44988,
6-5-5-1-184-adm-mussau-anua-24,6-5-5-1-184-adm-mussau-anua,marovo-vanua-1,,,,24,44989,
6-5-5-1-184-adm-mussau-anua-25,6-5-5-1-184-adm-mussau-anua,vangunu-vanua-1,,,,25,44990,
6-5-5-1-184-adm-mussau-anua-26,6-5-5-1-184-adm-mussau-anua,areare-hanua-1,,,,26,44991,
6-5-5-1-184-adm-mussau-anua-27,6-5-5-1-184-adm-mussau-anua,lengo-vanua-1,,,,27,44992,
6-5-5-1-184-adm-mussau-anua-28,6-5-5-1-184-adm-mussau-anua,arosi-hanua-1,,,,28,44993,
6-5-5-1-184-adm-mussau-anua-29,6-5-5-1-184-adm-mussau-anua,lau-fanua-1,,,,29,44994,
6-5-5-1-184-adm-mussau-anua-30,6-5-5-1-184-adm-mussau-anua,kwaio-fanua-1,,,,30,44995,
6-5-5-1-184-adm-mussau-anua-31,6-5-5-1-184-adm-mussau-anua,kwaio-maefanua-1,,,,31,44996,
6-5-5-1-184-adm-mussau-anua-32,6-5-5-1-184-adm-mussau-anua,saa-henua-1,,,,32,44997,
6-5-5-1-184-adm-mussau-anua-33,6-5-5-1-184-adm-mussau-anua,saa-ihanua-1,,,,33,44998,
6-5-5-1-184-adm-mussau-anua-34,6-5-5-1-184-adm-mussau-anua,saa-taanihanua-1,,,,34,44999,
6-5-5-1-184-adm-mussau-anua-35,6-5-5-1-184-adm-mussau-anua,mota-vanua-1,,,,35,8451,
6-5-5-1-184-adm-mussau-anua-36,6-5-5-1-184-adm-mussau-anua,nokuku-venuana-1,,,,36,45000,
6-5-5-1-184-adm-mussau-anua-37,6-5-5-1-184-adm-mussau-anua,nguna-vanua-1,,,,37,45001,
6-5-5-1-184-adm-mussau-anua-38,6-5-5-1-184-adm-mussau-anua,nguna-navanua-1,,,,38,45002,
6-5-5-1-184-adm-mussau-anua-39,6-5-5-1-184-adm-mussau-anua,neveei-nevanu-1,,,,39,45003,
6-5-5-1-184-adm-mussau-anua-40,6-5-5-1-184-adm-mussau-anua,paamese-hanuo-1,,,,40,45004,
6-5-5-1-184-adm-mussau-anua-41,6-5-5-1-184-adm-mussau-anua,lewo-vanua-1,,,,41,45005,
6-5-5-1-184-adm-mussau-anua-42,6-5-5-1-184-adm-mussau-anua,anejom-nhenou-1,,,,42,45006,
6-5-5-1-184-adm-mussau-anua-43,6-5-5-1-184-adm-mussau-anua,kwamera-rukanu-1,,,,43,45007,
6-5-5-1-184-adm-mussau-anua-44,6-5-5-1-184-adm-mussau-anua,lenakel-nauanu-1,,,,44,31626,
6-5-5-1-184-adm-mussau-anua-45,6-5-5-1-184-adm-mussau-anua,woleaian-fazuw-1,,,,45,45008,
6-5-5-1-184-adm-mussau-anua-46,6-5-5-1-184-adm-mussau-anua,puluwatese-fan-1,,,,46,45009,
6-5-5-1-184-adm-mussau-anua-47,6-5-5-1-184-adm-mussau-anua,bauanfijian-vanua-1,,,,47,45010 45011,
6-5-5-1-184-adm-mussau-anua-48,6-5-5-1-184-adm-mussau-anua,rotuman-hanua-1,,,,48,45012 45013,
6-5-5-1-184-adm-mussau-anua-49,6-5-5-1-184-adm-mussau-anua,rotuman-hanuanoho-1,,,,49,45014,
6-5-5-1-184-adm-mussau-anua-50,6-5-5-1-184-adm-mussau-anua,tongan-fonua-1,,,,50,45015,
6-5-5-1-184-adm-mussau-anua-51,6-5-5-1-184-adm-mussau-anua,samoan-fanua-1,,,,51,45016,
6-5-5-1-184-adm-mussau-anua-52,6-5-5-1-184-adm-mussau-anua,eastfutunan-fenua-1,,,,52,45017,
6-5-5-1-184-adm-mussau-anua-53,6-5-5-1-184-adm-mussau-anua,nukuoro-henua-1,,,,53,45018,
6-5-5-1-184-adm-mussau-anua-54,6-5-5-1-184-adm-mussau-anua,tikopia-fenua-1,,,,54,45019,
6-5-5-1-184-adm-mussau-anua-55,6-5-5-1-184-adm-mussau-anua,rennellese-henua-1,,,,55,45020,
6-5-5-1-184-adm-mussau-anua-56,6-5-5-1-184-adm-mussau-anua,tokelauan-fenua-1,,,,56,45021,
6-5-5-1-184-adm-mussau-anua-57,6-5-5-1-184-adm-mussau-anua,hawaiian-honua-1,,,,57,8456,
6-5-5-1-185-wmp-belau-beluu-1,6-5-5-1-185-wmp-belau-beluu,belau-beluu-1,,,,1,45022,
6-5-5-1-185-wmp-belau-beluu-2,6-5-5-1-185-wmp-belau-beluu,kapampangan-banwa-1,,,,2,45023,Philippines:
6-5-5-1-185-wmp-belau-beluu-3,6-5-5-1-185-wmp-belau-beluu,bikol-banwa-1,,,,3,45024,Philippines:
6-5-5-1-185-wmp-belau-beluu-4,6-5-5-1-185-wmp-belau-beluu,cebuano-banwa-1,,,,4,45025,Philippines:
6-5-5-1-185-wmp-belau-beluu-5,6-5-5-1-185-wmp-belau-beluu,sangir-banua-1,,,,5,45026,Northern Sulawesi:
6-5-5-1-185-wmp-belau-beluu-6,6-5-5-1-185-wmp-belau-beluu,tondano-wanua-1,,,,6,45027,Northern Sulawesi:
6-5-5-1-185-wmp-belau-beluu-7,6-5-5-1-185-wmp-belau-beluu,malay-benua-1,,,,7,45028,Northern Sulawesi:
6-5-5-1-185-wmp-belau-beluu-8,6-5-5-1-185-wmp-belau-beluu,oldjavanese-wanwa-1,,,,8,45029,Northern Sulawesi:
6-5-5-1-185-wmp-belau-beluu-9,6-5-5-1-185-wmp-belau-beluu,nias-banua-1,,,,9,45030,Sumatra:
6-5-5-1-185-wmp-belau-beluu-10,6-5-5-1-185-wmp-belau-beluu,selaru-hnua-1,,,,10,45031,Sumatra:
6-5-5-1-185-wmp-belau-beluu-11,6-5-5-1-185-wmp-belau-beluu,numfor-menu-1,,,,11,45032,Sumatra:
6-5-5-3-193-pn-tongan-taataifonua-1,6-5-5-3-193-pn-tongan-taataifonua,tongan-taataifonua-1,,,,1,45033,
6-5-5-3-193-pn-tongan-taataifonua-2,6-5-5-3-193-pn-tongan-taataifonua,tikopia-taatafenua-1,,,,2,45034,
6-5-5-3-193-pn-tongan-taataifonua-3,6-5-5-3-193-pn-tongan-taataifonua,maori-taatafenua-1,,,,3,45035,
6-6-2-7-205-pt-tawala-pate-1,6-6-2-7-205-pt-tawala-pate,tawala-pate-1,,,,1,45036,
6-6-2-7-205-pt-tawala-pate-2,6-6-2-7-205-pt-tawala-pate,gumawana-pate-1,,,,2,45037,
6-6-2-7-205-pt-tawala-pate-3,6-6-2-7-205-pt-tawala-pate,samoan-pate-1,,,,3,45038,
6-6-2-7-205-pt-tawala-pate-4,6-6-2-7-205-pt-tawala-pate,tuvalu-pate-1,,,,4,45039,
6-6-2-7-205-pt-tawala-pate-5,6-6-2-7-205-pt-tawala-pate,rarotongan-pate-1,,,,5,45040,
6-8-2-2-254-nng-manam-dimate-1,6-8-2-2-254-nng-manam-dimate,manam-dimate-1,,,,1,45041,
6-8-2-2-254-nng-manam-dimate-2,6-8-2-2-254-nng-manam-dimate,nehan-uelhohou-1,,,,2,45042,
6-8-2-2-254-nng-manam-dimate-3,6-8-2-2-254-nng-manam-dimate,ulawa-maahuisuli-1,,,,3,45043,
6-8-3-None-261-pn-tahitian-tahua-1,6-8-3-None-261-pn-tahitian-tahua,tahitian-tahua-1,,,,1,45044 45045,
6-8-3-None-261-pn-tahitian-tahua-2,6-8-3-None-261-pn-tahitian-tahua,tuamotuan-tahuua-1,,,,2,45046,
6-8-3-None-261-pn-tahitian-tahua-3,6-8-3-None-261-pn-tahitian-tahua,maori-tohua-1,,,,3,45047 45048,
6-8-3-None-261-pn-tahitian-tahua-4,6-8-3-None-261-pn-tahitian-tahua,hawaiian-kahuna-1,,,,4,45049,
6-8-4-None-265-adm-lou-palop-1,6-8-4-None-265-adm-lou-palop,lou-palop-1,,,,1,45050,
6-8-4-None-265-adm-lou-palop-2,6-8-4-None-265-adm-lou-palop,maposbuang-paak-1,,,,2,45051,
6-8-4-None-265-adm-lou-palop-3,6-8-4-None-265-adm-lou-palop,kilivila-bagau-1,,,,3,45052,
6-8-4-None-265-adm-lou-palop-4,6-8-4-None-265-adm-lou-palop,kilivila-tobubagau-1,,,,4,45053,
6-8-4-None-265-adm-lou-palop-5,6-8-4-None-265-adm-lou-palop,lewo-puruwap-2,,,,5,45054,
6-8-4-None-265-ncv-raga-barahuva-1,6-8-4-None-265-ncv-raga-barahuva,raga-barahuva-1,,,,1,45055,
6-9-3-2-275-mm-nehan-mana-1,6-9-3-2-275-mm-nehan-mana,nehan-mana-1,,,,1,44115,
6-9-3-2-275-mm-nehan-mana-2,6-9-3-2-275-mm-nehan-mana,halia-mana-1,,,,2,44116,
6-9-3-2-275-mm-nehan-mana-3,6-9-3-2-275-mm-nehan-mana,teop-mana-1,,,,3,45056,
6-9-3-2-275-mm-nehan-mana-4,6-9-3-2-275-mm-nehan-mana,ghari-mana-1,,,,4,40033,
6-9-3-2-275-mm-nehan-mana-5,6-9-3-2-275-mm-nehan-mana,toabaita-mamana-1,,,,5,45057,
6-9-3-2-275-mm-nehan-mana-6,6-9-3-2-275-mm-nehan-mana,lau-mamana-1,,,,6,45058,
6-9-3-2-275-mm-nehan-mana-7,6-9-3-2-275-mm-nehan-mana,wayan-mana-1,,,,7,45059 45060,
6-9-3-2-276-mm-varisi-mana-1,6-9-3-2-276-mm-varisi-mana,varisi-mana-1,,,,1,45061,
6-9-3-2-276-mm-varisi-mana-2,6-9-3-2-276-mm-varisi-mana,nduke-mana-1,,,,2,45062,
6-9-3-2-276-mm-varisi-mana-3,6-9-3-2-276-mm-varisi-mana,roviana-mana-1,,,,3,45063,
6-9-3-2-276-mm-varisi-mana-4,6-9-3-2-276-mm-varisi-mana,simbo-mana-1,,,,4,45064,
6-9-3-2-276-mm-varisi-mana-5,6-9-3-2-276-mm-varisi-mana,simbo-manatu-1,,,,5,45065,
6-9-3-2-276-mm-varisi-mana-6,6-9-3-2-276-mm-varisi-mana,gela-mana-1,,,,6,45066,
6-9-3-2-276-mm-varisi-mana-7,6-9-3-2-276-mm-varisi-mana,bugotu-mana-1,,,,7,45067,
6-9-5-None-279-sv-lenakel-emnait-1,6-9-5-None-279-sv-lenakel-emnait,lenakel-emnait-1,,,,1,45068,
6-9-5-None-279-sv-lenakel-emnait-2,6-9-5-None-279-sv-lenakel-emnait,lenakel-iemnait-1,,,,2,45069,
6-9-5-None-279-sv-lenakel-emnait-3,6-9-5-None-279-sv-lenakel-emnait,kwamera-amna-1,,,,3,45070,
6-9-5-None-279-sv-lenakel-emnait-4,6-9-5-None-279-sv-lenakel-emnait,iaai-mn-1,,,,4,45071,
6-9-5-None-279-sv-lenakel-emnait-5,6-9-5-None-279-sv-lenakel-emnait,iaai-mnina-1,,,,5,45072,
6-9-5-None-279-sv-lenakel-emnait-6,6-9-5-None-279-sv-lenakel-emnait,xaracuu-ma-1,,,,6,45073,
6-9-5-None-279-ses-gela-mana-1,6-9-5-None-279-ses-gela-mana,gela-mana-1,,,,1,40030,
6-9-5-None-279-ses-gela-mana-2,6-9-5-None-279-ses-gela-mana,toabaita-mamana-1,,,,2,45074,
6-9-5-None-279-ses-gela-mana-3,6-9-5-None-279-ses-gela-mana,toabaita-mamanaa-2,,,,3,45075,
6-9-5-None-279-ses-gela-mana-4,6-9-5-None-279-ses-gela-mana,kwaio-nanama-1,,,,4,45076,
6-11-4-3-311-ses-gela-odu-1,6-11-4-3-311-ses-gela-odu,gela-odu-1,,,,1,45077,
6-11-4-3-311-ses-gela-odu-2,6-11-4-3-311-ses-gela-odu,gela-odulade-1,,,,2,45078,
6-11-4-3-311-ses-gela-odu-3,6-11-4-3-311-ses-gela-odu,gela-odutina-1,,,,3,45079,
6-11-4-3-311-ses-gela-odu-4,6-11-4-3-311-ses-gela-odu,arosi-ogu-1,,,,4,45080 45081,
6-11-4-3-311-ses-gela-odu-5,6-11-4-3-311-ses-gela-odu,arosi-oguraha-1,,,,5,45082,
6-11-4-3-311-ses-gela-odu-6,6-11-4-3-311-ses-gela-odu,areare-okurate-1,,,,6,45083,
6-11-4-3-311-ses-gela-odu-7,6-11-4-3-311-ses-gela-odu,areare-okumaa-1,,,,7,45084,
6-11-4-3-311-ses-gela-odu-8,6-11-4-3-311-ses-gela-odu,areare-okutanu-1,,,,8,45085,
6-11-4-3-311-ses-gela-odu-9,6-11-4-3-311-ses-gela-odu,areare-okupaina-1,,,,9,45086,
6-11-4-3-311-ses-gela-odu-10,6-11-4-3-311-ses-gela-odu,saa-okulade-1,,,,10,45087,
6-11-4-3-311-ses-gela-odu-11,6-11-4-3-311-ses-gela-odu,saa-okuma-1,,,,11,45088,
6-11-4-3-311-ses-gela-odu-12,6-11-4-3-311-ses-gela-odu,saa-okudenu-1,,,,12,45089,
6-11-4-3-311-ses-gela-odu-13,6-11-4-3-311-ses-gela-odu,saa-okupaine-1,,,,13,45090,
6-11-4-3-311-ses-gela-odu-14,6-11-4-3-311-ses-gela-odu,kwaio-odu-1,,,,14,45091,
6-11-4-3-311-ses-gela-odu-15,6-11-4-3-311-ses-gela-odu,kwaio-buliiodu-1,,,,15,45092,
6-11-4-3-311-ses-gela-odu-16,6-11-4-3-311-ses-gela-odu,loh-nut-1,,,,16,45093 45094,
6-11-4-3-311-ses-gela-odu-17,6-11-4-3-311-ses-gela-odu,loh-nutlav-2,,,,17,45095,
6-11-4-3-311-ses-gela-odu-18,6-11-4-3-311-ses-gela-odu,loh-nutwir-2,,,,18,45096,
6-11-4-3-311-ses-gela-odu-19,6-11-4-3-311-ses-gela-odu,loh-nutmlh-1,,,,19,45097,
6-11-4-3-311-ses-gela-odu-20,6-11-4-3-311-ses-gela-odu,loh-nutmemar-1,,,,20,45098,
6-11-4-3-311-ses-gela-odu-21,6-11-4-3-311-ses-gela-odu,mota-unoona-1,,,,21,45099,
6-11-4-3-311-ses-gela-odu-22,6-11-4-3-311-ses-gela-odu,mota-unlava-2,,,,22,45100,
6-11-4-3-311-ses-gela-odu-23,6-11-4-3-311-ses-gela-odu,mota-unwerei-1,,,,23,45101,
6-11-4-3-311-ses-gela-odu-24,6-11-4-3-311-ses-gela-odu,mwotlap-ninon-1,,,,24,45102,
6-11-4-3-311-ses-gela-odu-25,6-11-4-3-311-ses-gela-odu,mwotlap-ninyi-1,,,,25,45103,
6-11-4-3-311-ses-gela-odu-26,6-11-4-3-311-ses-gela-odu,mwotlap-ninlap-1,,,,26,45104,
6-11-4-3-311-ses-gela-odu-27,6-11-4-3-311-ses-gela-odu,mwotlap-ninwey-1,,,,27,45105,
6-11-4-3-311-fij-bauan-balololailai-1,6-11-4-3-311-fij-bauan-balololailai,bauanfijian-balololailai-1,,,,1,45106,
6-11-4-3-311-fij-bauan-balololailai-2,6-11-4-3-311-fij-bauan-balololailai,bauanfijian-balololevu-1,,,,2,45107,
6-11-4-3-311-fij-bauan-balololailai-3,6-11-4-3-311-fij-bauan-balololailai,wayan-balolosewa-1,,,,3,45108,
6-11-4-3-311-fij-bauan-balololailai-4,6-11-4-3-311-fij-bauan-balololailai,wayan-balololevu-1,,,,4,45109,
6-11-4-3-312-pn-efutunan-palolomua-1,6-11-4-3-312-pn-efutunan-palolomua,eastfutunan-palolomua-2,,,,1,45110,
6-11-4-3-312-pn-efutunan-palolomua-2,6-11-4-3-312-pn-efutunan-palolomua,eastfutunan-palolomuli-1,,,,2,45111,
6-11-4-3-312-pn-efutunan-palolomua-3,6-11-4-3-312-pn-efutunan-palolomua,samoan-palolomua-2,,,,3,45112,
6-11-4-3-312-pn-efutunan-palolomua-4,6-11-4-3-312-pn-efutunan-palolomua,samoan-palolomuli-2,,,,4,45113,
6-11-4-3-312-pn-efutunan-palolomua-5,6-11-4-3-312-pn-efutunan-palolomua,tuvalu-palolomua-2,,,,5,45114,
6-11-4-3-312-pn-efutunan-palolomua-6,6-11-4-3-312-pn-efutunan-palolomua,tuvalu-toepalolo-2,,,,6,45115,
6-11-4-3-312-pn-efutunan-palolomua-7,6-11-4-3-312-pn-efutunan-palolomua,manihiki-paroromua-2,,,,7,45116,
6-11-4-3-312-pn-efutunan-palolomua-8,6-11-4-3-312-pn-efutunan-palolomua,manihiki-paroromuri-2,,,,8,45117,
6-11-4-3-312-pn-efutunan-palolomua-9,6-11-4-3-312-pn-efutunan-palolomua,tokelauan-palolomua-1,,,,9,45118,
6-11-4-3-312-pn-efutunan-palolomua-10,6-11-4-3-312-pn-efutunan-palolomua,tokelauan-toepalolo-2,,,,10,45119,
6-11-4-3-312-pn-efutunan-palolomua-11,6-11-4-3-312-pn-efutunan-palolomua,tahitian-paroromua-2,,,,11,45120,
6-11-4-3-312-pn-efutunan-palolomua-12,6-11-4-3-312-pn-efutunan-palolomua,tahitian-paroromuri-2,,,,12,45121,
6-11-4-3-312-pn-efutunan-palolomua-13,6-11-4-3-312-pn-efutunan-palolomua,tongareva-paroromua-2,,,,13,45122,
6-11-4-3-312-pn-efutunan-palolomua-14,6-11-4-3-312-pn-efutunan-palolomua,tongareva-paroromuri-2,,,,14,45123,
6-11-5-1-322-nng-wogeo-rakum-1,6-11-5-1-322-nng-wogeo-rakum,wogeo-rakum-1,,,,1,45124 45125,
6-11-5-1-322-nng-wogeo-rakum-2,6-11-5-1-322-nng-wogeo-rakum,wogeo-kasawara-1,,,,2,45126,
6-11-5-1-322-nng-wogeo-rakum-3,6-11-5-1-322-nng-wogeo-rakum,wogeo--1,,,,3,45127,
6-11-5-1-322-nng-wogeo-rakum-4,6-11-5-1-322-nng-wogeo-rakum,wogeo--1,,,,4,45128,
6-11-5-1-322-nng-wogeo-rakum-5,6-11-5-1-322-nng-wogeo-rakum,wogeo-wabu-1,,,,5,45129,
6-11-5-1-322-nng-wogeo-rakum-6,6-11-5-1-322-nng-wogeo-rakum,wogeo-kame-1,,,,6,45130,
6-11-5-1-322-nng-wogeo-rakum-7,6-11-5-1-322-nng-wogeo-rakum,wogeo-wasek-1,,,,7,45131,
6-11-5-1-322-nng-wogeo-rakum-8,6-11-5-1-322-nng-wogeo-rakum,wogeo-kamalava-1,,,,8,45132 45133,
6-11-5-1-322-nng-wogeo-rakum-9,6-11-5-1-322-nng-wogeo-rakum,wogeo-kamalig-1,,,,9,45134 45135,
6-11-5-1-322-nng-wogeo-rakum-10,6-11-5-1-322-nng-wogeo-rakum,wogeo-manuan-1,,,,10,45136 45137,
6-11-5-1-322-nng-wogeo-rakum-11,6-11-5-1-322-nng-wogeo-rakum,wogeo-rakakajarak-1,,,,11,45138,
6-11-5-1-323-nng-maenge-vegapana-1,6-11-5-1-323-nng-maenge-vegapana,mengen-vegapana-1,,,,1,45139 45140,
6-11-5-1-323-nng-maenge-vegapana-2,6-11-5-1-323-nng-maenge-vegapana,mengen-tolovaevolau-1,,,,2,45141 45142,
6-11-5-1-323-nng-maenge-vegapana-3,6-11-5-1-323-nng-maenge-vegapana,mengen-tolovaesina-1,,,,3,45143 45144,
6-11-5-1-323-nng-maenge-vegapana-4,6-11-5-1-323-nng-maenge-vegapana,mengen-tava-1,,,,4,45145 45146,
6-11-5-1-323-nng-maenge-vegapana-5,6-11-5-1-323-nng-maenge-vegapana,mengen-oalokuna-1,,,,5,45147 45148,
6-11-5-1-323-nng-maenge-vegapana-6,6-11-5-1-323-nng-maenge-vegapana,mengen-piriakamanakena-1,,,,6,45149 45150,
6-11-5-1-323-nng-maenge-vegapana-7,6-11-5-1-323-nng-maenge-vegapana,mengen-pirimanaana-1,,,,7,45151 45152,
6-11-5-1-323-nng-maenge-vegapana-8,6-11-5-1-323-nng-maenge-vegapana,mengen-kereekemera-1,,,,8,45153 45154,
6-11-5-1-323-nng-maenge-vegapana-9,6-11-5-1-323-nng-maenge-vegapana,mengen-kereekausoali-1,,,,9,45155,
6-11-5-1-323-nng-maenge-vegapana-10,6-11-5-1-323-nng-maenge-vegapana,mengen-kerengemanaana-1,,,,10,45156 45157,
6-11-5-1-323-nng-maenge-vegapana-11,6-11-5-1-323-nng-maenge-vegapana,mengen-ulasi-1,,,,11,45158 45159,
6-11-5-1-323-nng-maenge-vegapana-12,6-11-5-1-323-nng-maenge-vegapana,mengen-paugalakasiana-1,,,,12,45160 45161,
6-11-5-1-323-nng-maenge-vegapana-13,6-11-5-1-323-nng-maenge-vegapana,mengen-paugalaengavalipola-1,,,,13,45162 45163,
6-11-5-1-325-nng-mangap-bui-1,6-11-5-1-325-nng-mangap-bui,mangap-bui-1,,,,1,45164 45165,
6-11-5-1-325-nng-mangap-bui-2,6-11-5-1-325-nng-mangap-bui,mangap-gomsala-1,,,,2,45166,
6-11-5-1-325-nng-mangap-bui-3,6-11-5-1-325-nng-mangap-bui,mangap-turgom-1,,,,3,45167,
6-11-5-1-325-nng-mangap-bui-4,6-11-5-1-325-nng-mangap-bui,mangap-ayobuzana-1,,,,4,45168,
6-11-5-1-325-nng-mangap-bui-5,6-11-5-1-325-nng-mangap-bui,mangap-romatana-1,,,,5,45169,
6-11-5-1-325-nng-mangap-bui-6,6-11-5-1-325-nng-mangap-bui,mangap-muna-1,,,,6,45170 45171,
6-11-5-1-325-nng-mangap-bui-7,6-11-5-1-325-nng-mangap-bui,mangap-karatete-1,,,,7,45172,
6-11-5-1-325-nng-mangap-bui-8,6-11-5-1-325-nng-mangap-bui,mangap-aigere-1,,,,8,45173,
6-11-5-1-325-nng-mangap-bui-9,6-11-5-1-325-nng-mangap-bui,mangap-manbulemamaza-1,,,,9,45174,
6-11-5-1-325-nng-mangap-bui-10,6-11-5-1-325-nng-mangap-bui,mangap-manpur-1,,,,10,45175,
6-11-5-1-325-nng-mangap-bui-11,6-11-5-1-325-nng-mangap-bui,mangap-ese-1,,,,11,45176,
6-11-5-1-325-nng-mangap-bui-12,6-11-5-1-325-nng-mangap-bui,mangap-dambula-1,,,,12,45177,
6-11-5-2-330-pt-motu-guiraura-1,6-11-5-2-330-pt-motu-guiraura,motu-guiraura-1,,,,1,45178,
6-11-5-2-330-pt-motu-guiraura-2,6-11-5-2-330-pt-motu-guiraura,motu-goha-1,,,,2,45179,
6-11-5-2-330-pt-motu-guiraura-3,6-11-5-2-330-pt-motu-guiraura,motu-lailai-1,,,,3,45180 45181,
6-11-5-2-330-pt-motu-guiraura-4,6-11-5-2-330-pt-motu-guiraura,motu-darodaro-1,,,,4,45182,
6-11-5-2-330-pt-motu-guiraura-5,6-11-5-2-330-pt-motu-guiraura,motu-divaro-1,,,,5,45183,
6-11-5-2-330-pt-motu-guiraura-6,6-11-5-2-330-pt-motu-guiraura,motu-veadihadohado-1,,,,6,45184,
6-11-5-2-330-pt-motu-guiraura-7,6-11-5-2-330-pt-motu-guiraura,motu-veadihirihiri-1,,,,7,45185,
6-11-5-2-330-pt-motu-guiraura-8,6-11-5-2-330-pt-motu-guiraura,motu-uria-1,,,,8,45186,
6-11-5-2-330-pt-motu-guiraura-9,6-11-5-2-330-pt-motu-guiraura,motu-laa-1,,,,9,45187 45188,
6-11-5-2-330-pt-motu-guiraura-10,6-11-5-2-330-pt-motu-guiraura,motu-manumaura-1,,,,10,45189,
6-11-5-2-330-pt-motu-guiraura-11,6-11-5-2-330-pt-motu-guiraura,motu-biriakei-1,,,,11,45190,
6-11-5-2-330-pt-motu-guiraura-12,6-11-5-2-330-pt-motu-guiraura,motu-biriabada-1,,,,12,45191,
6-11-5-2-331-pt-balawaia-manubada-1,6-11-5-2-331-pt-balawaia-manubada,balawaia-manubada-1,,,,1,45192 45193,
6-11-5-2-331-pt-balawaia-manubada-2,6-11-5-2-331-pt-balawaia-manubada,saroa-manubada-1,,,,2,45194 45195,
6-11-5-2-331-pt-balawaia-manubada-3,6-11-5-2-331-pt-balawaia-manubada,balawaia-biliakei-1,,,,3,45196 45197,
6-11-5-2-331-pt-balawaia-manubada-4,6-11-5-2-331-pt-balawaia-manubada,saroa-biliakei-1,,,,4,45198 45199,
6-11-5-2-331-pt-balawaia-manubada-5,6-11-5-2-331-pt-balawaia-manubada,balawaia-biliabara-1,,,,5,45200 45201,
6-11-5-2-331-pt-balawaia-manubada-6,6-11-5-2-331-pt-balawaia-manubada,saroa-biliabara-1,,,,6,45202 45203,
6-11-5-2-331-pt-balawaia-manubada-7,6-11-5-2-331-pt-balawaia-manubada,balawaia-akoli-1,,,,7,45204 45205,
6-11-5-2-331-pt-balawaia-manubada-8,6-11-5-2-331-pt-balawaia-manubada,saroa-akoli-1,,,,8,45206 45207,
6-11-5-2-331-pt-balawaia-manubada-9,6-11-5-2-331-pt-balawaia-manubada,balawaia-aaniani-1,,,,9,45208 45209,
6-11-5-2-331-pt-balawaia-manubada-10,6-11-5-2-331-pt-balawaia-manubada,saroa-aaniani-1,,,,10,45210 45211,
6-11-5-2-331-pt-balawaia-manubada-11,6-11-5-2-331-pt-balawaia-manubada,saroa-lailai-1,,,,11,45212,
6-11-5-2-331-pt-balawaia-manubada-12,6-11-5-2-331-pt-balawaia-manubada,saroa-laitoa-1,,,,12,45213,
6-11-5-2-331-pt-balawaia-manubada-13,6-11-5-2-331-pt-balawaia-manubada,saroa-bune-1,,,,13,45214 45215,
6-11-5-2-331-pt-balawaia-manubada-14,6-11-5-2-331-pt-balawaia-manubada,saroa-magara-1,,,,14,45216,
6-11-5-2-331-pt-balawaia-manubada-15,6-11-5-2-331-pt-balawaia-manubada,saroa-uria-1,,,,15,45217,
6-11-5-2-331-pt-balawaia-manubada-16,6-11-5-2-331-pt-balawaia-manubada,saroa-kokouriurina-1,,,,16,45218,
6-11-5-2-331-pt-balawaia-manubada-17,6-11-5-2-331-pt-balawaia-manubada,balawaia-aabada-1,,,,17,45219 45220,
6-11-5-2-331-pt-balawaia-manubada-18,6-11-5-2-331-pt-balawaia-manubada,saroa-aabada-1,,,,18,45221 45222,
6-11-5-2-331-pt-balawaia-manubada-19,6-11-5-2-331-pt-balawaia-manubada,balawaia-rabaavala-1,,,,19,45223 45224,
6-11-5-2-331-pt-balawaia-manubada-20,6-11-5-2-331-pt-balawaia-manubada,balawaia-avalakavata-1,,,,20,45225 45226,
6-11-5-2-331-pt-balawaia-manubada-21,6-11-5-2-331-pt-balawaia-manubada,balawaia-daga-1,,,,21,45227,
6-11-5-2-331-pt-balawaia-manubada-22,6-11-5-2-331-pt-balawaia-manubada,balawaia-aualabara-1,,,,22,45228,
6-11-5-2-331-pt-balawaia-manubada-23,6-11-5-2-331-pt-balawaia-manubada,balawaia-aualakei-1,,,,23,45229,
6-11-5-2-331-pt-balawaia-manubada-24,6-11-5-2-331-pt-balawaia-manubada,balawaia-viniimole-1,,,,24,45230,
6-11-5-2-331-pt-balawaia-manubada-25,6-11-5-2-331-pt-balawaia-manubada,balawaia-bonarakava-1,,,,25,45231,
6-11-5-2-331-pt-balawaia-manubada-26,6-11-5-2-331-pt-balawaia-manubada,balawaia-orava-1,,,,26,45232,
6-11-5-2-331-pt-balawaia-manubada-27,6-11-5-2-331-pt-balawaia-manubada,balawaia-tukakereani-1,,,,27,45233,
6-11-5-2-331-pt-balawaia-manubada-28,6-11-5-2-331-pt-balawaia-manubada,balawaia-vitiowalo-1,,,,28,45234,
6-11-5-3-332-mm-nakanai-etolobubu-1,6-11-5-3-332-mm-nakanai-etolobubu,nakanai-etolobubu-1,,,,1,45235,
6-11-5-3-332-mm-nakanai-etolobubu-2,6-11-5-3-332-mm-nakanai-etolobubu,nakanai-etolopura-1,,,,2,45236,
6-11-5-3-332-mm-nakanai-etolobubu-3,6-11-5-3-332-mm-nakanai-etolobubu,nakanai-evulea-1,,,,3,45237,
6-11-5-3-332-mm-nakanai-etolobubu-4,6-11-5-3-332-mm-nakanai-etolobubu,nakanai-evito-1,,,,4,45238,
6-11-5-3-332-mm-nakanai-etolobubu-5,6-11-5-3-332-mm-nakanai-etolobubu,nakanai-euaga-1,,,,5,45239,
6-11-5-3-332-mm-nakanai-etolobubu-6,6-11-5-3-332-mm-nakanai-etolobubu,nakanai-eravetarokitoa-1,,,,6,45240,
6-11-5-3-332-mm-nakanai-etolobubu-7,6-11-5-3-332-mm-nakanai-etolobubu,nakanai-evatu-1,,,,7,45241,
6-11-5-3-332-mm-nakanai-etolobubu-8,6-11-5-3-332-mm-nakanai-etolobubu,nakanai-esakalukea-1,,,,8,45242,
6-11-5-4-334-ses-saa-huleilade-1,6-11-5-4-334-ses-saa-huleilade,saa-huleilade-1,,,,1,45243 45244,
6-11-5-4-334-ses-saa-huleilade-2,6-11-5-4-334-ses-saa-huleilade,saa-okulade-2,,,,2,45245 45246,
6-11-5-4-334-ses-saa-huleilade-3,6-11-5-4-334-ses-saa-huleilade,saa-okuma-2,,,,3,45247 45248,
6-11-5-4-334-ses-saa-huleilade-4,6-11-5-4-334-ses-saa-huleilade,saa-okuteluokudanu-1,,,,4,45249 45250,
6-11-5-4-334-ses-saa-huleilade-5,6-11-5-4-334-ses-saa-huleilade,saa-okupeine-1,,,,5,45251 45252,
6-11-5-4-334-ses-saa-huleilade-6,6-11-5-4-334-ses-saa-huleilade,saa-hulolapani-1,,,,6,45253 45254,
6-11-5-4-334-ses-saa-huleilade-7,6-11-5-4-334-ses-saa-huleilade,saa-hulolaha-1,,,,7,45255 45256,
6-11-5-4-334-ses-saa-huleilade-8,6-11-5-4-334-ses-saa-huleilade,saa-asimane-1,,,,8,45257 45258,
6-11-5-4-334-ses-saa-huleilade-9,6-11-5-4-334-ses-saa-huleilade,saa-loawai-1,,,,9,45259 45260,
6-11-5-4-334-ses-saa-huleilade-10,6-11-5-4-334-ses-saa-huleilade,saa-loamadala-1,,,,10,45261 45262,
6-11-5-4-334-ses-saa-huleilade-11,6-11-5-4-334-ses-saa-huleilade,saa-loamalie-1,,,,11,45263 45264,
6-11-5-4-334-ses-saa-huleilade-12,6-11-5-4-334-ses-saa-huleilade,saa-aumarawa-1,,,,12,45265 45266,
6-11-5-4-334-ses-saa-huleilade-13,6-11-5-4-334-ses-saa-huleilade,saa-alimaelo-1,,,,13,45267 45268,
6-11-5-4-334-ses-saa-huleilade-14,6-11-5-4-334-ses-saa-huleilade,saa-rohutohuto-1,,,,14,45269 45270,
6-11-5-6-339-fij-bauan-vulaiwerewere-1,6-11-5-6-339-fij-bauan-vulaiwerewere,bauanfijian-vulaiwerewere-1,,,,1,45271 45272,
6-11-5-6-339-fij-bauan-vulaiwerewere-2,6-11-5-6-339-fij-bauan-vulaiwerewere,bauanfijian-vulaiukiuki-1,,,,2,45273 45274,
6-11-5-6-339-fij-bauan-vulaiwerewere-3,6-11-5-6-339-fij-bauan-vulaiwerewere,bauanfijian-vulaivavakada-1,,,,3,45275 45276,
6-11-5-6-339-fij-bauan-vulaiwerewere-4,6-11-5-6-339-fij-bauan-vulaiwerewere,bauanfijian-vulaibalololailai-1,,,,4,45277 45278,
6-11-5-6-339-fij-bauan-vulaiwerewere-5,6-11-5-6-339-fij-bauan-vulaiwerewere,bauanfijian-vulaibalololevu-1,,,,5,45279 45280,
6-11-5-6-339-fij-bauan-vulaiwerewere-6,6-11-5-6-339-fij-bauan-vulaiwerewere,bauanfijian-vulainugalailai-1,,,,6,45281 45282,
6-11-5-6-339-fij-bauan-vulaiwerewere-7,6-11-5-6-339-fij-bauan-vulaiwerewere,bauanfijian-vulainugalevu-1,,,,7,45283 45284,
6-11-5-6-339-fij-bauan-vulaiwerewere-8,6-11-5-6-339-fij-bauan-vulaiwerewere,bauanfijian-vulaisevu-1,,,,8,45285 45286,
6-11-5-6-339-fij-bauan-vulaiwerewere-9,6-11-5-6-339-fij-bauan-vulaiwerewere,bauanfijian-vulaikelikeli-1,,,,9,45287 45288,
6-11-5-6-339-fij-bauan-vulaiwerewere-10,6-11-5-6-339-fij-bauan-vulaiwerewere,bauanfijian-vulaigasau-1,,,,10,45289 45290,
6-11-5-6-339-fij-bauan-vulaiwerewere-11,6-11-5-6-339-fij-bauan-vulaiwerewere,bauanfijian-vulaidoi-1,,,,11,45291 45292,
6-11-6-1-359-nng-manam-kaleazomzom-1,6-11-6-1-359-nng-manam-kaleazomzom,manam-kaleazomzom-1,,,,1,45293,
6-11-6-1-359-nng-manam-kaleazomzom-2,6-11-6-1-359-nng-manam-kaleazomzom,mangap-puulumunana-1,,,,2,45294,
6-11-6-1-359-nng-manam-kaleazomzom-3,6-11-6-1-359-nng-manam-kaleazomzom,bariai-taikododol-1,,,,3,45295,
6-11-6-1-359-nng-manam-kaleazomzom-4,6-11-6-1-359-nng-manam-kaleazomzom,kove-rorolu-1,,,,4,45296,
6-11-6-1-359-nng-manam-kaleazomzom-5,6-11-6-1-359-nng-manam-kaleazomzom,mutu-kaiyododoli-1,,,,5,45297,
6-11-6-1-359-nng-manam-kaleazomzom-6,6-11-6-1-359-nng-manam-kaleazomzom,yabem-ayoketusamu-1,,,,6,45298,
6-11-6-1-359-nng-manam-kaleazomzom-7,6-11-6-1-359-nng-manam-kaleazomzom,babatana-tavabela-1,,,,7,45299,
6-11-6-1-359-nng-manam-kaleazomzom-8,6-11-6-1-359-nng-manam-kaleazomzom,lau-sinalilaulau-1,,,,8,45300,
6-11-6-1-359-nng-manam-kaleazomzom-9,6-11-6-1-359-nng-manam-kaleazomzom,owa-fafaaenaninafaaifa-1,,,,9,45301,
6-11-6-1-360-pt-iduna-vaikohigivivilina-1,6-11-6-1-360-pt-iduna-vaikohigivivilina,iduna-vaikohigivivilina-1,,,,1,45302,
6-11-6-1-360-pt-iduna-vaikohigivivilina-2,6-11-6-1-360-pt-iduna-vaikohigivivilina,gela-vulavovoo-1,,,,2,45303,
6-11-6-1-360-pt-iduna-vaikohigivivilina-3,6-11-6-1-360-pt-iduna-vaikohigivivilina,kwaio-eletoo-1,,,,3,45304,
6-11-6-1-360-mm-teop-sivaoabera-1,6-11-6-1-360-mm-teop-sivaoabera,teop-sivaoabera-1,,,,1,45305,
6-11-6-1-360-mm-teop-sivaoabera-2,6-11-6-1-360-mm-teop-sivaoabera,lau-wawanebaita-1,,,,2,45306,
6-11-6-1-360-mm-teop-sivaoabera-3,6-11-6-1-360-mm-teop-sivaoabera,arosi-huraahora-1,,,,3,45307,
6-11-6-1-360-mm-teop-sivaoabera-4,6-11-6-1-360-mm-teop-sivaoabera,ambrym-kolol-1,,,,4,45308 45309,
6-11-6-1-360-mm-teop-sivaoabera-5,6-11-6-1-360-mm-teop-sivaoabera,wayan-vulalevu-1,,,,5,45310,
6-11-6-1-360-pt-motu-matoa-1,6-11-6-1-360-pt-motu-matoa,motu-matoa-1,,,,1,45311 45312,
6-11-6-1-360-pt-motu-matoa-2,6-11-6-1-360-pt-motu-matoa,nakanai-ebalala-1,,,,2,45313 45314,
6-11-6-1-360-pt-motu-matoa-3,6-11-6-1-360-pt-motu-matoa,halia-saloboto-1,,,,3,45315,
6-11-6-1-360-pt-motu-matoa-4,6-11-6-1-360-pt-motu-matoa,kwaio-fulabala-2,,,,4,45316 45317,
6-11-6-1-360-pt-motu-matoa-5,6-11-6-1-360-pt-motu-matoa,lenakel-moukramepepnmanuvie-1,,,,5,45318,
6-11-6-1-360-pt-motu-matoa-6,6-11-6-1-360-pt-motu-matoa,dehu-deuumateu-1,,,,6,45319,
6-11-6-2-360-adm-drehet-pulokxop-1,6-11-6-2-360-adm-drehet-pulokxop,drehet-pulokxop-1,,,,1,45320,
6-11-6-2-360-adm-drehet-pulokxop-2,6-11-6-2-360-adm-drehet-pulokxop,bariai-taikoimatadodom-1,,,,2,45321,
6-11-6-2-360-adm-drehet-pulokxop-3,6-11-6-2-360-adm-drehet-pulokxop,kwaio-logobulubulu-1,,,,3,45322,
6-11-6-2-360-adm-drehet-pulokxop-4,6-11-6-2-360-adm-drehet-pulokxop,mangseng-ovilou-1,,,,4,45323,
6-11-6-2-360-adm-drehet-pulokxop-5,6-11-6-2-360-adm-drehet-pulokxop,numbami-kambalaaisoloa-1,,,,5,45324,
6-11-6-2-360-adm-drehet-pulokxop-6,6-11-6-2-360-adm-drehet-pulokxop,yabem-ayokeso-1,,,,6,45325,
6-11-6-2-360-adm-drehet-pulokxop-7,6-11-6-2-360-adm-drehet-pulokxop,banoni-madavakemate-1,,,,7,45326,
6-11-6-2-360-adm-drehet-pulokxop-8,6-11-6-2-360-adm-drehet-pulokxop,maringe-rugulehe-1,,,,8,45327,
6-11-6-2-360-adm-drehet-pulokxop-9,6-11-6-2-360-adm-drehet-pulokxop,lau-sinalikaliu-1,,,,9,45328,
6-11-6-2-361-nng-mangap-puluipet-1,6-11-6-2-361-nng-mangap-puluipet,mangap-puluipet-1,,,,1,45329,
6-11-6-2-361-nng-mangap-puluipet-2,6-11-6-2-361-nng-mangap-puluipet,banoni-madavakepukevagu-1,,,,2,45330,
6-11-6-2-361-nng-mangap-puluipet-3,6-11-6-2-361-nng-mangap-puluipet,saa-warowaroeraa-1,,,,3,45331,
6-11-6-2-361-nng-mangap-puluipet-4,6-11-6-2-361-nng-mangap-puluipet,dehu-lamamateu-1,,,,4,45332,
6-11-6-2-361-nng-mangap-puluipet-5,6-11-6-2-361-nng-mangap-puluipet,wayan-tokonavula-1,,,,5,45333,
6-11-6-2-361-mm-nehan-koburubialoko-1,6-11-6-2-361-mm-nehan-koburubialoko,nehan-koburubialoko-1,,,,1,45334,
6-11-6-2-361-mm-nehan-koburubialoko-2,6-11-6-2-361-mm-nehan-koburubialoko,lau-sinaliriri-1,,,,2,45335,
6-11-6-2-361-mm-nehan-koburubialoko-3,6-11-6-2-361-mm-nehan-koburubialoko,saa-raaigare-1,,,,3,45336,
6-11-6-2-361-mm-nehan-koburubialoko-4,6-11-6-2-361-mm-nehan-koburubialoko,owa-karenafaaifa-1,,,,4,45337,
6-11-6-2-361-pt-iduna-vaikohibakabakalina-1,6-11-6-2-361-pt-iduna-vaikohibakabakalina,iduna-vaikohibakabakalina-1,,,,1,45338,
6-11-6-2-361-pt-iduna-vaikohibakabakalina-2,6-11-6-2-361-pt-iduna-vaikohibakabakalina,motu-doai-1,,,,2,45339,
6-11-6-2-361-pt-iduna-vaikohibakabakalina-3,6-11-6-2-361-pt-iduna-vaikohibakabakalina,nakanai-kalisu-1,,,,3,45340,
6-11-6-2-361-pt-iduna-vaikohibakabakalina-4,6-11-6-2-361-pt-iduna-vaikohibakabakalina,maringe-peko-1,,,,4,45341,
6-11-6-3-361-adm-drehet-kisiepu-1,6-11-6-3-361-adm-drehet-kisiepu,drehet-kisiepu-1,,,,1,45342,
6-11-6-3-361-adm-drehet-kisiepu-2,6-11-6-3-361-adm-drehet-kisiepu,kairiru-qareomavalu-1,,,,2,45343,
6-11-6-3-361-adm-drehet-kisiepu-3,6-11-6-3-361-adm-drehet-kisiepu,bariai-taikoilia-1,,,,3,45344,
6-11-6-3-361-adm-drehet-kisiepu-4,6-11-6-3-361-adm-drehet-kisiepu,mutu-kaiyosirivu-1,,,,4,45345,
6-11-6-3-361-adm-drehet-kisiepu-5,6-11-6-3-361-adm-drehet-kisiepu,yabem-ayoamakg-1,,,,5,45346,
6-11-6-3-361-adm-drehet-kisiepu-6,6-11-6-3-361-adm-drehet-kisiepu,mwotlap-nowolnaaytei-1,,,,6,45347,
6-11-6-4-362-pt-kilivila-kapatu-1,6-11-6-4-362-pt-kilivila-kapatu,kilivila-kapatu-1,,,,1,45348,
6-11-6-4-362-pt-kilivila-kapatu-2,6-11-6-4-362-pt-kilivila-kapatu,kilivila-tubugeguda-1,,,,2,45349,
6-11-6-4-362-pt-kilivila-kapatu-3,6-11-6-4-362-pt-kilivila-kapatu,kilivila-kalubuwotutubukola-1,,,,3,45350,
6-11-6-4-362-pt-kilivila-kapatu-4,6-11-6-4-362-pt-kilivila-kapatu,kilivila-bata-1,,,,4,45351,
6-11-6-4-362-pt-kilivila-kapatu-5,6-11-6-4-362-pt-kilivila-kapatu,kilivila-odubiliveka-1,,,,5,45352,
6-11-6-4-363-pt-motu-doai-1,6-11-6-4-363-pt-motu-doai,motu-doai-1,,,,1,45353,
6-11-6-4-363-pt-motu-doai-2,6-11-6-4-363-pt-motu-doai,motu-huakarukaru-1,,,,2,45354,
6-11-6-4-363-pt-motu-doai-3,6-11-6-4-363-pt-motu-doai,motu-matoa-1,,,,3,45355,
6-11-6-4-363-pt-motu-doai-4,6-11-6-4-363-pt-motu-doai,motu-huadaulao-1,,,,4,45356,
6-11-6-4-363-pt-motu-doai-5,6-11-6-4-363-pt-motu-doai,motu-huahaeno-1,,,,5,45357,
6-11-6-4-363-pt-motu-doai-6,6-11-6-4-363-pt-motu-doai,motu-huamatoatorea-1,,,,6,45358,
6-11-6-4-363-ses-toabaita-siki-1,6-11-6-4-363-ses-toabaita-siki,toabaita-siki-1,,,,1,45359,
6-11-6-4-363-ses-toabaita-siki-2,6-11-6-4-363-ses-toabaita-siki,toabaita-susuiua-1,,,,2,45360,
6-11-6-4-363-ses-toabaita-siki-3,6-11-6-4-363-ses-toabaita-siki,toabaita-reefakao-1,,,,3,45361,
6-11-6-4-363-ses-toabaita-siki-4,6-11-6-4-363-ses-toabaita-siki,toabaita-dolosuu-1,,,,4,45362,
6-11-6-4-363-ses-toabaita-siki-5,6-11-6-4-363-ses-toabaita-siki,toabaita-araka-1,,,,5,45363,
6-11-6-4-363-ses-toabaita-siki-6,6-11-6-4-363-ses-toabaita-siki,toabaita-deke-1,,,,6,45364,
6-11-6-4-363-ses-toabaita-siki-7,6-11-6-4-363-ses-toabaita-siki,toabaita-taa-2,,,,7,45365,
6-11-6-4-363-ncv-mwotlap-nowoltgyw-1,6-11-6-4-363-ncv-mwotlap-nowoltgyw,mwotlap-nowoltgyw-1,,,,1,45366,
6-11-6-4-363-ncv-mwotlap-nowoltgyw-2,6-11-6-4-363-ncv-mwotlap-nowoltgyw,mwotlap-nayeyemes-1,,,,2,45367,
6-11-6-4-363-ncv-mwotlap-nowoltgyw-3,6-11-6-4-363-ncv-mwotlap-nowoltgyw,mwotlap-nowolnagaytegi-1,,,,3,45368,
6-11-6-4-363-ncv-mwotlap-nowoltgyw-4,6-11-6-4-363-ncv-mwotlap-nowoltgyw,mwotlap-nowolnitptpp-1,,,,4,45369,
6-11-6-4-363-ncv-mwotlap-nowoltgyw-5,6-11-6-4-363-ncv-mwotlap-nowoltgyw,mwotlap-nowolwnwn-1,,,,5,45370,
6-11-6-4-363-ncv-mwotlap-nowoltgyw-6,6-11-6-4-363-ncv-mwotlap-nowoltgyw,mwotlap-nowolnitptpplok-1,,,,6,45371,
6-11-6-4-363-sv-lenakel-moukvi-1,6-11-6-4-363-sv-lenakel-moukvi,lenakel-moukvi-1,,,,1,45372,
6-11-6-4-363-sv-lenakel-moukvi-2,6-11-6-4-363-sv-lenakel-moukvi,lenakel-moukrnailetuatu-1,,,,2,45373,
6-11-6-4-363-sv-lenakel-moukvi-3,6-11-6-4-363-sv-lenakel-moukvi,lenakel-moukramepepnmanuvie-2,,,,3,45374,
6-11-6-4-363-sv-lenakel-moukvi-4,6-11-6-4-363-sv-lenakel-moukvi,lenakel-moukrnapinap-1,,,,4,45375,
6-11-6-4-365-nng-bariai-taikoitaldodom-1,6-11-6-4-365-nng-bariai-taikoitaldodom,bariai-taikoitaldodom-1,,,,1,45376,
6-11-6-4-365-nng-bariai-taikoitaldodom-2,6-11-6-4-365-nng-bariai-taikoitaldodom,bariai-taikoimatadodom-1,,,,2,45377,
6-11-6-4-365-nng-bariai-taikoitaldodom-3,6-11-6-4-365-nng-bariai-taikoitaldodom,bariai-tueiragia-1,,,,3,45378,
6-11-6-4-365-nng-bariai-taikoitaldodom-4,6-11-6-4-365-nng-bariai-taikoitaldodom,bariai-taikoilia-2,,,,4,45379,
6-11-6-4-365-nng-bariai-taikoitaldodom-5,6-11-6-4-365-nng-bariai-taikoitaldodom,bariai-taikododol-2,,,,5,45380,
6-11-6-4-365-ses-owa-karenafaaifa-1,6-11-6-4-365-ses-owa-karenafaaifa,owa-karenafaaifa-2,,,,1,45381,
6-11-6-4-365-ses-owa-karenafaaifa-2,6-11-6-4-365-ses-owa-karenafaaifa,owa-rauniafanaru-1,,,,2,45382,
6-11-6-4-365-ses-owa-karenafaaifa-3,6-11-6-4-365-ses-owa-karenafaaifa,owa-urafaaoto-1,,,,3,45383,
6-11-6-4-365-ses-owa-karenafaaifa-4,6-11-6-4-365-ses-owa-karenafaaifa,owa-rauniapato-1,,,,4,45384,
6-11-6-4-365-ses-owa-karenafaaifa-5,6-11-6-4-365-ses-owa-karenafaaifa,owa-fafaaenaninafaaifa-1,,,,5,45301,
6-12-3-3-387-mm-ramoaaina-tiri-1,6-12-3-3-387-mm-ramoaaina-tiri,ramoaaina-tiri-1,,,,1,45385,
6-12-3-3-387-mm-ramoaaina-tiri-2,6-12-3-3-387-mm-ramoaaina-tiri,minigir-tiri-1,,,,2,45386,
6-12-3-3-387-mm-ramoaaina-tiri-3,6-12-3-3-387-mm-ramoaaina-tiri,tolai-tir-1,,,,3,45387,
6-12-3-3-387-mm-ramoaaina-tiri-4,6-12-3-3-387-mm-ramoaaina-tiri,protomalaitamakira-ili-1,,,,4,45388,
6-12-3-3-387-mm-ramoaaina-tiri-5,6-12-3-3-387-mm-ramoaaina-tiri,longgu-ili-1,,,,5,45389,
6-12-3-3-387-mm-ramoaaina-tiri-6,6-12-3-3-387-mm-ramoaaina-tiri,lau-iliai-1,,,,6,45390,
6-12-3-3-387-mm-ramoaaina-tiri-7,6-12-3-3-387-mm-ramoaaina-tiri,kwaio-ili-1,,,,7,45391,
6-12-3-3-387-mm-ramoaaina-tiri-8,6-12-3-3-387-mm-ramoaaina-tiri,areare-iri-1,,,,8,45392,
6-12-3-3-387-mm-ramoaaina-tiri-9,6-12-3-3-387-mm-ramoaaina-tiri,oroha-iri-1,,,,9,45393,
6-12-3-3-387-mm-ramoaaina-tiri-10,6-12-3-3-387-mm-ramoaaina-tiri,lelepa-til-1,,,,10,45394,
6-12-6-None-400-adm-baluan-pa-1,6-12-6-None-400-adm-baluan-pa,baluan-pa-1,,,,1,44104,
6-12-6-None-400-adm-baluan-pa-2,6-12-6-None-400-adm-baluan-pa,lou-pa-1,,,,2,45395,
6-12-6-None-400-adm-baluan-pa-3,6-12-6-None-400-adm-baluan-pa,nyindrou-ana-1,,,,3,44105,
6-12-6-None-400-adm-baluan-pa-4,6-12-6-None-400-adm-baluan-pa,kele-pe-2,,,,4,45396,
6-12-6-None-400-adm-baluan-pa-5,6-12-6-None-400-adm-baluan-pa,yabem-be-2,,,,5,45397,
6-12-6-None-400-adm-baluan-pa-6,6-12-6-None-400-adm-baluan-pa,numbami-go-1,,,,6,45398,
6-12-6-None-400-adm-baluan-pa-7,6-12-6-None-400-adm-baluan-pa,bariai-oaga-2,,,,7,45399,
6-12-6-None-400-adm-baluan-pa-8,6-12-6-None-400-adm-baluan-pa,kaulong-vo-1,,,,8,40626,
6-12-6-None-400-adm-baluan-pa-9,6-12-6-None-400-adm-baluan-pa,mangap-so-1,,,,9,44107,
6-12-6-None-400-adm-baluan-pa-10,6-12-6-None-400-adm-baluan-pa,kairiru-wot-1,,,,10,45400,
6-12-6-None-400-adm-baluan-pa-11,6-12-6-None-400-adm-baluan-pa,iamalele-vo-1,,,,11,45401 45402,
6-12-6-None-400-adm-baluan-pa-12,6-12-6-None-400-adm-baluan-pa,nakanai-vei-2,,,,12,45403,
6-12-6-None-400-adm-baluan-pa-13,6-12-6-None-400-adm-baluan-pa,sursurunga-o-1,,,,13,45404,
6-12-6-None-400-adm-baluan-pa-14,6-12-6-None-400-adm-baluan-pa,teop-boha-1,,,,14,44111,
6-12-6-None-400-adm-baluan-pa-15,6-12-6-None-400-adm-baluan-pa,gela-ne-1,,,,15,44112,
6-12-6-None-400-adm-baluan-pa-16,6-12-6-None-400-adm-baluan-pa,toabaita-sore-1,,,,16,44113,
6-12-6-None-400-adm-baluan-pa-17,6-12-6-None-400-adm-baluan-pa,kwaio-ili-1,,,,17,45391,
6-12-6-None-400-adm-baluan-pa-18,6-12-6-None-400-adm-baluan-pa,aiwoo-kk-1,,,,18,45405,
6-12-6-None-400-adm-baluan-pa-19,6-12-6-None-400-adm-baluan-pa,lamen-vere-1,,,,19,45406,
6-13-5-1-414-adm-titan-kanian-1,6-13-5-1-414-adm-titan-kanian,titan-kanian-1,,,,1,45407,
6-13-5-1-414-adm-titan-kanian-2,6-13-5-1-414-adm-titan-kanian,kove-hania-1,,,,2,45408,
6-13-5-1-414-adm-titan-kanian-3,6-13-5-1-414-adm-titan-kanian,mangap-kanana-1,,,,3,45409,
6-13-5-1-414-adm-titan-kanian-4,6-13-5-1-414-adm-titan-kanian,takia-ana-2,,,,4,45410,
6-13-5-1-414-adm-titan-kanian-5,6-13-5-1-414-adm-titan-kanian,gumawana-kaika-1,,,,5,45411,
6-13-5-1-414-adm-titan-kanian-6,6-13-5-1-414-adm-titan-kanian,tinputz-kn-1,,,,6,45412,
6-13-5-1-414-adm-titan-kanian-7,6-13-5-1-414-adm-titan-kanian,mota-anaana-1,,,,7,45413,
6-13-5-1-414-adm-titan-kanian-8,6-13-5-1-414-adm-titan-kanian,kiai-aniani-1,,,,8,45414,
6-13-5-1-414-adm-titan-kanian-9,6-13-5-1-414-adm-titan-kanian,paamese-aniene-1,,,,9,45415,
6-13-6-None-421-adm-wuvulu-inawarefanau-1,6-13-6-None-421-adm-wuvulu-inawarefanau,wuvulu-inawarefanau-1,,,,1,45416,
6-13-6-None-421-adm-wuvulu-inawarefanau-2,6-13-6-None-421-adm-wuvulu-inawarefanau,kove-ipaau-1,,,,2,45417,
6-13-6-None-421-adm-wuvulu-inawarefanau-3,6-13-6-None-421-adm-wuvulu-inawarefanau,gitua-vangau-1,,,,3,45418,
6-13-6-None-421-adm-wuvulu-inawarefanau-4,6-13-6-None-421-adm-wuvulu-inawarefanau,bing-panuau-1,,,,4,45419,
6-13-6-None-421-adm-wuvulu-inawarefanau-5,6-13-6-None-421-adm-wuvulu-inawarefanau,takia-ipanag-1,,,,5,45420,
6-13-6-None-421-adm-wuvulu-inawarefanau-6,6-13-6-None-421-adm-wuvulu-inawarefanau,manam-iaita-1,,,,6,45421,
6-14-4-1-449-sj-yamna-tes-1,6-14-4-1-449-sj-yamna-tes,yamna-tes-1,,,,1,45422,
6-14-4-1-449-sj-yamna-tes-2,6-14-4-1-449-sj-yamna-tes,sobei-tesesesi-1,,,,2,45423,
6-14-4-1-449-sj-yamna-tes-3,6-14-4-1-449-sj-yamna-tes,atchin-ites-1,,,,3,45424,
6-14-4-1-449-sj-yamna-tes-4,6-14-4-1-449-sj-yamna-tes,namakir-iteh-1,,,,4,45425,
6-14-4-1-449-sj-yamna-tes-5,6-14-4-1-449-sj-yamna-tes,pnpn-tasi-1,,,,5,45426,
6-14-4-1-449-sj-yamna-tes-6,6-14-4-1-449-sj-yamna-tes,samoan-tasi-1,,,,6,45427,
6-14-4-1-449-sj-yamna-tes-7,6-14-4-1-449-sj-yamna-tes,tuvalu-tasi-1,,,,7,45428,
6-14-4-1-449-sj-yamna-tes-8,6-14-4-1-449-sj-yamna-tes,rennellese-tasitahi-1,,,,8,45429,
6-14-4-1-449-sj-yamna-tes-9,6-14-4-1-449-sj-yamna-tes,ifiramele-tasi-1,,,,9,45430,
6-14-4-1-449-sj-yamna-tes-10,6-14-4-1-449-sj-yamna-tes,eastfutunan-tasi-1,,,,10,45431,
6-14-4-1-449-sj-yamna-tes-11,6-14-4-1-449-sj-yamna-tes,tikopia-tasi-1,,,,11,45432,
6-14-4-1-449-sj-yamna-tes-12,6-14-4-1-449-sj-yamna-tes,rapanui-tahi-1,,,,12,45433,
6-14-4-1-449-sj-yamna-tes-13,6-14-4-1-449-sj-yamna-tes,hawaiian-kahiekahi-1,,,,13,45434,
6-14-4-1-449-sj-yamna-tes-14,6-14-4-1-449-sj-yamna-tes,mangareva-etaitai-1,,,,14,45435,
6-14-4-1-449-sj-yamna-tes-15,6-14-4-1-449-sj-yamna-tes,marquesan-tahi-1,,,,15,45436,
6-14-4-1-449-sj-yamna-tes-16,6-14-4-1-449-sj-yamna-tes,maori-tahi-1,,,,16,45437,
6-14-4-1-454-nng-dami-takale-1,6-14-4-1-454-nng-dami-takale,dami-takale-1,,,,1,45438,
6-14-4-1-454-nng-dami-takale-2,6-14-4-1-454-nng-dami-takale,medebur-takana-1,,,,2,45439,
6-14-4-1-454-nng-dami-takale-3,6-14-4-1-454-nng-dami-takale,medebur-takaraka-1,,,,3,45440,
6-14-4-1-454-nng-dami-takale-4,6-14-4-1-454-nng-dami-takale,kairiru-takana-1,,,,4,45441,
6-14-4-1-454-nng-dami-takale-5,6-14-4-1-454-nng-dami-takale,zenag-tika-1,,,,5,45442,
6-14-4-1-454-nng-dami-takale-6,6-14-4-1-454-nng-dami-takale,piu-tika-1,,,,6,45443,
6-14-4-1-454-nng-dami-takale-7,6-14-4-1-454-nng-dami-takale,nimoa-tia-1,,,,7,45444,
6-14-4-1-454-nng-dami-takale-8,6-14-4-1-454-nng-dami-takale,label-takai-1,,,,8,45445,
6-14-4-1-454-nng-dami-takale-9,6-14-4-1-454-nng-dami-takale,tolai-tikai-1,,,,9,45446,
6-14-4-1-454-nng-dami-takale-10,6-14-4-1-454-nng-dami-takale,tangga-tikatike-1,,,,10,45447,
6-14-4-1-454-nng-dami-takale-11,6-14-4-1-454-nng-dami-takale,nahaai-itx-1,,,,11,45448,
6-14-4-1-454-nng-dami-takale-12,6-14-4-1-454-nng-dami-takale,avok-cikinene-1,,,,12,45449,
6-14-4-1-454-nng-dami-takale-13,6-14-4-1-454-nng-dami-takale,nasvang-icigai-1,,,,13,45450,
6-14-4-1-454-nng-dami-takale-14,6-14-4-1-454-nng-dami-takale,ajie-raxa-1,,,,14,45451,
6-14-4-1-454-nng-dami-takale-15,6-14-4-1-454-nng-dami-takale,oroe-rake-1,,,,15,45452,
6-14-5-1-477-ncv-tirax-nmlnan-1,6-14-5-1-477-ncv-tirax-nmlnan,tirax-nmlnan-1,,,,1,45453,
6-14-5-1-477-ncv-tirax-nmlnan-2,6-14-5-1-477-ncv-tirax-nmlnan,avava-itvnmlnan-1,,,,2,45454,
6-14-5-1-477-ncv-tirax-nmlnan-3,6-14-5-1-477-ncv-tirax-nmlnan,avava-nmlnan-1,,,,3,45455,
6-14-5-1-477-ncv-tirax-nmlnan-4,6-14-5-1-477-ncv-tirax-nmlnan,neveei-nmlnen-1,,,,4,45456,
6-14-5-1-477-ncv-tirax-nmlnan-5,6-14-5-1-477-ncv-tirax-nmlnan,unua-nmlnen-1,,,,5,45457,
6-14-5-1-478-pt-lala-ivanmlna-1,6-14-5-1-478-pt-lala-ivanmlna,lala-ivanmlna-1,,,,1,45458,
6-14-5-1-478-pt-lala-ivanmlna-2,6-14-5-1-478-pt-lala-ivanmlna,kubukota-vinanml-1,,,,2,45459,
6-14-5-1-478-pt-lala-ivanmlna-3,6-14-5-1-478-pt-lala-ivanmlna,ambae-kainmlki-1,,,,3,45460,
6-14-5-1-478-pt-lala-ivanmlna-4,6-14-5-1-478-pt-lala-ivanmlna,apma-nmlan-1,,,,4,45461,
6-14-5-1-478-pt-lala-ivanmlna-5,6-14-5-1-478-pt-lala-ivanmlna,uripiv-nmlvn-1,,,,5,45462,
6-14-5-1-478-pt-lala-ivanmlna-6,6-14-5-1-478-pt-lala-ivanmlna,southwestbay-naaynmlyennaay-1,,,,6,45463,
6-15-5-None-527-nng-malalamai-nimandaainda-1,6-15-5-None-527-nng-malalamai-nimandaainda,malalamai-nimandaainda-1,,,,1,45464,
6-15-5-None-527-nng-malalamai-nimandaainda-2,6-15-5-None-527-nng-malalamai-nimandaainda,roinji-limuteninadimanakeena-1,,,,2,45465,
6-15-5-None-527-nng-malalamai-nimandaainda-3,6-15-5-None-527-nng-malalamai-nimandaainda,dami-imauruyeuru-1,,,,3,45466,
6-15-5-None-527-nng-malalamai-nimandaainda-4,6-15-5-None-527-nng-malalamai-nimandaainda,takia-baniiedatumani-1,,,,4,45467,
6-15-5-None-527-nng-malalamai-nimandaainda-5,6-15-5-None-527-nng-malalamai-nimandaainda,bing-dimadruwyedruw-1,,,,5,45468,
6-15-5-None-527-nng-malalamai-nimandaainda-6,6-15-5-None-527-nng-malalamai-nimandaainda,mindiri-madarukiedaru-1,,,,6,45469,
6-15-5-None-527-nng-malalamai-nimandaainda-7,6-15-5-None-527-nng-malalamai-nimandaainda,yalu-bagiagsirukohogsiruk-1,,,,7,45470,
6-15-5-None-527-nng-malalamai-nimandaainda-8,6-15-5-None-527-nng-malalamai-nimandaainda,musom-hosirukbaisiruk-1,,,,8,45471,
6-15-5-None-527-nng-malalamai-nimandaainda-9,6-15-5-None-527-nng-malalamai-nimandaainda,bwaidoga-agefafaliga-1,,,,9,45472,
6-15-5-None-527-nng-malalamai-nimandaainda-10,6-15-5-None-527-nng-malalamai-nimandaainda,kaninuwa-nimafafananuaketakaenua-1,,,,10,45473,
6-15-5-None-527-nng-malalamai-nimandaainda-11,6-15-5-None-527-nng-malalamai-nimandaainda,xaracuu-xakamuru-1,,,,11,45474,
6-15-5-None-527-adm-seimat-seilontel-1,6-15-5-None-527-adm-seimat-seilontel,seimat-seilontel-1,,,,1,45475,
6-15-5-None-527-adm-seimat-seilontel-2,6-15-5-None-527-adm-seimat-seilontel,sio-tamotataitu-1,,,,2,45476,
6-15-5-None-527-adm-seimat-seilontel-3,6-15-5-None-527-adm-seimat-seilontel,kilenge-tamtatei-1,,,,3,45477,
6-15-5-None-527-adm-seimat-seilontel-4,6-15-5-None-527-adm-seimat-seilontel,malasanga-korapta-1,,,,4,45478,
6-15-5-None-527-adm-seimat-seilontel-5,6-15-5-None-527-adm-seimat-seilontel,gedaged-fundaan-1,,,,5,45479,
6-15-5-None-527-adm-seimat-seilontel-6,6-15-5-None-527-adm-seimat-seilontel,yabem-asamu-1,,,,6,45480,
6-15-5-None-527-adm-seimat-seilontel-7,6-15-5-None-527-adm-seimat-seilontel,numbami-tamotate-1,,,,7,45481,
6-15-5-None-527-adm-seimat-seilontel-8,6-15-5-None-527-adm-seimat-seilontel,dobu-toebeu-1,,,,8,45482,
6-15-5-None-527-adm-seimat-seilontel-9,6-15-5-None-527-adm-seimat-seilontel,ubir-orotkaita-1,,,,9,45483,
6-15-5-None-527-adm-seimat-seilontel-10,6-15-5-None-527-adm-seimat-seilontel,gapapaiwa-tomowina-1,,,,10,45484,
6-15-5-None-527-adm-seimat-seilontel-11,6-15-5-None-527-adm-seimat-seilontel,lihir-aziktun-1,,,,11,45485,
6-15-5-None-527-adm-seimat-seilontel-12,6-15-5-None-527-adm-seimat-seilontel,patpatar-tunan-1,,,,12,45486,
6-15-5-None-527-adm-seimat-seilontel-13,6-15-5-None-527-adm-seimat-seilontel,seambrym-hanutaptei-1,,,,13,45487,
6-15-5-None-527-adm-seimat-seilontel-14,6-15-5-None-527-adm-seimat-seilontel,paamese-hanumau-1,,,,14,45488,
6-15-5-None-527-adm-seimat-seilontel-15,6-15-5-None-527-adm-seimat-seilontel,nasvang-namxar-1,,,,15,45489,
6-15-5-None-527-adm-seimat-seilontel-16,6-15-5-None-527-adm-seimat-seilontel,lenakel-ieramimkarenarka-1,,,,16,45490,
6-15-5-None-527-adm-seimat-seilontel-17,6-15-5-None-527-adm-seimat-seilontel,nelemwa-axiak-1,,,,17,45491,
6-15-5-None-527-adm-seimat-seilontel-18,6-15-5-None-527-adm-seimat-seilontel,yuanga-axgu-1,,,,18,45492,
6-15-5-None-527-adm-seimat-seilontel-19,6-15-5-None-527-adm-seimat-seilontel,nemi-heckhak-1,,,,19,45493,
6-15-5-None-527-adm-seimat-seilontel-20,6-15-5-None-527-adm-seimat-seilontel,pije-hekahyuk-1,,,,20,45494,
6-15-5-None-527-adm-seimat-seilontel-21,6-15-5-None-527-adm-seimat-seilontel,ajie-kanikam-1,,,,21,45495,
6-15-5-None-527-adm-seimat-seilontel-22,6-15-5-None-527-adm-seimat-seilontel,iaai-xacaat-1,,,,22,45496,
6-15-5-None-527-adm-seimat-seilontel-23,6-15-5-None-527-adm-seimat-seilontel,dehu-caa-1,,,,23,45497,
6-15-5-None-528-pt-gumawana-korototayamoikavava-1,6-15-5-None-528-pt-gumawana-korototayamoikavava,gumawana-korototayamoikavava-1,,,,1,45498,
6-15-5-None-528-pt-gumawana-korototayamoikavava-2,6-15-5-None-528-pt-gumawana-korototayamoikavava,bunama-loheaimoasa-1,,,,2,45499,
6-15-5-None-528-pt-gumawana-korototayamoikavava-3,6-15-5-None-528-pt-gumawana-korototayamoikavava,tawala-lawaemosiihilaga-1,,,,3,45500,
6-15-5-None-528-pt-gumawana-korototayamoikavava-4,6-15-5-None-528-pt-gumawana-korototayamoikavava,tubetube-taukaigedasimate-1,,,,4,45501,
6-15-5-None-528-pt-gumawana-korototayamoikavava-5,6-15-5-None-528-pt-gumawana-korototayamoikavava,saliba-taukesegayemate-1,,,,5,45502,
6-16-4-None-553-nng-kove-walaravarexe-1,6-16-4-None-553-nng-kove-walaravarexe,kove-walaravarexe-1,,,,1,45503,
6-16-4-None-553-nng-kove-walaravarexe-2,6-16-4-None-553-nng-kove-walaravarexe,ramoaaina-babaluka-1,,,,2,45504,
6-16-4-None-553-nng-kove-walaravarexe-3,6-16-4-None-553-nng-kove-walaravarexe,gela-kogana-1,,,,3,45505,
6-16-4-None-553-nng-kove-walaravarexe-4,6-16-4-None-553-nng-kove-walaravarexe,gela-alonitoo-1,,,,4,45506,
6-16-4-None-553-nng-kove-walaravarexe-5,6-16-4-None-553-nng-kove-walaravarexe,saa-mapou-1,,,,5,45507,
6-16-4-None-553-nng-kove-walaravarexe-6,6-16-4-None-553-nng-kove-walaravarexe,ulawa-idaapala-1,,,,6,45508,
6-16-4-None-553-nng-kove-walaravarexe-7,6-16-4-None-553-nng-kove-walaravarexe,arosi-mamoku-1,,,,7,45509,
6-16-5-1-556-nng-bariai-leoa-1,6-16-5-1-556-nng-bariai-leoa,bariai-leoa-1,,,,1,45510,
6-16-5-1-556-nng-bariai-leoa-2,6-16-5-1-556-nng-bariai-leoa,sursurunga-keslim-1,,,,2,45511,
6-16-5-1-556-nng-bariai-leoa-3,6-16-5-1-556-nng-bariai-leoa,banoni-para-1,,,,3,45512,
6-16-5-1-556-nng-bariai-leoa-4,6-16-5-1-556-nng-bariai-leoa,nehan-haili-1,,,,4,45513,
6-16-5-1-556-nng-bariai-leoa-5,6-16-5-1-556-nng-bariai-leoa,halia-seilo-1,,,,5,45514,
6-16-5-1-556-nng-bariai-leoa-6,6-16-5-1-556-nng-bariai-leoa,babatana-pidoko-1,,,,6,45515,
6-16-5-1-556-nng-bariai-leoa-7,6-16-5-1-556-nng-bariai-leoa,roviana-pidoko-1,,,,7,45516,
6-16-5-1-556-nng-bariai-leoa-8,6-16-5-1-556-nng-bariai-leoa,maringe-kakamo-1,,,,8,45517,
6-16-5-1-556-nng-bariai-leoa-9,6-16-5-1-556-nng-bariai-leoa,bugotu-kakamo-1,,,,9,45518,
6-16-5-1-556-nng-bariai-leoa-10,6-16-5-1-556-nng-bariai-leoa,tolo-tinagea-1,,,,10,45519,
6-16-5-1-556-nng-bariai-leoa-11,6-16-5-1-556-nng-bariai-leoa,longgu-nivinivi-1,,,,11,45520,
6-16-5-1-556-nng-bariai-leoa-12,6-16-5-1-556-nng-bariai-leoa,toabaita-malafunu-1,,,,12,45521,
6-16-5-1-556-nng-bariai-leoa-13,6-16-5-1-556-nng-bariai-leoa,lau-malafunu-1,,,,13,45522,
6-16-5-1-556-nng-bariai-leoa-14,6-16-5-1-556-nng-bariai-leoa,kwaio-balafonu-1,,,,14,45523,
6-16-5-1-556-nng-bariai-leoa-15,6-16-5-1-556-nng-bariai-leoa,arosi-sinaake-1,,,,15,45524,
6-16-5-2-557-ses-bugotu-posileo-1,6-16-5-2-557-ses-bugotu-posileo,bugotu-posileo-1,,,,1,45525,
6-16-5-2-557-ses-bugotu-posileo-2,6-16-5-2-557-ses-bugotu-posileo,gela-otokehetu-1,,,,2,45526,
6-16-5-2-557-ses-bugotu-posileo-3,6-16-5-2-557-ses-bugotu-posileo,ulithian-male-1,,,,3,45527,
6-16-5-3-558-ses-ulawa-kaoisao-1,6-16-5-3-558-ses-ulawa-kaoisao,ulawa-kaoisao-1,,,,1,45528,
6-16-5-3-558-ses-ulawa-kaoisao-2,6-16-5-3-558-ses-ulawa-kaoisao,carolinian-xumus-1,,,,2,45529,
6-16-5-3-558-ses-ulawa-kaoisao-3,6-16-5-3-558-ses-ulawa-kaoisao,woleaian-xumus-1,,,,3,45530,
6-16-5-3-558-ses-ulawa-kaoisao-4,6-16-5-3-558-ses-ulawa-kaoisao,samoan-lauia-1,,,,4,45531,
6-16-6-1-561-nng-mbula-reo-1,6-16-6-1-561-nng-mbula-reo,mangap-reo-1,,,,1,45532,
6-16-6-1-561-nng-mbula-reo-2,6-16-6-1-561-nng-mbula-reo,bariai-leoa-1,,,,2,45533,
6-16-6-1-561-nng-mbula-reo-3,6-16-6-1-561-nng-mbula-reo,yabem-asaka-1,,,,3,45534,
6-16-6-1-561-nng-mbula-reo-4,6-16-6-1-561-nng-mbula-reo,tawala-guli-1,,,,4,45535,
6-16-6-1-561-nng-mbula-reo-5,6-16-6-1-561-nng-mbula-reo,ramoaaina-babaluka-1,,,,5,45504,
6-16-6-1-561-nng-mbula-reo-6,6-16-6-1-561-nng-mbula-reo,gela-oto-2,,,,6,45536,
6-16-6-1-561-nng-mbula-reo-7,6-16-6-1-561-nng-mbula-reo,longgu-tavaa-1,,,,7,45537,
6-16-6-1-561-nng-mbula-reo-8,6-16-6-1-561-nng-mbula-reo,owa-tafaana-1,,,,8,45538,
6-16-6-1-561-nng-mbula-reo-9,6-16-6-1-561-nng-mbula-reo,toabaita-abala-1,,,,9,45539,
6-16-6-1-561-nng-mbula-reo-10,6-16-6-1-561-nng-mbula-reo,areare-ahana-1,,,,10,45540,
6-16-6-1-561-nng-mbula-reo-11,6-16-6-1-561-nng-mbula-reo,kwaio-tafaa-1,,,,11,45541,
6-16-6-1-561-nng-mbula-reo-12,6-16-6-1-561-nng-mbula-reo,saa-tahaa-1,,,,12,45542,
6-16-6-1-561-nng-mbula-reo-13,6-16-6-1-561-nng-mbula-reo,arosi-duu-1,,,,13,45543,
6-16-6-1-561-nng-mbula-reo-14,6-16-6-1-561-nng-mbula-reo,cemuhi-eada-1,,,,14,45544,
6-16-6-1-561-nng-mbula-reo-15,6-16-6-1-561-nng-mbula-reo,dehu-apn-1,,,,15,45545,
6-16-6-1-561-nng-mbula-reo-16,6-16-6-1-561-nng-mbula-reo,dehu-napn-1,,,,16,45546,
6-16-6-1-561-nng-mbula-reo-17,6-16-6-1-561-nng-mbula-reo,nengone-naepan-1,,,,17,45547,
6-16-6-1-561-nng-mbula-reo-18,6-16-6-1-561-nng-mbula-reo,wayan-katu-1,,,,18,45548,
6-16-6-1-561-nng-mbula-reo-19,6-16-6-1-561-nng-mbula-reo,boumaa-atu-1,,,,19,45549,
6-16-6-2-562-nng-kove-vataa-1,6-16-6-2-562-nng-kove-vataa,kove-vataa-1,,,,1,45550,
6-16-6-2-562-nng-kove-vataa-2,6-16-6-2-562-nng-kove-vataa,kilivila-sividoga-1,,,,2,45551,
6-16-6-2-562-nng-kove-vataa-3,6-16-6-2-562-nng-kove-vataa,teop-ato-1,,,,3,45552,
6-16-6-2-562-nng-kove-vataa-4,6-16-6-2-562-nng-kove-vataa,banoni-kocikobusu-1,,,,4,45553,
6-16-6-2-562-nng-kove-vataa-5,6-16-6-2-562-nng-kove-vataa,babatana-dulikurisi-1,,,,5,45554,
6-16-6-2-562-nng-kove-vataa-6,6-16-6-2-562-nng-kove-vataa,bugotu-maaisono-1,,,,6,45555,
6-16-6-2-562-nng-kove-vataa-7,6-16-6-2-562-nng-kove-vataa,gela-levutilima-1,,,,7,45556,
6-16-6-2-562-nng-kove-vataa-8,6-16-6-2-562-nng-kove-vataa,longgu-abailimai-1,,,,8,45557,
6-16-6-2-562-nng-kove-vataa-9,6-16-6-2-562-nng-kove-vataa,toabaita-aabagaaba-1,,,,9,45558,
6-16-6-2-562-nng-kove-vataa-10,6-16-6-2-562-nng-kove-vataa,arosi-abairima-1,,,,10,45559,
6-16-6-2-562-nng-kove-vataa-11,6-16-6-2-562-nng-kove-vataa,saa-hahanionoonoma-1,,,,11,45560,
6-16-6-2-562-nng-kove-vataa-12,6-16-6-2-562-nng-kove-vataa,mota-alomasalepei-1,,,,12,45561,
6-16-6-2-562-nng-kove-vataa-13,6-16-6-2-562-nng-kove-vataa,wayan-taba-1,,,,13,45562,
6-16-6-2-562-nng-kove-vataa-14,6-16-6-2-562-nng-kove-vataa,boumaa-taba-1,,,,14,45563,
6-16-6-2-562-nng-kove-vataa-15,6-16-6-2-562-nng-kove-vataa,tongan-tofifatafata-1,,,,15,45564,
6-16-6-3-563-nng-kove-walaravarexe-1,6-16-6-3-563-nng-kove-walaravarexe,kove-walaravarexe-1,,,,1,45503,
6-16-6-3-563-nng-kove-walaravarexe-2,6-16-6-3-563-nng-kove-walaravarexe,tangga-pakluntuaner-1,,,,2,45565,
6-16-6-3-563-nng-kove-walaravarexe-3,6-16-6-3-563-nng-kove-walaravarexe,bugotu-taohaavu-1,,,,3,45566,
6-16-6-3-563-nng-kove-walaravarexe-4,6-16-6-3-563-nng-kove-walaravarexe,ulawa-apala-1,,,,4,45567,
6-16-6-3-563-nng-kove-walaravarexe-5,6-16-6-3-563-nng-kove-walaravarexe,woleaian-yefaz-1,,,,5,45568,
6-16-6-3-563-nng-kove-walaravarexe-6,6-16-6-3-563-nng-kove-walaravarexe,sonsorolese-avala-1,,,,6,45569,
6-16-6-3-563-pt-kilivila-lipoi-1,6-16-6-3-563-pt-kilivila-lipoi,kilivila-lipoi-1,,,,1,45570,
6-16-6-3-563-pt-kilivila-lipoi-2,6-16-6-3-563-pt-kilivila-lipoi,arosi-babaewa-1,,,,2,45571,
6-16-6-3-563-pt-kilivila-lipoi-3,6-16-6-3-563-pt-kilivila-lipoi,owa-paewana-1,,,,3,45572,
6-16-6-3-563-pt-kilivila-lipoi-4,6-16-6-3-563-pt-kilivila-lipoi,woleaian-wopau-1,,,,4,45573,
6-16-6-3-563-pt-kilivila-lipoi-5,6-16-6-3-563-pt-kilivila-lipoi,eastfutunan-fatiku-1,,,,5,45574,
6-16-6-3-563-pt-kilivila-lipoi-6,6-16-6-3-563-pt-kilivila-lipoi,nukuoro-hadiugu-1,,,,6,45575,
6-16-6-3-563-pt-kilivila-lipoi-7,6-16-6-3-563-pt-kilivila-lipoi,takuu-fatiuku-1,,,,7,45576,
6-16-6-3-563-pt-kilivila-lipoi-8,6-16-6-3-563-pt-kilivila-lipoi,maori-fatiaa-1,,,,8,45577,
6-16-6-3-564-pt-kilivila-tomaidona-1,6-16-6-3-564-pt-kilivila-tomaidona,kilivila-tomaidona-1,,,,1,45578,
6-16-6-3-564-pt-kilivila-tomaidona-2,6-16-6-3-564-pt-kilivila-tomaidona,banoni-arara-1,,,,2,45579,
6-16-6-3-564-pt-kilivila-tomaidona-3,6-16-6-3-564-pt-kilivila-tomaidona,ulawa-rooroo-1,,,,3,45580,
6-16-6-3-564-pt-kilivila-tomaidona-4,6-16-6-3-564-pt-kilivila-tomaidona,owa-onomigana-1,,,,4,45581,
6-16-6-3-564-pt-kilivila-tomaidona-5,6-16-6-3-564-pt-kilivila-tomaidona,mota-avawosua-1,,,,5,45582,
6-16-6-4-565-nng-mangap-yok-1,6-16-6-4-565-nng-mangap-yok,mangap-yok-1,,,,1,45583,
6-16-6-4-565-nng-mangap-yok-2,6-16-6-4-565-nng-mangap-yok,gumawana-kabakatuguyala-1,,,,2,45584,
6-16-6-4-565-nng-mangap-yok-3,6-16-6-4-565-nng-mangap-yok,babatana-padokorisi-1,,,,3,45585,
6-16-6-4-565-nng-mangap-yok-4,6-16-6-4-565-nng-mangap-yok,bugotu-lopoiguema-1,,,,4,45586,
6-16-6-4-565-nng-mangap-yok-5,6-16-6-4-565-nng-mangap-yok,gela-levu-1,,,,5,45587,
6-16-6-4-565-nng-mangap-yok-6,6-16-6-4-565-nng-mangap-yok,gela-louloulima-1,,,,6,45588,
6-16-6-4-565-nng-mangap-yok-7,6-16-6-4-565-nng-mangap-yok,toabaita-kadeeaba-1,,,,7,45589,
6-16-6-4-565-nng-mangap-yok-8,6-16-6-4-565-nng-mangap-yok,lau-fatafaa-1,,,,8,45590,
6-16-6-4-565-nng-mangap-yok-9,6-16-6-4-565-nng-mangap-yok,lau-kadeaba-1,,,,9,45591,
6-16-6-4-565-nng-mangap-yok-10,6-16-6-4-565-nng-mangap-yok,arosi-mamoku-1,,,,10,45509,
6-16-6-4-565-nng-mangap-yok-11,6-16-6-4-565-nng-mangap-yok,saa-mapou-1,,,,11,45592,
6-16-6-4-565-nng-mangap-yok-12,6-16-6-4-565-nng-mangap-yok,ulawa-anisusu-1,,,,12,45593,
6-16-6-4-565-nng-mangap-yok-13,6-16-6-4-565-nng-mangap-yok,mota-alomalukpanei-1,,,,13,45594,
6-16-6-4-565-nng-mangap-yok-14,6-16-6-4-565-nng-mangap-yok,raga-adunlima-1,,,,14,45595,
