ID,Description,Source,Name,Form_ID,Comment,Doubt,Level
4-2-3-None-28-POc-ikan-a,fish,,Sikan,pan-sikan-1,,,PAn
4-2-4-None-30-POc-bakewa-a,shark (generic),,bakewa,poc-bakewa-1,,,POc
4-2-4-None-31-POc-maewa-a,k.o. shark,,maŋewa,poc-maewa-1,,,POc
4-2-4-None-32-POc-karawa-a,k.o. shark,,kʷarawa,poc-karawa-1,,,POc
4-2-4-None-32-PCP-qaso-a,k.o. large shark,,qaso,pcp-qaso-1,,,PCP
4-2-5-None-34-POc-pari-a,stingray,,paRiS,pan-paris-1,,,PAn
4-2-5-None-35-POc-parimanuk-a,? ray,,paRih manuk,pmp-parihmanuk-1,,,PMP
4-2-6-None-36-POc-kuro-a,edible marine fish,,kuRaw,pmp-kuraw-1,,,PMP
4-2-6-None-37-POc-pupulan-a,"a white fish, _Megalops cyprinoides_",,bulan-bulan,pmp-bulanbulan-1,,,PMP
4-2-7-None-38-POc-paya-a,"k.o. small fish, sardine or anchovy",,paya,pmp-paya-1,,,PMP
4-2-7-None-38-POc-jaja-a,"small fish, herring or anchovy",,jaja,poc-jaja-1,,,POc
4-2-7-None-38-POc-tanipa-a,"Sardinella spp., sardine",,tanipa,poc-tanipa-1,,,POc
4-2-7-None-39-PCP-niva-a,_Sardinella_ spp.,,niva,pcp-niva-1,,,PCP
4-2-7-None-39-POc-karu-a,"_Sardinella_, sardine",,kʷaru,poc-karu-1,,,POc
4-2-7-None-40-POc-kepa-a,"Clupeidae, probably sardine sp.",,kepʷa,poc-kepa-1,,,POc
4-2-7-None-40-POc-saiwara-a,"Clupeidae, sardine or herring",,"s(a,i)waRa",poc-saiwara-1,,,POc
4-2-7-None-40-PEOc-buma-a,"k.o. fish, possibly sardine",,buma,peoc-buma-1,,,PEOc
4-2-8-None-41-POc-qawaq-a,"_Chanos chanos_, milkfish",,"qawa, qawan",pmp-qawaqawan-1,,,PMP
4-2-10-None-42-POc-kabora-a,"_Plotosus_ spp., catfish",,kaboRa,poc-kabora-1,,,POc
4-2-11-1-43-POc-tuna-a,freshwater eel,,tuNa,pan-tuna-1,,,PAn
4-2-11-2-44-POc-labasji-a,moray eel,,"[la]bʷa(s,j)i",poc-labasji-1,,,POc
4-2-11-2-44-PPn-pusi-a,"sea eel generic, _Gymnothorax_ spp.",,pusi,ppn-pusi-1,,,PPn
4-2-11-2-44-POc-balup-a,"k.o. eel, moray eel ?",,bʷalup,poc-balup-1,,,POc
4-2-11-2-45-PROc-dabea-a,"_Gymnothorax_, moray eel",,dābea,proc-dabea-1,,,PROc
4-2-11-3-45-PROc-bonu-a,"k.o. eel, probably conger",,bonu,proc-bonu-1,,,PROc
4-2-11-3-46-PROc-baku-a,conger eel,,baku,proc-baku-1,,,PROc
4-2-11-5-46-POc-malayo-a,"sea eel, possibly generic",,malayo,poc-malayo-1,,,POc
4-2-11-5-46-PROc-maraya-a,sea eel,,maraya,proc-maraya-1,,,PROc
4-2-11-5-47-POc-kqasuli-a,"Anguillidae, freshwater eel",,kasuli,pmp-kasuli-1,,,PMP
4-2-11-5-47-POc-tdoloq-a,k.o. eel,,"(t,d)oloq",poc-tdoloq-1,,,POc
4-2-11-5-48-PEOc-pulewa-a,k.o. eel,,pulewa,peoc-pulewa-1,,,PEOc
4-2-12-None-48-POc-magarut-a,"Exocoetidae, flying fish",,mʷagaRut,poc-magarut-1,,,POc
4-2-13-None-49-POc-rije-a,"_Hemiramphus_, halfbeak",,Rije,poc-rije-1,,,POc
4-2-13-None-50-POc-sipa-a,_Hemiramphus_ spp.,,sipa,poc-sipa-1,,,POc
4-2-13-None-50-POc-makor-a,"_Hemiramphus_, garfish",,mʷakoR,poc-makor-1,,,POc
4-2-13-None-51-POc-saku-a,needlefish,,saku,pmp-saku-1,,,PMP
4-2-13-None-51-POc-panapa-a,garfish and needlefish taxon,,panapa,poc-panapa-1,,,POc
4-2-13-None-52-POc-sao-a,k.o. long tom,,sao,poc-sao-1,,,POc
4-2-14-None-53-POc-taraqan-a,"_Holocentrus_ spp., squirrelfish",,taRaqan,pmp-taraqan-1,,,PMP
4-2-14-None-54-POc-kururu-a,"_Myripristis_ spp., squirrelfish",,kuru[ru],poc-kururu-1,,,POc
4-2-14-None-55-POc-jori-a,"squirrelfish, possibly generic",,jori,poc-jori-1,,,POc
4-2-14-None-55-PROc-malau-a,"squirrelfish, possibly generic for a number of spp.",,mʷalau,proc-malau-1,,,PROc
4-2-16-None-56-POc-puqaya-a,"_Hippocampus_ sp., seahorse",,buqaya,pmp-buqaya-1,,,PMP
4-2-18-None-58-POc-kanase-a,mullet,,kanasay,pmp-kanasay-1,,,PMP
4-2-18-None-59-POc-kqaruas-a,"young growth stage of mullet, _Neomyxus chaptalii_",,qaRuas,pmp-qaruas-1,,,PMP
4-2-18-None-60-POc-karapa-a,k.o. fish,,kaRapa,poc-karapa-1,,,POc
4-2-19-None-60-POc-sarara-a,"sardine-like fish, possibly Atherinidae",,sara(Ra),poc-sarara-1,,,POc
4-2-20-None-61-POc-qonos-a,"mature _Sphyraena_ spp., possibly generic for all barracuda",,qonos,poc-qonos-1,,,POc
4-2-20-None-62-POc-qalu-a,barracuda,,qalu,pmp-qalu-1,,,PMP
4-2-20-None-62-POc-malisa-a,barracuda,,malisa,poc-malisa-1,,,POc
4-2-20-None-63-POc-barawarddrraq-a,"_Sphyraena_ sp., possibly _Sphyraena jello_, the slender or pickhandle sea pike",,"bʷara-wa(r,d,dr,R)a(q)",poc-barawarddrraq-1,,,POc
4-2-20-None-63-POc-qutur-a,"_Sphyraena_ sp., barracuda",,qutur,poc-qutur-1,,,POc
4-2-20-None-63-PROc-moto-a,k.o. fish,,moto,proc-moto-1,,,PROc
4-2-20-None-64-PMic-tarawa-a,barracuda,,tarawa,pmic-tarawa-1,,,PMic
4-2-22-None-64-POc-kurapu-a,_Epinephelus_ sp.,,kuRapu,pmp-kurapu-1,,,PMP
4-2-22-None-65-POc-koto-a,"kind of striped or spotted marine fish, _Epinephelus_ sp.",,keRteŋ,pmp-kerte-1,,,PMP
4-2-22-None-65-POc-baba-a,fish sp.,,baŋbaŋ,pmp-baba-1,,,PMP
4-2-22-None-66-POc-donou-a,"spotted rock cod, taxon including Cephalopholis and _Plectropomus_ spp.",,"don(o,u)",poc-donou-1,,,POc
4-2-22-None-66-POc-kawakawa-a,"rock cod, grouper",,kawa-kawa,poc-kawakawa-1,,,POc
4-2-22-None-67-POc-kalika-a,"Epinephelidae, rock cod",,kalika,poc-kalika-1,,,POc
4-2-26-None-69-POc-qatule-a,"_Trachurops crumenophthalmus_, the big-eyed scad",,qatulay,pmp-qatulay-1,,,PMP
4-2-26-None-69-POc-pilu-a,"_Caranx_ spp., trevally",,bilu[bilu],pmp-bilubilu-1,,,PMP
4-2-26-None-70-POc-qulua-a,carangid,,qulua,poc-qulua-1,,,POc
4-2-26-None-70-POc-mamula-a,carangid,,mamula,poc-mamula-1,,,POc
4-2-26-None-71-POc-laci-a,dolphinfish,,lajih,pmp-lajih-1,,,PMP
4-2-26-None-72-POc-kamari-a,"_Elagatis bipinnulata_, rainbow runner",,kamaRi,poc-kamari-1,,,POc
4-2-26-None-72-PPn-mala-a,k.o. fish,,mala,ppn-mala-1,,,PPn
4-2-26-None-72-PEOc-taliku-a,Carangid,,taliku,peoc-taliku-1,,,PEOc
4-2-26-None-72-PROc-lubo-a,_Caranx_ spp.,,lubo,proc-lubo-1,,,PROc
4-2-27-None-73-POc-palata-a,fish sp.,,palata,pmp-palata-1,,,PMP
4-2-29-None-74-POc-sulik-a,"_Caesio_ sp., fusilier",,sulig,pmp-sulig-1,,,PMP
4-2-30-None-75-POc-qutur-a,green job fish,,qutur,pmp-qutur-1,,,PMP
4-2-30-None-76-POc-bapwa-a,"_Lutjanus_ spp., snapper",,"bʷa[p,w]a",poc-bapwa-1,,,POc
4-2-30-None-76-POc-sabutu-a,snapper (_Lutjanus_ sp. or _Lutjanus_ spp.) or emperor (_Lethrinus_ sp. or _Lethrinus_ spp.),,sabutu,poc-sabutu-1,,,POc
4-2-30-None-77-POc-taraqea-a,"_Lutjanus_ spp., snapper, sea perch",,ta(Ra)qea,poc-taraqea-1,,,POc
4-2-30-None-77-POc-tasiwa-a,_Lutjanus_ spp.,,tasiwa,poc-tasiwa-1,,,POc
4-2-30-None-77-POc-paea-a,red _Lutjanus_ spp.,,"p(a,e)ŋa",poc-paea-1,,,POc
4-2-30-None-78-POc-kiepv-a,"_Lutjanus_ spp., sea perch",,"k(i,e)pV",poc-kiepv-1,,,POc
4-2-30-None-78-PPn-palu-a,oilfish; deep-sea snapper,,palu,ppn-palu-1,,,PPn
4-2-31-None-79-POc-marotv-a,_Nemipterus_ spp.,,marotV,poc-marotv-1,,,POc
4-2-33-None-79-PROc-matu-a,"_Gerres_ spp., silver biddy",,matu,proc-matu-1,,,PROc
4-2-34-None-80-POc-kqumutur-a,"_Plectorhinchus_ spp., sweetlips",,"(k,q)umutuR",poc-kqumutur-1,,,POc
4-2-34-None-80-POc-lau-a,"_Plectorhinchus_ spp., banded sweetlips",,lau,poc-lau-1,,,POc
4-2-36-None-81-POc-kulabo-a,"_Gnathodentex_ spp., _Scolopsis_ spp.",,kulambar,pmp-kulambar-1,,,PMP
4-2-36-None-81-POc-kasika-a,"large emperor, _Lethrinus_ sp.",,kasika,poc-kasika-1,,,POc
4-2-36-None-82-POc-surup-a,_Lethrinus_ spp.,,surup,poc-surup-1,,,POc
4-2-36-None-82-POc-susul-a,_Lethrinus_ spp.,,susul,poc-susul-1,,,POc
4-2-36-None-83-POc-okaoka-a,"k.o. fish, possibly _Lethrinus_ spp.",,[oka]oka,poc-okaoka-1,,,POc
4-2-36-None-83-POc-kora-a,"emperor, Lethrinidae",,koraŋ,poc-kora-1,,,POc
4-2-36-None-83-POc-kawao-a,"k.o. fish, probably _Lethrinus_ sp.",,kawaŋo,poc-kawao-1,,,POc
4-2-36-None-83-PEOc-nuosa-a,_Lethrinus_ sp.,,"n(u,o)sa",peoc-nuosa-1,,,PEOc
4-2-37-None-84-POc-tiqo-a,goatfish,,Ciqaw,pan-ciqaw-1,,,PAn
4-2-37-None-85-PPn-wete-a,"k.o. goatfish, including _Mulloidichthys_",,wete,ppn-wete-1,,,PPn
4-2-37-None-85-POc-macasi-a,goatfish,,mʷacasi,poc-macasi-1,,,POc
4-2-37-None-85-POc-suasua-a,goatfish,,sua-sua,poc-suasua-1,,,POc
4-2-37-None-86-POc-kalo-a,growth stage of goatfish,,kalo,poc-kalo-1,,,POc
4-2-37-None-86-POc-sapulu-a,goatfish spp.,,sapulu,poc-sapulu-1,,,POc
4-2-37-None-86-PWOc-pirriturrs-a,k.o. goatfish,,"pʷi(r,R)itu(r,R,s)",pwoc-pirriturrs-1,,,PWOc
4-2-39-None-87-POc-makaour-a,"Kyphosidae, drummer",,"maka(o,u)r",poc-makaour-1,,,POc
4-2-39-None-87-PROc-raenuae-a,"_Kyphosus_, rudderfish",,"r(a,e)nu(a,e)",proc-raenuae-1,,,PROc
4-2-41-None-88-POc-bunar-a,batfish,,buna,pmp-buna-1,,,PMP
4-2-42-None-89-POc-bebek-a,"generic for Chaetodontidae, coralfish and butterflyfish",,bebek,poc-bebek-1,,,POc
4-2-42-None-89-POc-tipitipi-a,Chaetodontidae,,tipi-tipi,poc-tipitipi-1,,,POc
4-2-43-None-90-POc-buriburi-a,"k.o. fish, possibly angelfish",,buRi-buRi,poc-buriburi-1,,,POc
4-2-44-None-90-POc-mutu-a,damselfish,,mutu,pmp-mutu-1,,,PMP
4-2-44-None-91-POc-takutaku-a,"small coral fish, damselfish or similar",,taku-takuŋ,poc-takutaku-1,,,POc
4-2-46-None-92-POc-mamin-a,"wrasse, _Cheilinus_ spp.",,mamin,pmp-mamin-1,,,PMP
4-2-46-None-93-POc-taaparr-a,"large wrasse, including _Cheilinus_ sp.",,"taŋapa(R,r)",poc-taaparr-1,,,POc
4-2-46-None-93-POc-babu-a,"_Cheilinus_ spp., Maori wrasse",,babu,poc-babu-1,,,POc
4-2-46-None-94-POc-merari-a,wrasse or parrotfish,,merari,poc-merari-1,,,POc
4-2-46-None-94-POc-tapu-a,_Labridae_ sp.,,tapu,poc-tapu-1,,,POc
4-2-46-None-94-PEOc-lapi-a,wrasse,,lapi,peoc-lapi-1,,,PEOc
4-2-47-None-95-POc-kqulapi-a,parrotfish,,"[(k,q)]ulapi",pmp-kqulapi-1,,,PMP
4-2-47-None-96-POc-kamaiutuq-a,"_Bolbometopon_, double-headed parrotfish",,"kam(a,i,u)tuq",poc-kamaiutuq-1,,,POc
4-2-47-None-97-POc-kosa-a,k.o. parrotfish,,kosa,poc-kosa-1,,,POc
4-2-47-None-97-POc-melnaamalnea-a,k.o. parrotfish,,"me[l,n]aŋa~ma[l,n]eŋa",poc-melnaamalnea-1,,,POc
4-2-47-None-97-POc-mkarawa-a,green parrotfish spp.,,"[m,k]arawa",poc-mkarawa-1,,,POc
4-2-47-None-98-POc-mamanu-a,_Scarus_ spp.,,(ma)manu,poc-mamanu-1,,,POc
4-2-47-None-98-POc-bos-a,"_Scarus_ sp., k.o. parrotfish",,bʷos,poc-bos-1,,,POc
4-2-49-None-99-POc-kakawa-a,"goby, blenny",,kakawa,poc-kakawa-1,,,POc
4-2-50-None-100-PEOc-bakopu-a,"k.o. fish, possibly _Eleotris_ sp.",,bakopu,peoc-bakopu-1,,,PEOc
4-2-51-None-100-POc-jinana-a,whitebait,,jinŋana,poc-jinana-1,,,POc
4-2-54-None-101-POc-qume-a,"unicorn fish, _Naso_ spp.",,qumay,pmp-qumay-1,,,PMP
4-2-54-None-102-POc-tarat-a,"Naso spp., unicornfish",,taRat,pmp-tarat-1,,,PMP
4-2-54-None-102-POc-maonurv-a,"_Naso_ sp., unicornfish",,"m(a,o)nuRV",poc-maonurv-1,,,POc
4-2-54-None-103-POc-piraq-a,_Zebrasoma veliferum_,,biRaq,pmp-biraq-1,,,PMP
4-2-54-None-103-POc-birrapa-a,"_Acanthurus lineatus_, blue-lined surgeonfish",,"bi[r,R]apa",poc-birrapa-1,,,POc
4-2-54-None-103-POc-mara-a,"_Acanthurus_ sp., possibly _Acanthurus xanthopterus_, yellowfin surgeonfish",,maRa,poc-mara-1,,,POc
4-2-54-None-103-POc-katawan-a,fish sp.,,katawan,pmp-katawan-1,,,PMP
4-2-54-None-103-POc-qapalir-a,surgeonfish,,paliR,pmp-palir-1,,,PMP
4-2-54-None-104-POc-sjabi-a,"_Acanthurus_ spp., incl. _Acanthurus guttatus_, white-spotted surgeonfish",,"[s,j]abiŋ",poc-sjabi-1,,,POc
4-2-54-None-104-POc-qaroo-a,_Acanthurus_ spp.,,qaroŋo,pmp-qaroo-1,,,PMP
4-2-54-None-105-POc-kiriau-a,Acanthuridae,,"kir[i,au]",poc-kiriau-1,,,POc
4-2-54-None-105-POc-bolo-a,"small dark surgeonfish, possibly _Ctenochaetus_",,bolo,poc-bolo-1,,,POc
4-2-54-None-106-PEOc-bonea-a,generic for various small Acanthuridae,,"bon(e,a)",peoc-bonea-1,,,PEOc
4-2-54-None-106-POc-makqeto-a,"a dark fish, possibly _Ctenochaetus striatus_",,"ma(k,q)eto",poc-makqeto-1,,,POc
4-2-54-None-107-POc-balaki-a,_Acanthurus_ spp. and _Naso_ spp.,,"bala(ŋ,k)i",poc-balaki-1,,,POc
4-2-54-None-107-PROc-manini-a,"_Acanthurus triostegus_, convict tang",,manini,proc-manini-1,,,PROc
4-2-55-None-108-POc-kito-a,rabbitfish,,kiteŋ,pmp-kite-1,,,PMP
4-2-55-None-109-POc-muqu-a,k.o. fish,,muquŋ,pmp-muqu-1,,,PMP
4-2-55-None-109-POc-roro-a,growth stage of _Siganus_ spp.,,roRo,poc-roro-1,,,POc
4-2-55-None-109-POc-palaja-a,"_Siganus_ spp., rabbitfish",,palaja,poc-palaja-1,,,POc
4-2-55-None-110-POc-muror-a,"_Siganus argenteus_, silver or rabbit-faced spinefoot",,muroR,poc-muror-1,,,POc
4-2-55-None-110-POc-marawa-a,spinefoot sp.,,marawa,poc-marawa-1,,,POc
4-2-57-None-112-POc-qalun-a,"_Katsuwonus pelamis_, skipjack tuna",,qalun,poc-qalun-1,,,POc
4-2-57-None-113-PROc-tawatawa-a,growth stage of skipjack or dogtooth tuna,,tawa-tawa,proc-tawatawa-1,,,PROc
4-2-57-None-114-POc-tairi-a,"_Scomberomorus commerson_, Spanish mackerel",,taŋiRi,pmp-tairi-1,,,PMP
4-2-57-None-114-POc-walu-a,_Scombridae_ sp. or spp.,,walu,poc-walu-1,,,POc
4-2-57-None-115-POc-jalala-a,"_Rastrelliger_, k.o. small mackerel",,jalala,poc-jalala-1,,,POc
4-2-57-None-115-POc-takuao-a,"_Thunnus albacares_, yellowfin tuna",,"taku(a,o)",poc-takuao-1,,,POc
4-2-58-None-116-POc-sakulayar-a,"sailfish, swordfish",,saku-layaR,pmp-sakulayar-1,,,PMP
4-2-58-None-117-POc-pirupiru-a,Istiophoridae,,piRu-piRu,poc-pirupiru-1,,,POc
4-2-59-None-118-POc-lalali-a,"halibut, flounder",,alali,pcemp-alali-1,,,PCEMP
4-2-59-None-118-POc-lapaq-a,various flat fishes incl. sole and flounder,,lapaq,poc-lapaq-1,,,POc
4-2-60-None-119-POc-nnopuq-a,stonefish,,ñepuq,pmp-nepuq-1,,,PMP
4-2-61-None-121-POc-jumu-a,"Balistidae, triggerfish and possibly Monacanthidae, leatherjackets",,jumu,poc-jumu-1,,,POc
4-2-61-None-122-POc-bubu-a,"_Balistes_ taxon, triggerfish",,bubu,poc-bubu-1,,,POc
4-2-61-None-122-POc-barubaru-a,"_Balistes_ taxon, triggerfish",,[bʷaRu]bʷaRu,poc-barubaru-1,,,POc
4-2-61-None-123-POc-liolio-a,"_Pseudobalistes fuscus_, brown triggerfish",,lio-lio,poc-liolio-1,,,POc
4-2-62-None-124-POc-bareu-a,"_Ostracion_, boxfish",,bʷaReu,poc-bareu-1,,,POc
4-2-62-None-124-POc-toqa-a,"k.o. fish with toxic flesh, probably _Ostracion_",,toqa,poc-toqa-1,,,POc
4-2-62-None-124-POc-moa-a,boxfish,,moa,poc-moa-1,,,POc
4-2-63-None-125-POc-tarutum-a,"porcupinefish, _Diodon_ sp.",,"taRutu[m,ŋ]",pmp-tarutum-1,,,PMP
4-2-63-None-126-POc-potopoto-a,"pufferfish, porcupinefish",,[poto]poto,poc-potopoto-1,,,POc
4-2-63-None-127-POc-boeboe-a,pufferfish,,bʷoe-bʷoe,poc-boeboe-1,,,POc
4-2-63-None-127-POc-buli-a,pufferfish,,buli,poc-buli-1,,,POc
4-2-63-None-127-PCP-jexejexe-a,_Arothron_,,jexejexe,pcp-jexejexe-1,,,PCP
4-2-63-None-128-PROc-bakare-a,porcupine fish,,bʷakaRe,proc-bakare-1,,,PROc
4-2-66-1-129-POc-bira-a,"roe, fish eggs",,biRaS,pan-biras-1,,,PAn
4-2-66-2-129-POc-qasa-a,gills,,hasaŋ,pmp-hasa-1,,,PMP
4-2-66-2-130-POc-koro-a,gills,,koro,poc-koro-1,,,POc
4-2-66-2-130-POc-gara-a,gills,,gara,poc-gara-1,,,POc
4-2-66-3-131-POc-qunapi-a,scale of fish,,quSaNap,pan-qusanap-1,,,PAn
4-2-66-4-132-POc-banic-a,wing,,panij,pmp-panij-1,,,PMP
4-2-66-4-133-PEOc-kabakaba-a,to flap the wings,,kaba-kaba,peoc-kabakaba-1,,,PEOc
4-2-66-4-133-POc-kapikapi-a,fin,,kapi-kapi,pmp-kapikapi-1,,,PMP
4-2-66-4-133-POc-talia-a,pectoral fins,,taliŋa,poc-talia-1,,,POc
4-2-66-4-134-POc-siriko-a,dorsal fin,,siRik,pmp-sirik-1,,,PMP
4-2-66-4-134-PMic-ii-a,dorsal fin,,iŋi,pmic-ii-1,,,PMic
4-2-66-4-134-PWOc-siorra-a,fish fin,,"sio(R,r)a",pwoc-siorra-1,,,PWOc
4-2-66-5-134-POc-kobu-a,"abdomen, belly",,kempuŋ,pmp-kempu-1,,,PMP
4-2-66-6-135-PCP-voto-a,"thorn, prickle; spike or spines of a fish",,voto,pcp-voto-1,,,PCP
4-4-1-None-162-POc-paoda-a,gather seafood on the reef,,paŋoda,poc-paoda-1,,,POc
4-4-1-None-162-POc-pinaoda-a,"seafood gathered on the reef, edible sea invertebrates",,"p⟨in⟩aŋoda, piŋoda",poc-pinaodapioda-1,,,POc
4-4-3-1-165-POc-qura-a,"shrimp, lobster",,qudaŋ,pan-quda-1,,,PAn
4-4-3-2-167-POc-papaba-a,"_Parribacus_ sp. (Scyllaridae), slipper lobster",,[pa]paba,poc-papaba-1,,,POc
4-4-3-2-167-PCP-jabajaba-a,"_Parribacus_ sp. (Scyllaridae), slipper lobster",,jabajaba,pcp-jabajaba-1,,,PCP
4-4-3-3-168-PROc-lura-a,small shrimp,,luRa,proc-lura-1,,,PROc
4-4-3-4-169-POc-qayuyu-a,"coconut crab, _Birgus latro_",,qayuyu,pmp-qayuyu-1,,,PMP
4-4-3-4-170-POc-quma-a,hermit crab,,qumaŋ,pan-quma-1,,,PAn
4-4-3-4-171-POc-koba-a,hermit crab,,koba,poc-koba-1,,,POc
4-4-3-4-171-POc-katoqu-a,hermit crab,,kato(q)u,poc-katoqu-1,,,POc
4-4-3-5-172-POc-qalimao-a,mangrove crab,,qalimaŋaw,pmp-qalimaaw-1,,,PMP
4-4-3-5-173-POc-tubara-a,"probably generic for large land crabs, _Cardisoma_ spp.",,tubaRa,poc-tubara-1,,,POc
4-4-3-5-173-POc-rakumu-a,"k.o. large crab, probably a land crab",,rakum(u),poc-rakumu-1,,,POc
4-4-3-5-174-POc-kuka-a,"mudcrab, including _Sesarma_ sp. or spp., living in mangrove forest and mudflats",,kuka,poc-kuka-1,,,POc
4-4-3-5-175-POc-kape-a,"crab taxon, probably a rock crab (Grapsidae)",,kape,poc-kape-1,,,POc
4-4-3-5-176-POc-karuki-a,"sand crab, _Ocypoda_ sp.",,kaRuki,pmp-karuki-1,,,PMP
4-4-3-5-176-PEOc-karuve-a,"k.o. beach crab, probably _Ocypoda_ sp., ghost crab",,kaRuve,peoc-karuve-1,,,PEOc
4-4-3-5-177-PEOc-kakaka-a,"small shore crab, possibly _Ocypoda_ sp",,kakaka,peoc-kakaka-1,,,PEOc
4-4-3-5-177-POc-karaka-a,probably rock crab,,kaRakap,pmp-karakap-1,,,PMP
4-4-3-5-177-POc-gkalau-a,"k.o. shore crab, possibly a grapsid sp.",,"(g,k)alau",poc-gkalau-1,,,POc
4-4-3-7-179-ProtoMalaitaMakira-sisira-a,a barnacle or kind of small mollusc,,sisira,protomalaitamakira-sisira-1,,,Proto Malaita-Makira
4-4-3-7-179-PCP-jove-a,k.o. shellfish or barnacle,,jove,pcp-jove-1,,,PCP
4-4-3-9-180-PEOc-rami-a,crustacean roe,,Rami,peoc-rami-1,,,PEOc
4-4-4-2-181-POc-raa-a,"the spider conch, _Lambis lambis_",,"Raŋa, Raŋak, Raŋar",pmp-raaraakraar-1,,,PMP
4-4-4-2-182-POc-qalili-a,cat’s eye shell,,qaliliŋ,pmp-qalili-1,,,PMP
4-4-4-2-183-PEOc-matabuku-a,_Turbo_ spp.,,mata-buku,peoc-matabuku-1,,,PEOc
4-4-4-2-183-POc-tapuriq-a,conch shell trumpet,,tabuRiq,pmp-taburiq-1,,,PMP
4-4-4-2-184-POc-sisiq-a,edible snail,,sisi[q],pmp-sisiq-1,,,PMP
4-4-4-2-185-POc-buliq-a,cowrie shell,,buliq,pmp-buliq-1,,,PMP
4-4-4-2-186-POc-lalak-a,trochus shell,,lalak,pmp-lalak-1,,,PMP
4-4-4-2-187-PEOc-lako-a,cone or trochus shell,,lako,peoc-lako-1,,,PEOc
4-4-4-2-187-PSES-kome-a,armlets made from cone or trochus shell,,kome,pses-kome-1,,,PSES
4-4-4-2-188-POc-burua-a,_Murex_ sp.,,buRua,poc-burua-1,,,POc
4-4-4-3-189-POc-kima-a,"giant clam, _Tridacna_ spp.",,kima,pmp-kima-1,,,PMP
4-4-4-3-190-PEOc-bvasua-a,"large shellfish, perhaps a bivalve",,"(b,v)asua",peoc-bvasua-1,,,PEOc
4-4-4-3-191-POc-kasi-a,"to scrape; scraper or grater made from robust circular bivalve shell, such as _Asaphis_ and cockles",,kasi,poc-kasi-1,,,POc
4-4-4-3-191-POc-kari-a,"bivalve sp. or spp., possibly cockle, used as a scraper",,kaRi,poc-kari-1,,,POc
4-4-4-3-191-PPn-pipi-a,"probably general name for small or medium-sized circular bivalves, including cockles, _Asaphis_ spp.",,pipi,ppn-pipi-1,,,PPn
4-4-4-3-192-POc-kukur-a,"mussel sp. or spp., used as food grater or scraper",,kuku(r),poc-kukur-1,,,POc
4-4-4-3-193-POc-tirom-a,oyster (Ostreidae),,tiRem,pmp-tirem-1,,,PMP
4-4-4-3-193-POc-japi-a,"bivalve taxon, probably _Pinctada maxima_, gold-lipped pearl shell",,japi,poc-japi-1,,,POc
4-4-4-3-194-POc-yaroq-a,"black-lipped pearl, _Pinctada maxima_",,(y)aro(q),poc-yaroq-1,,,POc
4-4-4-3-194-PEOc-waroq-a,"probably black-lipped pearl, _Pinctada maxima_, possibly generic for _Pinctada_ spp.",,waro(q),peoc-waroq-1,,,PEOc
4-4-4-3-195-POc-sapuluq-a,"bivalve mollusc, possibly _Pinna_ sp.",,sapulu(q),poc-sapuluq-1,,,POc
4-4-4-3-195-POc-tuqe-a,"k.o. bivalve, possibly Lucinidae and allied families",,"tu(q)e, tu(q)e-tu(q)e",poc-tuqetuqetuqe-1,,,POc
4-4-4-3-196-POc-tape-a,k.o. bivalve,,tape,poc-tape-1,,,POc
4-4-4-3-196-PWOc-bio-a,k.o. mollusc or pearl shell,,bio,pwoc-bio-1,,,PWOc
4-4-4-3-196-PMM-game-a,k.o. mollusc,,game,pmm-game-1,,,PMM
4-4-4-3-197-POc-tuquasi-a,"bivalve taxon, probably ark or cockle shell; possibly also grater or spoon made from this",,tu(qu)asi,poc-tuquasi-1,,,POc
4-4-4-4-197-PEOc-tadruku-a,generic for chitons,,tadruku,peoc-tadruku-1,,,PEOc
4-4-4-4-198-PPn-mama-a,chiton,,mama,ppn-mama-1,,,PPn
4-4-4-6-199-POc-kurita-a,octopus,,kuRita,pan-kurita-1,,,PAn
4-4-4-6-200-POc-nusa-a,small reef squid (_Loligo_ spp.) and smaller cuttlefish (_Sepia_ spp.),,nusa,poc-nusa-1,,,POc
4-4-4-6-200-POc-nus-a,squid,,nus,poc-nus-1,,,POc
4-4-4-6-200-POc-managi-a,"larger cuttlefish, _Sepia_ sp. or spp.",,"mʷanagi, mʷamʷagi",poc-managimamagi-1,,,POc
4-4-4-7-201-PEOc-buru-a,"octopus ink, sepia",,buRu,peoc-buru-1,,,PEOc
4-4-4-7-201-POc-kawe-a,octopus tentacles,,gaway,pmp-gaway-1,,,PMP
4-4-4-7-201-POc-mata-a,the operculum or trapdoor of certain gastropod spp.,,mata,poc-mata-1,,,POc
4-4-5-1-203-POc-sarawaki-a,"k.o. sea urchin, probably _Echinometra_ sp. or spp.",,saRawaki,poc-sarawaki-1,,,POc
4-4-5-1-203-POc-salan-a,"k.o. sea urchin with long black spines, probably _Diadema_ sp. or spp.",,"sala(n,ŋ)",poc-salan-1,,,POc
4-4-5-1-203-PEOc-gina-a,k.o. sea urchin with long spines,,gina,peoc-gina-1,,,PEOc
4-4-5-1-204-PCP-wana-a,"sea urchin, probably _Diadema_ sp. and/or _Echinothrix_ spp.",,wana,pcp-wana-1,,,PCP
4-4-5-2-204-POc-pbula-a,k.o. sea cucumber,,"(p,b)ula",poc-pbula-1,,,POc
4-4-5-2-205-PCP-loli-a,sea cucumber taxon,,loli,pcp-loli-1,,,PCP
4-4-5-2-205-PCP-tarasea-a,sea cucumber taxon,,tarasea,pcp-tarasea-1,,,PCP
4-4-5-2-205-PCP-uuwalu-a,"k.o. sea cucumber, probably _Holothuria_ sp.",,ðuðu-walu,pcp-uuwalu-1,,,PCP
4-4-5-2-206-POc-qanupe-a,caterpillar or k.o. sea cucumber (indeterminate),,qanupe,poc-qanupe-1,,,POc
4-4-5-2-206-PEOc-qanupe-a,caterpillar,,qanupe,peoc-qanupe-1,,,PEOc
4-4-5-3-206-POc-saasaa-a,starfish,,saŋa-saŋa,pmp-saasaa-1,,,PMP
4-4-6-1-207-PROc-drumanei-a,anemone,,"druman(e,i)",proc-drumanei-1,,,PROc
4-4-6-1-207-POc-droman-a,leech,,droman,poc-droman-1,,,POc
4-4-6-2-208-POc-laje-a,coral,,lajay,pmp-lajay-1,,,PMP
4-4-6-2-208-POc-bua-a,"flower, blossom",,buŋa,pmp-bua-1,,,PMP
4-4-6-3-209-PCP-bakui-a,k.o. jellyfish or hydroid,,bak(u)i,pcp-bakui-1,,,PCP
4-4-6-3-210-PPn-kalukalu-a,k.o. jellyfish,,kalukalu,ppn-kalukalu-1,,,PPn
4-4-6-3-210-PSES-mama-a,k.o. anemone or jellyfish,,mama,pses-mama-1,,,PSES
4-4-6-3-210-PCP-bulewa-a,"an organism growing on rocks, possibly encrusting brown rock coral",,bulewa,pcp-bulewa-1,,,PCP
4-4-7-1-210-POc-ibo-a,"k.o. sandworm, probably _Sipunculus_ sp.",,ibo,poc-ibo-1,,,POc
4-4-7-2-211-POc-weli-a,"fireworm, sea centipede",,weli,poc-weli-1,,,POc
4-4-7-3-212-PEOc-oudu-a,"_Leodis viridis_, palolo worm",,"(o,u)du",peoc-oudu-1,,,PEOc
4-4-7-3-212-PCP-balolo-a,"_Leodis viridis_, palolo worm",,balolo,pcp-balolo-1,,,PCP
4-4-8-None-213-PPn-oma-a,sponge,,oma,ppn-oma-1,,,PPn
4-5-2-2-222-POc-wakin-a,wallaby,,wakin,pemp-wakin-1,,,PEMP
4-5-2-2-222-PPT-wagita-a,wallaby,,wagita,ppt-wagita-1,,,PPT
4-5-2-2-222-PNGOc-makan-a,"wallaby, _Macropus agilis_",,makan,pngoc-makan-1,,,PNGOc
4-5-2-3-225-POc-kkadrora-a,cuscus,,kandoRa,pcemp-kandora-1,,,PCEMP
4-5-2-3-226-POc-pudrdjou-a,species of possum or cuscus,,"pu(dr,d,j)(o,u)",poc-pudrdjou-1,,,POc
4-5-2-4-226-PNGOc-sirraesirrae-a,"_Petaurus breviceps_, sugar glider",,"si(r,R)(a,e)si(r,R)(a,e), di(r,R)(a,e)di(r,R)(a,e)",pngoc-sirraesirraedirraedirrae-1,,,PNGOc
4-5-2-5-228-POc-majar-a,"bandicoot, marsupial rat",,mansar,pcemp-mansar-1,,,PCEMP
4-5-2-8-231-POc-kasupe-a,rat,,kanzupay,pcemp-kanzupay-1,,,PCEMP
4-5-2-8-232-POc-labpou-a,"rat, mouse",,labaw,pmp-labaw-1,,,PMP
4-5-2-8-232-POc-palapo-a,"rat, mouse",,bualabaw,pmp-bualabaw-1,,,PMP
4-5-2-8-233-POc-kalapo-a,"rat, mouse",,kulabaw,pan-kulabaw-1,,,PAn
4-5-2-8-233-PPn-kuma-a,rat,,kumā,ppn-kuma-1,,,PPn
4-5-2-8-233-PNPn-kimoa-a,"rat, _Rattus exulans_",,kimoa,pnpn-kimoa-1,,,PNPn
4-5-2-8-234-PWOc-kotu-a,rat,,kotu,pwoc-kotu-1,,,PWOc
4-5-2-9-235-POc-beka-a,"flying fox, large fruit bat",,bʷeka,poc-beka-1,,,POc
4-5-2-9-236-POc-malibeka-a,"flying fox, large fruit bat",,mali-bʷeka,poc-malibeka-1,,,POc
4-5-2-9-236-POc-maliboi-a,flying fox,,mali-boŋi,poc-maliboi-1,,,POc
4-5-2-9-237-PCP-bekabeka-a,"small insectivorous, cave-dwelling bat",,beka-beka,pcp-bekabeka-1,,,PCP
4-5-3-1-238-POc-borok-a,domesticated pig,,beRek,pan-berek-1,,,PAn
4-5-3-1-239-POc-boukasi-a,pig,,"b(o,u)kas(i)",poc-boukasi-1,,,POc
4-5-3-1-239-POc-basa-a,"pig, possibly sow",,bʷasa,poc-basa-1,,,POc
4-5-3-1-240-PNCV-barabara-a,female pig,,bʷarabʷara,pncv-barabara-1,,,PNCV
4-5-3-2-241-ProtoNorthBougainville-kasi-a,dog,,kasi,protonorthbougainville-kasi-1,,,Proto North Bougainville
4-5-3-2-241-PWOc-kapuna-a,dog,,kapuna,pwoc-kapuna-1,,,PWOc
4-5-3-2-241-PNNG-gavun-a,dog,,gavun,pnng-gavun-1,,,PNNG
4-5-3-2-242-PWOc-kauwak-a,dog,,"ka(u,w)ak",pwoc-kauwak-1,,,PWOc
4-5-3-2-242-PWOc-paia-a,dog,,paia,pwoc-paia-1,,,PWOc
4-5-4-1-243-POc-rato-a,whale,,rato,poc-rato-1,,,POc
4-5-4-1-243-POc-purapuras-a,whale,,puRa-puRas,poc-purapuras-1,,,POc
4-5-4-1-244-PPn-tafouraqa-a,whale,,"taf(o,u)raqa",ppn-tafouraqa-1,,,PPn
4-5-4-1-245-POc-kurriap-a,dolphin,,kuriap,pemp-kuriap-1,,,PEMP
4-5-4-2-247-POc-ruyu-a,dugong,,duyuŋ,pmp-duyu-1,,,PMP
4-5-5-1-249-POc-ponu-a,turtle,,peñu,pan-penu-1,,,PAn
4-5-5-1-250-POc-kera-a,hawksbill turtle,,keRaŋ,pcemp-kera-1,,,PCEMP
4-5-5-1-251-POc-manakv-a,"green turtle, _Chelonia mydas_",,manak(V),poc-manakv-1,,,POc
4-5-5-2-252-POc-puqaya-a,crocodile,,buqaya,pan-buqaya-1,,,PAn
4-5-5-3-254-POc-karliupas-a,"large monitor lizard, _Varanus indicus_ and possibly other species",,"ka(r,l)(i,u)pa(s)",poc-karliupas-1,,,POc
4-5-5-3-254-POc-wakie-a,"k.o. lizard, possibly a monitor",,"wak(i,e)",poc-wakie-1,,,POc
4-5-5-3-254-POc-kguma-a,monitor lizard,,"(k,g)uma",poc-kguma-1,,,POc
4-5-5-3-255-PWOc-paria-a,k.o. big lizard,,paRia,pwoc-paria-1,,,PWOc
4-5-5-3-255-PAdm-watiri-a,"monitor lizard, _Varanus_ spp.",,watiRi,padm-watiri-1,,,PAdm
4-5-5-3-256-PCP-vokai-a,k.o. lizard,,vokai,pcp-vokai-1,,,PCP
4-5-5-3-256-POc-tok-a,"gecko, house lizard (onom.)",,tektek,pmp-tektek-1,,,PMP
4-5-5-3-257-POc-bili-a,k.o. lizard,,bili,poc-bili-1,,,POc
4-5-5-3-257-PSOc-gala-a,"green lizard, _Emoia_ sp.",,gala,psoc-gala-1,,,PSOc
4-5-5-3-258-PEOc-kalisiu-a,k.o. skink,,"kalis(i,u)",peoc-kalisiu-1,,,PEOc
4-5-5-3-258-POc-kukou-a,k.o. lizard,,"kuk(o,u)",poc-kukou-1,,,POc
4-5-5-3-259-POc-kaporu-a,k.o. lizard,,kapoRu,poc-kaporu-1,,,POc
4-5-5-4-259-POc-nipe-a,snake,,nipay,pmp-nipay-1,,,PMP
4-5-5-4-259-POc-mata-a,snake (generic),,mʷata,poc-mata-2,,,POc
4-5-5-4-260-POc-mogko-a,k.o. snake,,"mo(g,k)o",poc-mogko-1,,,POc
4-5-5-4-261-PWOc-sibi-a,k.o. snake,,sibi,pwoc-sibi-1,,,PWOc
4-5-5-4-261-PROc-takulasi-a,sea snake,,takulasi,proc-takulasi-1,,,PROc
4-5-6-None-263-POc-parrac-a,frog,,"pa(R,r)a(C)",poc-parrac-1,,,POc
4-5-6-None-263-POc-kurau-a,frog taxon,,kuRau,poc-kurau-1,,,POc
4-5-6-None-264-PNNG-karok-a,frog,,karok,pnng-karok-1,,,PNNG
4-5-6-None-264-POc-kekeke-a,k.o. frog,,[kʷe]kʷekʷe,poc-kekeke-1,,,POc
4-5-6-None-265-PMM-rokrok-a,bullfrog,,rokrok,pmm-rokrok-1,,,PMM
4-5-6-None-265-PSES-bari-a,large frog,,bʷari,pses-bari-1,,,PSES
4-5-6-None-265-PWOc-kuni-a,"frog, tadpole",,kuni,pwoc-kuni-1,,,PWOc
4-5-7-1-266-POc-bati-a,"tusk, canine tooth",,bati,poc-bati-1,,,POc
4-5-7-1-266-POc-lnipon-a,"tooth, tusk",,"[l,n]ipon",poc-lnipon-1,,,POc
4-5-7-1-267-PNGOc-joa-a,(boar’s) tusk,,joŋa,pngoc-joa-1,,,PNGOc
4-5-7-1-267-POc-ikur-a,tail,,ikuR,pan-ikur-1,,,PAn
4-5-7-2-268-POc-bodrda-a,turtle shell,,"bo(dr,d)a",poc-bodrda-1,,,POc
4-5-7-2-268-PEOc-qunap-a,"turtle shell, fish scales",,qunap,peoc-qunap-1,,,PEOc
4-6-1-None-269-POc-manuk-a,flying creature,,manuk,poc-manuk-1,,,POc
4-6-2-None-273-POc-pulu-a,"body hair, fur, feather, down, floss",,bulu,pmp-bulu-1,,,PMP
4-6-2-None-274-POc-ipu-a,"hair, feather",,ipu,poc-ipu-1,,,POc
4-6-2-None-274-POc-lawe-a,tail feather,,lawi,pmp-lawi-1,,,PMP
4-6-2-None-275-POc-kaba-a,wings; flutter,,kapak,pmp-kapak-1,,,PMP
4-6-2-None-276-PPn-kapakau-a,"wing, fin",,kapa-kau,ppn-kapakau-1,,,PPn
4-6-2-None-277-POc-uju-a,"mouth, lips, snout, beak",,ŋuju,poc-uju-1,,,POc
4-6-2-None-278-POc-kuku-a,"claw, finger, toenail",,kuSkuS,pmp-kuskus-1,,,PMP
4-6-2-None-278-POc-qatolur-a,"egg, testicle",,qateluR,pmp-qatelur-1,,,PMP
4-6-2-None-279-POc-nnikunuki-a,nest,,niku(i),pemp-nikui-1,,,PEMP
4-6-2-None-280-PCP-ova-a,nest,,ova,pcp-ova-1,,,PCP
4-6-2-None-280-POc-taup-a,lay egg,,tau(p),poc-taup-1,,,POc
4-6-2-None-280-PEOc-ovis-a,"brood, sit on eggs",,"ovi(s), ovis-i-",peoc-ovisovisi-1,,,PEOc
4-6-2-None-281-POc-ropok-a,to fly,,Rebek,pmp-rebek-1,,,PMP
4-6-2-None-281-POc-tappa-a,"glide, soar",,"ta(p,pʷ)a",poc-tappa-1,,,POc
4-6-2-None-281-POc-toki-a,peck,,toki,poc-toki-1,,,POc
4-6-4-None-284-POc-manuk-a,"bird, fowl",,manuk,pmp-manuk-1,,,PMP
4-6-4-None-284-POc-kokorako-a,"fowl, _Gallus gallus_, esp. male",,kokorako,poc-kokorako-1,,,POc
4-6-4-None-286-PPn-moa-a,fowl,,moa,ppn-moa-1,,,PPn
4-6-4-None-287-POc-qupa-a,"hen, egg-laying chicken",,qupa,pmp-qupa-1,,,PMP
4-6-5-1-288-POc-kasuari-a,cassowary,,kasawari,pcemp-kasawari-1,,,PCEMP
4-6-5-2-289-POc-kaoi-a,"heron, probably _Egretta_ sp.",,kao(i),poc-kaoi-1,,,POc
4-6-5-2-289-POc-kaopa-a,"heron, probably _Egretta_ sp.",,kaopa,poc-kaopa-1,,,POc
4-6-5-2-290-PNCV-qova-a,"heron, probably _Egretta_ sp.",,qova,pncv-qova-1,,,PNCV
4-6-5-2-290-PPT-boqe-a,"heron, _Egretta_ sp.",,boqe,ppt-boqe-1,,,PPT
4-6-5-2-291-POc-baro-a,"heron, probably _Egretta_ sp.",,bʷaro,poc-baro-1,,,POc
4-6-5-2-291-PSV-banie-a,heron,,bʷan(ie),psv-banie-1,,,PSV
4-6-5-2-291-POc-sou-a,heron,,sou,poc-sou-1,,,POc
4-6-5-2-292-ProtoCentralMicronesian-karau-a,_Egretta sacra_,,karau,protocentralmicronesian-karau-1,,,Proto Central Micronesian
4-6-5-2-292-PPn-matuku-a,"Reef Heron, _Egretta sacra_",,matuku,ppn-matuku-1,,,PPn
4-6-5-2-292-PCEPn-kautukukootuku-a,heron sp.,,kautuku~kootuku,pcepn-kautukukootuku-1,,,PCEPn
4-6-5-2-293-POc-ako-a,"Night Heron, _Nycticorax_ sp.",,ŋako,poc-ako-1,,,POc
4-6-5-2-293-PNCal-tila-a,"night heron, _Nycticorax_ sp.",,tila,pncal-tila-1,,,PNCal
4-6-5-3-293-POc-ara-a,wild duck,,ŋaRaq,pmp-araq-1,,,PMP
4-6-5-3-294-PEOc-raa-a,duck,,Raŋa,peoc-raa-1,,,PEOc
4-6-5-3-295-ProtoSouthMelanesian-lia-a,duck,,l(i)aŋ,protosouthmelanesian-lia-1,,,Proto South Melanesian
4-6-5-3-295-PPn-toloa-a,duck,,toloa,ppn-toloa-1,,,PPn
4-6-5-3-296-ProtoTahitic-mokola-a,duck,,mokolā,prototahitic-mokola-1,,,Proto Tahitic
4-6-5-4-296-POc-taragau-a,fish-eating eagle or hawk,,taragau,poc-taragau-1,,,POc
4-6-5-4-297-POc-manuklapuat-a,"White-bellied Sea Eagle, _Haliaeetus leucogaster_",,manuk-lapuat,poc-manuklapuat-1,,,POc
4-6-5-4-297-POc-manuka-a,sea eagle,,manuka,poc-manuka-1,,,POc
4-6-5-4-298-PAdm-manuwai-a,sea eagle,,manu(w)ai,padm-manuwai-1,,,PAdm
4-6-5-4-298-POc-bogi-a,"large bird of prey sp., possibly sea eagle",,bogi,poc-bogi-1,,,POc
4-6-5-4-298-POc-ba-a,sea eagle,,bʷaŋ,poc-ba-1,,,POc
4-6-5-4-299-POc-roqa-a,eagle,,roqa,poc-roqa-1,,,POc
4-6-5-4-299-POc-maya-a,"Osprey, _Pandion haliaetus_",,maya,poc-maya-1,,,POc
4-6-5-4-299-ProtoNorthwestSolomonic-katatakakata-a,"sea eagle, _Haliaeetus_",,katata~kakata,protonorthwestsolomonic-katatakakata-1,,,Proto Northwest Solomonic
4-6-5-4-299-PSES-tava-a,hawk or eagle,,tava,pses-tava-1,,,PSES
4-6-5-4-299-ProtoMalaitaMakira-fada-a,"sea eagle, _Haliaeetus_",,fada,protomalaitamakira-fada-1,,,Proto Malaita-Makira
4-6-5-4-300-ProtoMalaitaMakira-wakio-a,"Osprey, _Pandion haliaetus_",,wakio,protomalaitamakira-wakio-1,,,Proto Malaita-Makira
4-6-5-4-300-PNCal-bamara-a,fishing bird of prey,,bʷamara,pncal-bamara-1,,,PNCal
4-6-5-4-300-POc-kitso-a,"Crested Baza, _Aviceda subcristata_",,"ki(t,s)o",poc-kitso-1,,,POc
4-6-5-4-301-PNGOc-kisakisa-a,hawk or eagle,,kisakisa,pngoc-kisakisa-1,,,PNGOc
4-6-5-4-301-POc-luar-a,eagle,,luar,poc-luar-1,,,POc
4-6-5-4-302-POc-parra-a,hawk,,"pʷa(r,R)a",poc-parra-1,,,POc
4-6-5-4-302-POc-taouk-a,"hawk, bird of prey",,ta(ou)k,poc-taouk-1,,,POc
4-6-5-4-302-PWOc-kipa-a,hawk,,kipa,pwoc-kipa-1,,,PWOc
4-6-5-4-302-PWOc-kamaga-a,"eagle, hawk",,kamʷaga,pwoc-kamaga-1,,,PWOc
4-6-5-4-302-PPT-kitave-a,hawk,,kitave,ppt-kitave-1,,,PPT
4-6-5-4-303-PSOc-mala-a,hawk,,mala,psoc-mala-1,,,PSOc
4-6-5-4-303-ProtoCentralVanuatu-bala-a,"Pacific Marsh Harrier, _Circus approximans_",,bala,protocentralvanuatu-bala-1,,,Proto Central Vanuatu
4-6-5-4-304-ProtoSouthMelanesian-marup-a,falcon,,marup,protosouthmelanesian-marup-1,,,Proto South Melanesian
4-6-5-4-304-PNCal-de-a,"Pacific Marsh Harrier, _Circus approximans_",,deŋ,pncal-de-1,,,PNCal
4-6-5-4-304-PNCal-bakole-a,hawk or kite,,bʷakole,pncal-bakole-1,,,PNCal
4-6-5-5-305-POc-malau-a,"Bismarck Scrub Fowl, _Megapodius eremita_",,mʷalau,poc-malau-1,,,POc
4-6-5-5-306-POc-kaliau-a,"Bismarck Scrub Fowl, _Megapodius eremita_",,kʷal(i)au,poc-kaliau-1,,,POc
4-6-5-5-306-POc-kaiau-a,"Bismarck Scrub Fowl, _Megapodius eremita_",,k(a)iau,poc-kaiau-1,,,POc
4-6-5-6-307-POc-puruq-a,"quail, partridge",,puRuq,pan-puruq-1,,,PAn
4-6-5-7-307-POc-balare-a,"Purple Swamphen, _Porphyrio porphyrio_",,bʷalaRe,poc-balare-1,,,POc
4-6-5-7-308-POc-biru-a,"Purple Swamphen, _Porphyrio porphyrio_",,bʷiru,poc-biru-1,,,POc
4-6-5-7-308-POc-baeirisu-a,"Buff-banded Rail, _Rallus philippensis_",,"b(a,e,i)risu",poc-baeirisu-1,,,POc
4-6-5-7-308-PNCV-bbilake-a,Buff-banded          _Rallus philippensis_,,"(b,bʷ)ilake",pncv-bbilake-1,,,PNCV
4-6-5-7-309-PNCal-pitairi-a,rail,,"pit(a,i)ri",pncal-pitairi-1,,,PNCal
4-6-5-7-309-PNCal-bi-a,"Buff-banded Rail, _Rallus philippensis_",,biŋ,pncal-bi-1,,,PNCal
4-6-5-7-309-PCP-weka-a,"Buff-banded Rail, _Rallus philippensis_",,weka,pcp-weka-1,,,PCP
4-6-5-7-309-PPn-moso-a,"Sooty Crake, _Porzana tabuensis_",,mo(s)o,ppn-moso-1,,,PPn
4-6-5-8-310-POc-bune-a,"dove, _Treron_ sp.",,punay,pan-punay-1,,,PAn
4-6-5-8-311-POc-kuiba-a,"pigeon, probably _Ducula_ sp.",,ku(i)ba,poc-kuiba-1,,,POc
4-6-5-8-312-POc-baluc-a,"dove, _Ducula_ sp.",,baRuj,pan-baruj-1,,,PAn
4-6-5-8-313-POc-bona-a,"pigeon, _Ducula_ sp.",,bona,poc-bona-1,,,POc
4-6-5-8-314-PNCV-tutu-a,"Baker’s Pigeon, _Ducula bakeri_",,tutu,pncv-tutu-1,,,PNCV
4-6-5-8-314-PCP-rubve-a,"Pacific Pigeon, _Ducula pacifica_",,"ru(b,v)e",pcp-rubve-1,,,PCP
4-6-5-8-315-POc-gaumu-a,"Fruit Dove, _Ptilinopus_ sp.",,g(a)umu,poc-gaumu-1,,,POc
4-6-5-8-315-PSES-vaou-a,"Fruit Dove, _Ptilinopus_ sp.",,"va(o,u)",pses-vaou-1,,,PSES
4-6-5-8-315-PNCV-veru-a,"Fruit Dove, _Ptilinopus_ sp.",,vʷeru,pncv-veru-1,,,PNCV
4-6-5-8-315-PNCV-tobaka-a,"Fruit Dove, _Ptilinopus_ sp.",,tobaka,pncv-tobaka-1,,,PNCV
4-6-5-8-315-POc-kgupur-a,pigeon or dove,,"(k,g)upuR",poc-kgupur-1,,,POc
4-6-5-8-316-POc-lraumukko-a,omen dove,,-muken,pmp-muken-1,,,PMP
4-6-5-8-316-POc-butir-a,pigeon sp.,,butir,poc-butir-1,,,POc
4-6-5-8-316-PSOc-maraki-a,"Emerald Dove, _Chalcophaps indica_",,mʷaRaki,psoc-maraki-1,,,PSOc
4-6-5-8-317-PPn-tu-a,ground dove,,tū,ppn-tu-1,,,PPn
4-6-5-8-317-POc-woku-a,"Cuckoo Dove, _Macropygia_ sp.",,woku,poc-woku-1,,,POc
4-6-5-8-318-PSOc-taroapv-a,"White-throated Pigeon, _Columba vitiensis_",,taroap(v),psoc-taroapv-1,,,PSOc
4-6-5-8-318-PNCV-toava-a,"Mackinlay’s Cuckoo Dove, _Macropygia mackinlayi_",,toava,pncv-toava-1,,,PNCV
4-6-5-8-318-POc-kurlukurlu-a,pigeon sp.,,"(ku(r,l)u)ku(r,l)u",poc-kurlukurlu-1,,,POc
4-6-5-8-319-POc-kurau-a,pigeon sp.,,kurau,poc-kurau-2,,,POc
4-6-5-8-320-PEOc-belikeio-a,pigeon sp.,,"belik(e,i)o",peoc-belikeio-1,,,PEOc
4-6-5-8-320-PROc-soge-a,pigeon sp.,,soge,proc-soge-1,,,PROc
4-6-5-8-320-POc-baruruk-a,pigeon or dove sp.,,bʷaruruk,poc-baruruk-1,,,POc
4-6-5-9-321-PPT-karai-a,white cockatoo,,karai,ppt-karai-1,,,PPT
4-6-5-9-321-PPT-wakekekakawe-a,"Sulphur-crested Cockatoo, _Cacatua galerita_",,wakeke~kakawe,ppt-wakekekakawe-1,,,PPT
4-6-5-9-321-POc-kara-a,"male Eclectus Parrot, _Eclectus roratus_",,kaRa,poc-kara-1,,,POc
4-6-5-9-322-PWOc-kalraarr-a,"male Eclectus Parrot, _Eclectus roratus_",,"ka(l,R)aŋa(r,R)",pwoc-kalraarr-1,,,PWOc
4-6-5-9-323-POc-kkiloki-a,female Eclectus Parrot,,"(k,kʷ)ilo(ki)",poc-kkiloki-1,,,POc
4-6-5-9-323-POc-kirak-a,parrot sp.,,kiRak,poc-kirak-1,,,POc
4-6-5-9-324-POc-sipirri-a,"Rainbow Lory, _Trichoglossus haematodus_, or Cardinal Lory, _Chalcopsitta cardinalis_",,"sipi(r,R)i",poc-sipirri-1,,,POc
4-6-5-9-324-POc-sipi-a,"parrot, perhaps Cardinal Lory, _Chalcopsitta cardinalis_",,sipi,poc-sipi-1,,,POc
4-6-5-9-325-POc-siri-a,"parrot, perhaps Cardinal Lory, _Chalcopsitta cardinalis_",,siri,poc-siri-1,,,POc
4-6-5-9-326-POc-pirip-a,parrot sp.,,pʷiri(p),poc-pirip-1,,,POc
4-6-5-9-326-ProtoMalaitaMakira-kirori-a,parrot sp.,,kirori,protomalaitamakira-kirori-1,,,Proto Malaita-Makira
4-6-5-9-326-POc-kareas-a,small parrot sp.,,(ka)reŋas,poc-kareas-1,,,POc
4-6-5-9-327-POc-sea-a,parrot sp.,,seŋa,poc-sea-1,,,POc
4-6-5-9-327-POc-kkgilne-a,"Singing Parrot, _Geoffroyus heteroclitus_",,"(k,kʷ,g)i(l,n)e",poc-kkgilne-1,,,POc
4-6-5-9-328-POc-marewe-a,parrot,,marewe,poc-marewe-1,,,POc
4-6-5-9-328-PCP-kula-a,"Collared Lory, _Phigys solitarius_",,kula,pcp-kula-1,,,PCP
4-6-5-10-329-POc-seke-a,"cuckoo, possibly _Centropus_ sp.",,seke,poc-seke-1,,,POc
4-6-5-10-329-PSOc-lvvusi-a,cuckoo,,lVvusi,psoc-lvvusi-1,,,PSOc
4-6-5-10-329-PCP-kalewa-a,"Long-tailed Koel, _Urodynamis taitensis_",,kalewa,pcp-kalewa-1,,,PCP
4-6-5-10-330-PCP-kawekawesa-a,"Long-tailed Koel, _Urodynamis taitensis_",,kawekawesā,pcp-kawekawesa-1,,,PCP
4-6-5-10-330-PMic-likapilei-a,cuckoo,,(li)kapilei,pmic-likapilei-1,,,PMic
4-6-5-11-330-POc-kurudrdu-a,owl,,"kuru(dr,d)u",poc-kurudrdu-1,,,POc
4-6-5-11-331-POc-drudrurr-a,owl,,"drudru(r,R)",poc-drudrurr-1,,,POc
4-6-5-11-331-PROc-lulu-a,"Barn Owl, _Tyto alba_",,lulu,proc-lulu-1,,,PROc
4-6-5-11-332-POc-pora-a,owl,,pora,poc-pora-1,,,POc
4-6-5-11-333-PEOc-wisi-a,owl,,wisi,peoc-wisi-1,,,PEOc
4-6-5-11-333-PSV-sumit-a,"Barn Owl, _Tyto alba_",,sumʷit,psv-sumit-1,,,PSV
4-6-5-11-333-PNCal-men-a,"Barn Owl, _Tyto alba_",,mʷen,pncal-men-1,,,PNCal
4-6-5-12-334-POc-kabakabal-a,"swiftlet, Aerodramus or _Collocalia_ spp.",,kabakabal,poc-kabakabal-1,,,POc
4-6-5-12-334-PCP-bekabeka-a,swiftlet,,bekabeka,pcp-bekabeka-2,,,PCP
4-6-5-12-335-ProtoMalaitaMakira-sisiri-a,swiftlet,,sisiri,protomalaitamakira-sisiri-1,,,Proto Malaita-Makira
4-6-5-12-335-PNCal-bivilok-a,swiftlet,,bivilo(k),pncal-bivilok-1,,,PNCal
4-6-5-12-335-PROc-karlakarla-a,swiftlet,,"ka(r,l)aka(r,l)a",proc-karlakarla-1,,,PROc
4-6-5-13-336-POc-sjiko-a,kingfisher,,"(s,j)iko",poc-sjiko-1,,,POc
4-6-5-13-338-POc-kiokio-a,kingfisher,,ki(o)kio,poc-kiokio-1,,,POc
4-6-5-13-338-POc-kiki-a,kingfisher,,kiki,poc-kiki-1,,,POc
4-6-5-14-339-PWOc-uleo-a,"Dollar Bird, _Eurystomus orientalis_",,ule(o),pwoc-uleo-1,,,PWOc
4-6-5-14-339-POc-kikiroakikiora-a,"Dollar Bird, _Eurystomus orientalis_",,kikiroa~kikiora,poc-kikiroakikiora-1,,,POc
4-6-5-15-339-POc-binam-a,hornbill,,binam,poc-binam-1,,,POc
4-6-5-15-340-POc-kook-a,hornbill,,koŋo(k),poc-kook-1,,,POc
4-6-5-15-340-PWOc-komo-a,hornbill,,komo,pwoc-komo-1,,,PWOc
4-6-6-1-341-PNCal-tiak-a,"Melanesian Graybird, _Coracina caledonica_",,"tiā(k,ŋ)",pncal-tiak-1,,,PNCal
4-6-6-1-341-PCP-jeajea-a,"Spotted Triller, _Lalage maculosa_",,(jea)jea,pcp-jeajea-1,,,PCP
4-6-6-1-342-POc-pisu-a,"Cuckoo-shrike, _Coracina_ sp.",,pʷisu,poc-pisu-1,,,POc
4-6-6-2-342-PSOc-wasie-a,"Island Thrush, _Turdus poliocephalus_",,"was(i,e)",psoc-wasie-1,,,PSOc
4-6-6-3-343-POc-takere-a,"Fantail, _Rhipidura_ sp.",,takere,poc-takere-1,,,POc
4-6-6-3-343-POc-laki-a,fantail,,laki,poc-laki-1,,,POc
4-6-6-3-343-ProtoNorthwestSolomonic-pitikole-a,fantail,,pitikole,protonorthwestsolomonic-pitikole-1,,,Proto Northwest Solomonic
4-6-6-3-344-PNCV-vetevete-a,fantail,,vete-vete,pncv-vetevete-1,,,PNCV
4-6-6-3-344-PSOc-sora-a,fantail,,sora,psoc-sora-1,,,PSOc
4-6-6-3-344-PSES-riuriukabe-a,"Willie Wagtail, _Rhipidura leucophrys_",,riuriu[kabe],pses-riuriukabe-1,,,PSES
4-6-6-3-345-PEOc-parapara-a,flycatcher,,paRapaRa,peoc-parapara-1,,,PEOc
4-6-6-3-345-PEOc-kouvi-a,"Flycatcher, _Myiagra_ sp.",,"k(o,u)vi",peoc-kouvi-1,,,PEOc
4-6-6-4-345-POc-sau-a,"Golden Whistler, _Pachycephala pectoralis_",,sau,poc-sau-1,,,POc
4-6-6-5-345-PNCV-laka-a,"White-eye, _Zosterops_ sp.",,laka,pncv-laka-1,,,PNCV
4-6-6-6-346-POc-midi-a,honeyeater,,midi,poc-midi-1,,,POc
4-6-6-6-347-PROc-bvasilo-a,honeyeater,,"(b,v)asilo",proc-bvasilo-1,,,PROc
4-6-6-6-347-POc-ioli-a,honeyeater,,ioli,poc-ioli-1,,,POc
4-6-6-6-348-PNCV-batuimanu-a,"Cardinal Honeyeater, _Myzomela cardinalis_",,bʷatu-(i)-manu,pncv-batuimanu-1,,,PNCV
4-6-6-7-348-POc-pusira-a,"Starling, _Aplonis_ sp.",,pusiRa,poc-pusira-1,,,POc
4-6-6-7-348-POc-bisu-a,"Shining Starling, _Aplonis metallica_",,bʷisu,poc-bisu-1,,,POc
4-6-6-7-349-PPn-miti-a,"Striped Starling, _Aplonis tabuensis_",,miti,ppn-miti-1,,,PPn
4-6-6-7-349-PSES-ciilo-a,"Yellow-faced Mynah, _Mino dumontii_",,ciŋi(l)o,pses-ciilo-1,,,PSES
4-6-6-8-349-ProtoCentralVanuatu-bai-a,"White-breasted Wood Swallow, _Artamus leucorhynchus_",,bai,protocentralvanuatu-bai-1,,,Proto Central Vanuatu
4-6-6-8-349-PNCal-kin-a,"White-breasted Wood Swallow, _Artamus leucorhynchus_",,kʰiñ,pncal-kin-1,,,PNCal
4-6-6-9-350-POc-kaokao-a,"crow, _Corvus_ sp.",,(kao)kao,poc-kaokao-1,,,POc
4-6-6-9-350-PNGOc-karrokv-a,crow,,"ka(r,R)o(kV)",pngoc-karrokv-1,,,PNGOc
4-6-6-9-351-PNCal-kaka-a,"New Caledonian Crow, _Corvus moneduloides_",,kaka,pncal-kaka-1,,,PNCal
4-6-6-9-351-PNCal-heek-a,"New Caledonian Crow, _Corvus moneduloides_",,hʷeek,pncal-heek-1,,,PNCal
4-6-6-9-351-PPT-bayobayo-a,crow,,bʷayobʷayo,ppt-bayobayo-1,,,PPT
4-6-6-9-351-PNPn-mako-a,small bird sp.,,mako,pnpn-mako-1,,,PNPn
4-6-7-1-352-PROc-tinebu-a,petrel,,tinebu,proc-tinebu-1,,,PROc
4-6-7-1-352-POc-sabal-a,petrel or albatross,,saba(l),poc-sabal-1,,,POc
4-6-7-1-352-PROc-koro-a,petrel,,koro,proc-koro-1,,,PROc
4-6-7-1-352-PROc-taikok-a,petrel,,ta(i)ko(k),proc-taikok-1,,,PROc
4-6-7-1-353-PPn-lofa-a,petrel or other large sea bird,,lofa,ppn-lofa-1,,,PPn
4-6-7-2-353-PMic-tiku-a,tropic-bird,,"tiku, tuki",pmic-tikutuki-1,,,PMic
4-6-7-2-354-PPn-tawake-a,"White-tailed Tropic-bird, _Phaethon lepturus_",,tawake,ppn-tawake-1,,,PPn
4-6-7-3-355-PROc-pue-a,"Booby, _Sula_ sp.",,pue,proc-pue-1,,,PROc
4-6-7-3-356-PNPn-mauakena-a,"booby, Sula sp.",,(maua)kena,pnpn-mauakena-1,,,PNPn
4-6-7-3-356-PNPn-takupu-a,"Red-footed Booby, _Sula sula_",,takupu,pnpn-takupu-1,,,PNPn
4-6-7-3-356-PNPn-kanapu-a,"Brown Booby, _Sula leucogaster_",,kanapu,pnpn-kanapu-1,,,PNPn
4-6-7-3-357-PNPn-katoko-a,booby,,katoko,pnpn-katoko-1,,,PNPn
4-6-7-3-357-PROc-kemoa-a,booby,,kemoa,proc-kemoa-1,,,PROc
4-6-7-4-357-POc-drdaula-a,frigate bird,,"(dr,d)aula",poc-drdaula-1,,,POc
4-6-7-4-358-POc-katapa-a,frigate bird,,katapa,poc-katapa-1,,,POc
4-6-7-4-359-ProtoNorthwestSolomonic-belama-a,frigate bird,,belama,protonorthwestsolomonic-belama-1,,,Proto Northwest Solomonic
4-6-7-4-359-PNCal-kaidaan-a,frigate bird,,kaidaa(n),pncal-kaidaan-1,,,PNCal
4-6-7-5-359-POc-jipiu-a,wader,,jipiu,poc-jipiu-1,,,POc
4-6-7-5-360-PWOc-kiwiwi-a,sandpiper sp.,,kiwiwi,pwoc-kiwiwi-1,,,PWOc
4-6-7-5-360-POc-pipipi-a,small wader taxon,,pʷipipi,poc-pipipi-1,,,POc
4-6-7-5-361-PROc-kvlili-a,"Wandering Tattler, _Heteroscelus incanus_",,kVlili,proc-kvlili-1,,,PROc
4-6-7-5-361-PCP-tulii-a,"Pacific Golden Plover, _Pluvialis fulva_",,tuli(i),pcp-tulii-1,,,PCP
4-6-7-5-362-PPn-kiukiwi-a,shore bird taxon including _Pluvialis_ and _Numenius_,,kiu~kiwi,ppn-kiukiwi-1,,,PPn
4-6-7-5-363-PCEPn-torea-a,"Pacific Golden Plover, _Pluvialis fulva_",,tōrea,pcepn-torea-1,,,PCEPn
4-6-7-5-363-PMic-kulu-a,wader,,kulu,pmic-kulu-1,,,PMic
4-6-7-5-364-ProtoChuukicPonapeic-kuliua-a,plover,,"kul(i,u)ŋa",protochuukicponapeic-kuliua-1,,,Proto Chuukic-Ponapeic
4-6-7-5-364-PROc-kekekaka-a,wader,,keke~kaka,proc-kekekaka-1,,,PROc
4-6-7-5-364-PPn-lafulafulafu-a,wader sp.,,(lafu)lafulafu,ppn-lafulafulafu-1,,,PPn
4-6-7-5-364-ProtoNorthwestSolomonic-bvilikikti-a,"Beach Stone-Curlew, _Burhinus neglectus_",,"(b,v)ili[ki(k,t)i]",protonorthwestsolomonic-bvilikikti-1,,,Proto Northwest Solomonic
4-6-7-6-365-POc-kanawe-a,white bird,,kanaway,pmp-kanaway-1,,,PMP
4-6-7-6-366-POc-selekai-a,tern,,sele(kai),poc-selekai-1,,,POc
4-6-7-6-366-POc-keraekerae-a,tern,,"ker(a,e)(ker(a,e))",poc-keraekerae-1,,,POc
4-6-7-6-366-PMic-karakara-a,tern,,karakara,pmic-karakara-1,,,PMic
4-6-7-6-366-POc-kira-a,"White Tern, _Gygis alba_",,kiRa,poc-kira-1,,,POc
4-6-7-6-367-PMic-kiakia-a,"White Tern, _Gygis alba_",,kiakia,pmic-kiakia-1,,,PMic
4-6-7-6-367-POc-bauro-a,tern,,bʷauro,poc-bauro-1,,,POc
4-6-7-6-367-POc-golo-a,tern,,golo,poc-golo-1,,,POc
4-6-7-6-368-PAdm-bararaba-a,tern,,baraŋ~rabaŋ,padm-bararaba-1,,,PAdm
4-6-7-6-368-PPn-tala-a,tern,,tala,ppn-tala-1,,,PPn
4-6-7-6-369-PNPn-talapiti-a,"Black-naped Tern, _Sterna sumatrana_",,[ta]lapiti,pnpn-talapiti-1,,,PNPn
4-6-7-6-369-PCP-oo-a,"Common Noddy, _Anous stolidus_",,ŋoŋo,pcp-oo-1,,,PCP
4-6-7-6-369-PNPn-talakia-a,"White-capped Noddy, _Anous minutus_",,[ta]lakia,pnpn-talakia-1,,,PNPn
4-7-2-1-374-POc-kutu-a,louse,,kuCu,pan-kucu-1,,,PAn
4-7-2-2-375-POc-tuma-a,clothes louse,,tumeS,pan-tumes-1,,,PAn
4-7-2-3-375-POc-lisaq-a,"nit, louse egg",,liseqeS,pan-liseqes-1,,,PAn
4-7-2-3-376-PWOc-leja-a,nit,,lejaŋ,pwoc-leja-1,,,PWOc
4-7-2-3-376-PWOc-karroma-a,nit,,"ka(R,r)oma",pwoc-karroma-1,,,PWOc
4-7-2-4-377-POc-tirop-a,look intently,,tin[d]ap,pmp-tindap-1,,,PMP
4-7-2-4-377-POc-tapus-a,seek lice,,"tapu(s), tapus-i-",poc-tapustapusi-1,,,POc
4-7-2-4-377-PROc-pakit-a,search hair for lice,,"pakit, pakit-i-",proc-pakitpakiti-1,,,PROc
4-7-3-None-378-POc-kalibobo-a,butterfly,,qali-beŋbeŋ,pan-qalibebe-1,,,PAn
4-7-3-None-378-POc-kaubebek-a,"butterfly, moth",,[kau]bebek,poc-kaubebek-1,,,POc
4-7-3-None-379-PPT-qarabembem-a,butterfly,,qara-bembem,ppt-qarabembem-1,,,PPT
4-7-3-None-379-PWOc-bebelo-a,butterfly,,bebelo,pwoc-bebelo-1,,,PWOc
4-7-3-None-379-ProtoNorthwestSolomonic-pepele-a,butterfly,,pepele,protonorthwestsolomonic-pepele-1,,,Proto Northwest Solomonic
4-7-3-None-380-PNPn-pulelefua-a,k.o. moth,,[pu]lele-fua,pnpn-pulelefua-1,,,PNPn
4-7-4-None-381-POc-namuk-a,mosquito,,ñamuk,pmp-namuk-1,,,PMP
4-7-4-None-382-POc-simuk-a,"mosquito, small biting fly",,simuk,poc-simuk-1,,,POc
4-7-4-None-382-POc-makinit-a,mosquito,,ma-kini(t),poc-makinit-1,,,POc
4-7-4-None-383-POc-ii-a,"buzz, hum",,ŋiŋ,pmp-i-1,,,PMP
4-7-4-None-383-PWOc-atiati-a,mosquito,,ŋati-ŋati,pwoc-atiati-1,,,PWOc
4-7-5-None-384-POc-nikuniku-a,"tiny biting insect: gnat, sandfly, fruitfly",,"nik-nik, ñik-ñik",pmp-niknikniknik-1,,,PMP
4-7-5-None-384-POc-nonok-a,"gnat, sandfly, fruit fly",,nek-nek,pmp-neknek-1,,,PMP
4-7-5-None-384-POc-isji-a,sandfly,,"ŋi(s,j)i",poc-isji-1,,,POc
4-7-5-None-385-PWOc-kirrikirri-a,sandfly,,"ki(r,R)i-ki(r,R)i",pwoc-kirrikirri-1,,,PWOc
4-7-6-1-385-POc-lao-a,"botfly, bluebottle",,laŋaw,pmp-laaw-1,,,PMP
4-7-8-None-387-POc-kororo-a,bee,,kororo,poc-kororo-1,,,POc
4-7-8-None-388-POc-nninni-a,"bee, buzzing insect",,"(n,ñ)i(n,ñ)i",poc-nninni-1,,,POc
4-7-9-None-388-POc-pupuk-a,"weevil that infests wood, bamboo, and rice; dust produced by the boring of this insect; tooth decay, dental caries",,bukbuk,pmp-bukbuk-1,,,PMP
4-7-9-None-390-POc-manipo-a,k.o. wasp,,mañipo,poc-manipo-1,,,POc
4-7-9-None-390-POc-nninnipo-a,k.o. wasp,,"(n,ñ)i(n,ñ)ipo",poc-nninnipo-1,,,POc
4-7-9-None-390-PWOc-gumu-a,k.o. wasp,,gumu,pwoc-gumu-1,,,PWOc
4-7-10-None-391-POc-kadik-a,stinging black ant,,kadik,poc-kadik-1,,,POc
4-7-10-None-391-POc-loro-a,red tree ant,,loRo,pmp-loro-1,,,PMP
4-7-10-None-392-PPn-loqata-a,large ant,,lō-qata,ppn-loqata-1,,,PPn
4-7-10-None-392-POc-drui-a,ant,,drui,poc-drui-1,,,POc
4-7-10-None-393-POc-driudriu-a,small red or brown ants,,[driu]driu,poc-driudriu-1,,,POc
4-7-10-None-393-PWOc-didi-a,small ant,,didi,pwoc-didi-1,,,PWOc
4-7-11-None-394-POc-ane-a,"white ant, termite",,SayaN,pan-sayan-1,,,PAn
4-7-12-None-395-POc-sisirr-a,orthopterous insect,,"sisi(r,R)",poc-sisirr-1,,,POc
4-7-12-None-395-POc-ria-a,orthopterous insect,,riŋa,poc-ria-1,,,POc
4-7-12-None-396-PROc-liolio-a,"night insect, probably a cricket",,liŋo-liŋo,proc-liolio-1,,,PROc
4-7-12-None-396-POc-siko-a,grasshopper,,siko,poc-siko-1,,,POc
4-7-12-None-396-POc-saka-a,grasshopper or stick insect,,sakʷa,poc-saka-1,,,POc
4-7-12-None-397-POc-laele-a,cicada,,lalay,pan-lalay-1,,,PAn
4-7-12-None-397-PEOc-sjeqe-a,grasshopper ?,,"(s,j)eqe",peoc-sjeqe-1,,,PEOc
4-7-12-None-397-PPn-kalisi-a,"cicada, cricket",,kālisi,ppn-kalisi-2,,,PPn
4-7-12-None-397-PPn-wawa-a,orthopterous insect,,wāwā,ppn-wawa-1,,,PPn
4-7-13-None-398-POc-papa-a,"praying mantis, grasshopper",,(kali)papa,pmp-kalipapa-1,,,PMP
4-7-13-None-398-POc-mimismata-a,stick insect,,mimis-mata,poc-mimismata-1,,,POc
4-7-14-None-399-POc-qalipopot-a,firefly,,qali-petpet,pmp-qalipetpet-1,,,PMP
4-7-15-None-401-POc-tabururu-a,k.o. beetle,,tabuRuRu,poc-tabururu-1,,,POc
4-7-15-None-401-POc-kamak-a,"beetle, possibly longicom",,kamak,poc-kamak-1,,,POc
4-7-15-None-402-PSES-kolrokolro-a,beetle that attacks plants,,"ko[l,R]o-ko[l,R]o",pses-kolrokolro-1,,,PSES
4-7-16-None-402-POc-ipos-a,cockroach,,Sipes,pan-sipes-1,,,PAn
4-7-16-None-403-POc-musi-a,cockroach,,musi,poc-musi-1,,,POc
4-7-16-None-403-POc-karukaru-a,cockroach,,kʷaru-kʷaru,poc-karukaru-1,,,POc
4-7-16-None-403-PPn-moamoa-a,cockroach,,moŋa-moŋa,ppn-moamoa-2,,,PPn
4-7-17-None-404-POc-qapator-a,sago grub,,qabated,pmp-qabated-1,,,PMP
4-7-17-None-405-POc-munomuno-a,"caterpillar, grub",,muno[-muno],poc-munomuno-1,,,POc
4-7-18-None-406-POc-qalipan-a,centipede,,qalu-Sipan,pan-qalusipan-1,,,PAn
4-7-18-None-407-PWOc-mali-a,millipede,,mʷali-,pwoc-mali-1,,,PWOc
4-7-18-None-407-PPn-taqetuli-a,phosphorescent centipede/millipede,,taqe-tuli,ppn-taqetuli-1,,,PPn
4-7-20-None-409-POc-lawaq-a,spider,,lawaq,pan-lawaq-1,,,PAn
4-7-20-None-409-PPn-kalewelewe-a,"cobweb, spider",,ka-lewe-lewe,ppn-kalewelewe-1,,,PPn
4-7-20-None-409-POc-gagaogkagka-a,k.o. spider,,"gagao~(g,k)a(g,k)a-",poc-gagaogkagka-1,,,POc
4-7-20-None-410-POc-koko-a,spider,,koko,poc-koko-1,,,POc
4-7-20-None-411-PWOc-kuku-a,spider,,kuku,pwoc-kuku-1,,,PWOc
4-7-20-None-411-PWOc-kapbilaka-a,k.o. spider,,"ka(p,b)ilakʷa",pwoc-kapbilaka-1,,,PWOc
4-7-20-None-411-PCP-tukutuku-a,k.o. spider which lowers itself on a single thread,,tuku-tuku,pcp-tukutuku-1,,,PCP
4-7-22-1-412-POc-matamata-a,generic for worms and worm-like creatures,,mʷata-mʷata,poc-matamata-1,,,POc
4-7-22-2-413-POc-sulati-a,worm,,sulati,poc-sulati-1,,,POc
4-7-22-2-414-PNGOc-diman-a,k.o. worm,,dimʷan,pngoc-diman-1,,,PNGOc
4-7-22-2-414-PPn-kelemutu-a,"earthworm, grub",,kele-mutu,ppn-kelemutu-1,,,PPn
4-7-23-None-414-POc-quloc-a,maggot,,qulej,pan-qulej-1,,,PAn
4-7-23-None-415-POc-qulocan-a,have worms,,qulej-an,pmp-qulejan-1,,,PMP
4-7-23-None-416-POc-quloquloc-a,"lots of worms; crawling with worms, extremely wormy",,qulej-qulej,pmp-qulejqulej-1,,,PMP
4-7-24-None-416-PPn-mu-a,flying insect,,mū,ppn-mu-1,,,PPn
1-3-3-3-48-POc-rumaq-a,dwelling house,,Rumaq,pan-rumaq-1,,,PAn
1-3-3-3-49-POc-pale-a,open-sided building,,balay,pmp-balay-1,,,PMP
1-3-3-3-50-POc-kamalir-a,men's house,,kamaliR,pmp-kamalir-1,,,PMP
1-3-3-4-51-POc-gabari-a,the area underneath a raised house,,gabʷari-,poc-gabari-1,,,POc
1-3-3-4-51-PEOc-apu-a,"mound for house site, platform of earth on which a house is built",,apu,peoc-apu-1,,,PEOc
1-3-3-4-52-POc-kataman-a,"entrance to house, doorway",,kataman,poc-kataman-1,,,POc
1-3-3-4-53-POc-pupuan-a,"ridgepole, ridge of the roof",,bubuŋ,pmp-bubu-1,,,PMP
1-3-3-4-54-POc-qatop-a,thatch of sago palm leaves,,qatep,pmp-qatep-1,,,PMP
1-3-3-4-54-POc-raun-a,leaf,,daSun,pmp-dasun-1,,,PMP
1-3-3-4-55-POc-sajaq-a,cut or collect palm leaves for roofing,,"sasa(h,q)",pmp-sasahq-1,,,PMP
1-3-3-4-55-POc-kapit-a,fasten thatch with battens or slats,,kapit,pmp-kapit-1,,,PMP
1-3-3-4-55-POc-kaso-a,rafter,,kasaw,pmp-kasaw-1,,,PMP
1-3-3-4-55-POc-ariri-a,"house post, pillar",,SadiRi,pan-sadiri-1,,,PAn
1-3-3-4-55-POc-turus-a,house post,,turus,pmp-turus-1,,,PMP
1-3-3-4-56-POc-bou-a,"(?) main bearers supporting raised floor or roof structure, or centre post supporting ridgepole",,bou,poc-bou-1,,,POc
1-3-3-4-56-POc-sokar-a,"cross-seat in boat, thwart",,seŋkar,pmp-sekar-1,,,PMP
1-3-3-5-57-POc-logi-a,"partition, partitioned area",,logi,poc-logi-1,,,POc
1-3-3-5-57-POc-patar-a,shelf; bed-frame of wooden or bamboo laths,,pa(n)tar,pmp-pantar-1,,,PMP
1-3-3-5-58-POc-parra-a,"shelf, rack",,"pa(l,R)a",pmp-palra-1,,,PMP
1-3-3-5-58-POc-tete-a,foot-bridge,,titey,pmp-titey-1,,,PMP
1-3-3-5-58-POc-baban-a,"plank, board (of boat +)",,papan,pmp-papan-1,,,PMP
1-3-3-5-59-POc-pako-a,nail,,"pak(o,u)",pmp-pakou-1,,,PMP
1-3-3-6-59-POc-rapur-a,"hearth, fireplace",,dapuR,pmp-dapur-1,,,PMP
1-3-3-6-59-POc-qumun-a,oven made with hot stones; cook in a stone or earth oven,,qumun,poc-qumun-1,,,POc
1-3-3-6-60-POc-lua-a,"hole, pit, cave",,liaŋ,pmp-lia-1,,,PMP
1-3-3-6-60-POc-giru-a,"deep pit, (?) for grave or well",,"giRu, guRi",poc-giruguri-1,,,POc
1-3-3-6-60-POc-bara-a,"pen, enclosure for domestic animals",,"ba(l,r,R)a",pmp-balrra-1,,,PMP
1-3-3-6-61-POc-bayat-a,"fence, boundary marker",,bayat,poc-bayat-1,,,POc
1-3-3-6-61-POc-qarar-a,"fence, palisade",,"qa(l,R)ad",pan-qalrad-1,,,PAn
1-3-3-6-61-POc-jalan-a,"path, road",,zalan,pmp-zalan-1,,,PMP
1-3-3-7-62-POc-panua-a,"inhabited territory, where a community’s gardens, houses and other possessions are",,banua,pmp-banua-1,,,PMP
1-3-3-7-63-POc-pera-a,"(?) settlement, open space associated with a house or settlement",,pera,poc-pera-1,,,POc
1-3-3-7-63-POc-maelaqai-a,(?) open space in a settlement,,"m(a,e)laqai",poc-maelaqai-1,,,POc
1-3-3-7-64-POc-malala-a,"cleared land, land free of encumbrances, i.e. cleared of vegetation but not built on or planted",,mʷalala,poc-malala-1,,,POc
1-4-2-1-68-POc-kuron-a,clay cooking pot,,kuDen,pmp-kuden-1,,,PMP
1-4-2-1-69-PNGOc-badri-a,"k.o. large pot, possibly for water storage",,bʷad(r)i,pngoc-badri-1,,,PNGOc
1-4-2-1-70-POc-palaa-a,shallow earthenware cooking pot or pan,,balaŋa,pmp-balaa-1,,,PMP
1-4-2-1-70-POc-baa-a,"pot, cooking vessel",,báŋaq,pmp-baaq-1,,,PMP
1-4-2-1-70-PPT-naquq-a,clay dish,,na(q)u(q),ppt-naquq-1,,,PPT
1-4-2-1-71-POc-tutup-a,"close, cover",,tub-tub,pmp-tubtub-1,,,PMP
1-4-2-1-71-POc-tupan-a,"lid, cover",,tub-an,pmp-tuban-1,,,PMP
1-4-2-2-72-POc-tabira-a,wooden bowl,,tabiRa,poc-tabira-1,,,POc
1-4-2-2-73-PNGOc-gabom-a,wooden dish,,gabom,pngoc-gabom-1,,,PNGOc
1-4-2-2-73-PCP-kumete-a,large wooden bowl,,kumete,pcp-kumete-1,,,PCP
1-4-2-2-73-POc-bbilo-a,coconut shell used as liquid container,,"(b,bʷ)ilo",poc-bbilo-1,,,POc
1-4-2-2-73-POc-lasa-a,coconut half-shell cup,,lasa,poc-lasa-1,,,POc
1-4-2-2-74-POc-ubi-a,drinking vessel,,"ubi, ibu",pemp-ubiibu-1,,,PEMP
1-4-2-2-74-POc-kabu-a,"ladle, dipper",,ka(ŋ)bu(q),pmp-kabuq-1,,,PMP
1-4-2-2-75-POc-kulopi-a,"ladle, bailer",,kulopi,poc-kulopi-1,,,POc
1-4-2-2-75-POc-dragi-a,k.o. container,,d(r)ag(i),poc-dragi-1,,,POc
1-4-2-2-75-PSHWNG-waip-a,water container,,waip,pshwng-waip-1,,,PSHWNG
1-4-2-2-75-PROc-tapaya-a,"(gourd or coconut-shell) container, bottle",,tapaya,proc-tapaya-1,,,PROc
1-4-2-2-76-POc-joan-a,"plug, bung, stopper",,"joŋ-a(n,ŋ)",poc-joan-1,,,POc
1-4-2-2-76-POc-jojo-a,"cork, stopper, plug",,seŋseŋ,pan-sese-1,,,PAn
1-4-2-2-76-POc-burua-a,"cover, plug",,buruŋ(a),poc-burua-2,,,POc
1-4-2-2-76-PEOc-balu-a,"cover, lid, stopper",,bʷalu,peoc-balu-1,,,PEOc
1-4-2-2-77-POc-dramut-a,lime spatula,,d(r)amut,poc-dramut-1,,,POc
1-4-2-3-77-POc-katum-a,"basket, pocket in clothing",,ka(n)tuŋ,pmp-kantu-1,,,PMP
1-4-2-3-78-POc-laka-a,basket,,laka,poc-laka-1,,,POc
1-4-2-3-78-POc-tabbe-a,"basket, probably small",,"ta(b,bʷ)e",poc-tabbe-1,,,POc
1-4-2-3-78-PWOc-kase-a,k.o. basket,,kase,pwoc-kase-1,,,PWOc
1-4-2-3-78-PROc-kete-a,"belly, basket",,kete,proc-kete-1,,,PROc
1-4-2-3-79-POc-taa-a,"basket or bag, small, used for personal effects",,taŋa,poc-taa-1,,,POc
1-4-3-1-80-POc-qebal-a,"pandanus mat, possibly sleeping mat",,qebal,poc-qebal-1,,,POc
1-4-3-1-80-POc-tabakau-a,mat woven from coconut leaves,,tabakau,poc-tabakau-1,,,POc
1-4-3-1-81-PROc-bola-a,"coconut leaves woven together for any purpose, including mats, baskets, thatch",,bola,proc-bola-1,,,PROc
1-4-3-1-81-PEOc-ibe-a,mat,,ibe,peoc-ibe-1,,,PEOc
1-4-3-1-81-POc-patur-a,"plait, weave (mats, baskets +)",,batuR,pmp-batur-1,,,PMP
1-4-3-1-82-POc-ana-a,"plait (mats, baskets +)",,añam,pmp-anam-1,,,PMP
1-4-3-1-82-POc-paus-a,"weave, plait",,"paus, paus-i-",poc-pauspausi-1,,,POc
1-4-3-1-82-POc-tiki-a,plait (mat +),,tiki,poc-tiki-1,,,POc
1-4-3-1-82-POc-pai-a,weave,,pai,poc-pai-1,,,POc
1-4-3-1-83-POc-rara-a,heat s.t. or warm oneself by fire,,"raraŋ, raraŋ-i-",poc-rarararai-1,,,POc
1-4-3-2-83-POc-loqi-a,make thread by rolling fibres on the thigh,,loqi,poc-loqi-1,,,POc
1-4-3-2-83-POc-tali-a,"rope, cord, plaiting",,tali,poc-tali-1,,,POc
1-4-3-2-84-POc-piri-a,"twist, plait",,"piri(c,t)",pmp-pirict-1,,,PMP
1-4-3-2-84-PEOc-piripiri-a,twine round and round; thing made by braiding,,piri-piri,peoc-piripiri-1,,,PEOc
1-4-3-2-85-PEOc-pilos-a,make a cord by twisting fibres on the thigh,,"pilos, pilos-i-",peoc-pilospilosi-1,,,PEOc
1-4-3-2-85-PWOc-mali-a,braid large ropes (for use with canoes +),,mʷali,pwoc-mali-2,,,PWOc
1-4-3-2-85-POc-kapa-a,"cotton, thread",,kapat,pmp-kapat-1,,,PMP
1-4-3-2-85-POc-buku-a,"node (as in bamboo or sugarcane); joint; knuckle; knot in wood, string or rope",,buku,pmp-buku-1,,,PMP
1-4-3-2-86-POc-saqit-a,sew,,saqi(t),poc-saqit-1,,,POc
1-4-3-2-86-POc-susuk-a,skewer,,"cukcuk, suksuk",pmp-cukcuksuksuk-1,,,PMP
1-4-3-2-87-POc-susuri-a,bone (needle); sew,,(su)suRi,poc-susuri-1,,,POc
1-4-3-2-87-POc-sarum-a,needle,,zaRum,pmp-zarum-1,,,PMP
1-4-4-1-88-POc-kiram-a,axe or adze,,kiRam,pmp-kiram-1,,,PMP
1-4-4-1-89-POc-matau-a,axe,,matau,poc-matau-1,,,POc
1-4-4-1-89-POc-mmata-a,"point, cutting edge, sharp projection",,"(m,mʷ)ata-",poc-mmata-1,,,POc
1-4-4-1-90-POc-taku-a,adze,,ta(ŋ)kub,pmp-takub-1,,,PMP
1-4-4-1-90-POc-taraq-a,"hew, plane",,"(t,T)aRaq",pmp-ttaraq-1,,,PMP
1-4-4-1-90-POc-pparara-a,axe-adze handle,,paRada,pmp-parada-1,,,PMP
1-4-4-1-91-POc-piso-a,(bamboo) knife,,pisaw,pmp-pisaw-1,,,PMP
1-4-4-1-91-PEOc-sele-a,knife; cut with a knife,,sele,peoc-sele-1,,,PEOc
1-4-4-1-92-PEAd-care-a,"knife, slice with a knife",,care,pead-care-1,,,PEAd
1-4-4-1-93-POc-nadri-a,"flint, obsidian, stone with a cutting edge",,nad(r)i,poc-nadri-1,,,POc
1-4-4-1-93-PWOc-qarri-a,obsidian; razor,,"qa(r,R)iŋ",pwoc-qarri-1,,,PWOc
1-4-4-1-93-POc-koto-a,"obsidian head of spear, obsidian knife or blade; cut (across)",,koto,poc-koto-2,,,POc
1-4-4-1-94-PCP-vuqaia-a,"whetstone, grindstone",,vuqa(i)ŋa,pcp-vuqaia-1,,,PCP
1-4-4-1-94-POc-asaq-a,"whet, sharpen",,Sasaq,pan-sasaq-1,,,PAn
1-4-4-1-95-POc-kiri-a,"file, rasp",,kirkir,pmp-kirkir-1,,,PMP
1-4-4-1-95-POc-giri-a,"file, rasp, saw",,giri,poc-giri-1,,,POc
1-4-5-1-96-PCP-taba-a,bark,,taba,pcp-taba-1,,,PCP
1-4-5-1-97-PPn-siapo-a,paper-mulberry plant (_Broussonetia_ sp.); bark-cloth,,siapo,ppn-siapo-1,,,PPn
1-4-5-1-97-POc-ike-a,tapa-beating mallet,,ike,pmp-ike-1,,,PMP
1-4-5-2-98-POc-malo-a,"_Broussonetia papyrifera_, loincloth",,malo,poc-malo-1,,,POc
1-4-5-2-99-POc-tipi-a,"loincloth, man's garment",,tipi,poc-tipi-1,,,POc
1-4-5-2-99-POc-naiv-a,woman's grass (shredded leaf?) skirt,,nai(V),poc-naiv-1,,,POc
1-4-5-2-99-POc-jiri-a,cordyline,,jiRi,poc-jiri-1,,,POc
1-4-5-2-100-PNGOc-ramie-a,grass-skirt,,"ram(i,e)",pngoc-ramie-1,,,PNGOc
1-4-5-3-100-POc-lumuk-a,"(hair, skin) oily",,lumuk,pmp-lumuk-1,,,PMP
1-4-5-3-101-POc-pani-a,apply oil or paint to the body,,pani,poc-pani-1,,,POc
1-4-5-3-101-PWOc-tapal-a,substance used to blacken teeth,,tapal,pwoc-tapal-1,,,PWOc
1-4-5-4-102-PPn-tatau-a,tattoo,,tatau,ppn-tatau-1,,,PPn
1-4-5-4-102-PEOc-make-a,tattoo,,make,peoc-make-1,,,PEOc
1-4-5-4-102-POc-noo-a,decorate,,noŋo,poc-noo-1,,,POc
1-4-5-4-102-POc-mati-a,herringbone pattern,,mʷati,poc-mati-1,,,POc
1-4-5-5-103-POc-bara-a,plaited cane armlet,,bara,poc-bara-2,,,POc
1-4-5-5-103-POc-lalako-a,trochus shell; bracelet made from it,,[la]lak[o],poc-lalako-1,,,POc
1-4-5-5-104-POc-sabisabi-a,shell disc used as earring,,(sabi-)sabi,poc-sabisabi-1,,,POc
1-4-5-5-105-PCP-sau-a,ear pendant,,sau,pcp-sau-1,,,PCP
1-4-5-5-105-POc-turi-a,string together (beads +),,CuSuR,pan-cusur-1,,,PAn
1-4-5-5-105-POc-saru-a,comb,,saRu,pmp-saru-1,,,PMP
1-4-5-5-106-POc-suwat-a,k.o. comb,,suat,pmp-suat-1,,,PMP
1-4-6-1-106-POc-tapuriq-a,conch shell trumpet,,tambuRi(q),pmp-tamburiq-1,,,PMP
1-4-6-2-107-POc-upi-a,blow; native flute,,"upi, ipu",poc-upiipu-1,,,POc
1-4-6-2-108-POc-kaur-a,bamboo sp.,,qauR,pan-qaur-1,,,PAn
1-4-6-2-108-POc-kopi-a,bamboo; bamboo flute,,kopi,poc-kopi-1,,,POc
1-4-6-3-109-POc-kude-a,hourglass drum,,kude,poc-kude-1,,,POc
1-4-6-4-109-POc-garamut-a,slitgong,,garamut,poc-garamut-1,,,POc
1-4-6-4-110-PSS-oo-a,slitgong,,ɣoɣo,pss-oo-1,,,PSS
1-4-6-4-110-PCP-lali-a,slitgong,,lali,pcp-lali-1,,,PCP
1-4-6-4-110-PCP-vbasu-a,"a drum; to drum, thump",,"(v,b)asu",pcp-vbasu-1,,,PCP
1-4-6-4-110-PPn-nafa-a,a wooden drum,,nafa,ppn-nafa-1,,,PPn
1-4-6-5-110-PWOc-bogobogo-a,Jew's-harp,,bogo-bogo,pwoc-bogobogo-1,,,PWOc
1-4-7-1-111-POc-sapur-a,brush (dirt +) off (s.t.),,"sapu(r), sapur-i-",poc-sapursapuri-1,,,POc
1-4-7-1-111-POc-tapi-a,"dust off, brush lightly",,tapi,poc-tapi-1,,,POc
1-4-7-1-111-POc-salap-a,"sweep, broom",,"salap, salap-i-",poc-salapsalapi-1,,,POc
1-4-7-2-112-POc-quluan-a,place where one rests the head: wooden headrest,,qulun-an,pmp-qulunan-1,,,PMP
1-4-7-2-113-POc-kalik-a,native wooden pillow,,kalik,poc-kalik-1,,,POc
1-5-3-1-117-POc-quma-a,swidden; work a swidden,,qumah,pan-qumah-1,,,PAn
1-5-3-1-118-POc-bbakurr-a,work a garden,,"(b,bʷ)aku(r,R)",poc-bbakurr-1,,,POc
1-5-3-2-118-POc-talun-a,fallow land,,talun,pmp-talun-1,,,PMP
1-5-3-3-118-POc-qutan-a,fallow land,,quCaN,pan-qucan-1,,,PAn
1-5-3-3-119-PEOc-wao-a,forest,,wao,peoc-wao-1,,,PEOc
1-5-4-None-119-POc-tanoq-a,"earth, land",,taneq,pmp-taneq-1,,,PMP
1-5-4-None-120-POc-paya-a,(cultivable) soil,,pʷaya,poc-paya-2,,,POc
1-5-4-None-120-PCP-gele-a,"earth, soil",,gʷele,pcp-gele-1,,,PCP
1-5-5-1-120-POc-topa-a,"cut, clear vegetation",,tebaS,pan-tebas-1,,,PAn
1-5-5-1-120-POc-salu-a,"slash, hoe; a hoe, an adze",,salu-,poc-salu-1,,,POc
1-5-5-1-121-POc-poki-a,clear the ground for a garden site,,poki,poc-poki-1,,,POc
1-5-5-1-121-POc-sani-a,"complete clearing of garden; stripping, of leaves",,sani,poc-sani-1,,,POc
1-5-5-1-121-POc-sara-a,"clear (vegetation, rubbish) from a garden",,sara,poc-sara-1,,,POc
1-5-5-1-121-PWOc-lamo-a,clear a garden site,,lamo,pwoc-lamo-1,,,PWOc
1-5-5-1-121-PEOc-kokoda-a,"gather weeds or rubbish, prepare a garden",,kokoda,peoc-kokoda-1,,,PEOc
1-5-5-2-122-POc-sokot-a,burn (fields +),,zeket,pmp-zeket-1,,,PMP
1-5-5-3-122-POc-papo-a,weed (a garden +),,babaw,pmp-babaw-1,,,PMP
1-5-5-3-122-POc-rabut-a,uproot,,"rabut, rubat",poc-rabutrubat-1,,,POc
1-5-5-4-123-POc-kali-a,dig,,kali,pan-kali-1,,,PAn
1-5-5-4-123-POc-keli-a,"dig, harvest (tubers)",,keli,poc-keli-1,,,POc
1-5-5-4-124-POc-suar-a,"root up the ground, as pigs do",,"suar, suar-i-",poc-suarsuari-1,,,POc
1-5-5-5-124-POc-waso-a,digging stick,,waso,poc-waso-1,,,POc
1-5-8-1-129-POc-sjuliq-a,"tendril, sucker",,suliq,pan-suliq-1,,,PAn
1-5-8-1-129-POc-wasi-a,taro stem,,wasi,poc-wasi-1,,,POc
1-5-8-1-129-POc-bao-a,"new leaves or shoots, (or taro tops for planting?)",,bʷaŋo,poc-bao-1,,,POc
1-5-8-1-130-POc-upea-a,taro seedling,,"up(e,a)",poc-upea-1,,,POc
1-5-8-1-130-POc-koti-a,"cut off (hair, taro tops +)",,koti,poc-koti-1,,,POc
1-5-8-1-131-PWOc-kapul-a,seed yam,,kapul,pwoc-kapul-1,,,PWOc
1-5-8-1-131-PNGOc-kkapii-a,k.o. yam,,"(k,kʷ)apii",pngoc-kkapii-1,,,PNGOc
1-5-8-1-131-POc-paji-a,cut yams for planting,,paji,poc-paji-1,,,POc
1-5-8-2-131-POc-sopu-a,prepare yams for planting,,sopu,poc-sopu-1,,,POc
1-5-8-2-132-POc-asok-a,"dibble, plant seeds with a dibble stick",,hasek,pmp-hasek-1,,,PMP
1-5-8-2-132-PWOc-pasok-a,plant (tuber +),,"pasok, pasok-i",pwoc-pasokpasoki-1,,,PWOc
1-5-8-2-132-PEOc-pasi-a,plant yams,,pasi,peoc-pasi-1,,,PEOc
1-5-8-2-132-POc-tanum-a,"bury, plant (tuber)",,"tanum, tanum-i-",poc-tanumtanumi-1,,,POc
1-5-8-3-133-POc-pbukie-a,mound up (earth) for yams,,"(p,b)uk(i,e)",poc-pbukie-1,,,POc
1-5-8-4-133-POc-kabur-a,"sprinkle, scatter (seed +)",,kambuR,pmp-kambur-1,,,PMP
1-5-9-1-134-POc-tupul-a,to send out new growth,,tupul,poc-tupul-1,,,POc
1-5-9-1-134-POc-polok-a,(plant) grow (tall),,polok,poc-polok-1,,,POc
1-5-9-1-134-PWOc-pusuk-a,(plant) grow,,pusuk,pwoc-pusuk-1,,,PWOc
1-5-9-2-134-POc-tubuq-a,"grow, thrive; swell",,tu(m)buq,pmp-tumbuq-1,,,PMP
1-5-9-4-135-POc-marao-a,become withered (of vegetation),,[ma-]raŋo,poc-marao-1,,,POc
1-5-9-4-135-POc-malai-a,"withered, faded",,malai,poc-malai-1,,,POc
1-5-9-4-135-PEOc-palo-a,"wither, wilt",,palo,peoc-palo-1,,,PEOc
1-5-10-None-136-POc-kawit-a,hook,,kawit,pmp-kawit-1,,,PMP
1-5-10-None-136-POc-puput-a,"pull up (weeds +), pluck (feathers +)",,buCbuC,pan-bucbuc-1,,,PAn
1-5-10-None-137-POc-saput-a,"pull out, pull up, pluck (fruit, nuts)",,"sapu(t), saput-i-",poc-saputsaputi-1,,,POc
1-5-10-None-137-POc-taput-a,"strip (crops), pull off",,"tapu(t), taput-i-",poc-taputtaputi-1,,,POc
1-5-10-None-137-POc-sapaki-a,"pluck off, break off (leaves) with the hand",,sapaki-,poc-sapaki-1,,,POc
1-5-10-None-137-PEOc-sapi-a,"strip (leaves); pluck (fruit, nuts)",,sapi[-],peoc-sapi-1,,,PEOc
1-5-10-None-137-PCP-paki-a,"pluck, break off (leaves) with the hand",,paki,pcp-paki-1,,,PCP
1-5-10-None-138-POc-pari-a,cut or lop off branches,,paRi,poc-pari-1,,,POc
1-5-12-None-139-PCP-vusi-a,taro swamp; taro bed,,vusi,pcp-vusi-1,,,PCP
1-6-2-None-142-POc-api-a,fire,,Sapuy,pan-sapuy-1,,,PAn
1-6-2-1-144-POc-suka-a,make fire with fire-plough,,"suka, suka-i-",poc-sukasukai-1,,,POc
1-6-2-1-144-POc-usuqp-a,"rub, wipe",,usuq,pmp-usuq-1,,,PMP
1-6-2-1-145-PCEPn-kaulima-a,upper frictioning stick of fire-plough,,kau-lima,pcepn-kaulima-1,,,PCEPn
1-6-2-2-145-PROc-papia-a,"firewood, fuel",,papia,proc-papia-1,,,PROc
1-6-2-3-146-POc-aliton-a,"firebrand, unconsumed wood in a fire; charred wood",,aluten,pmp-aluten-1,,,PMP
1-6-2-3-146-POc-sulu-a,dry coconut leaf torch,,sulu,poc-sulu-1,,,POc
1-6-2-4-147-POc-qapu-a,"ash, cinder, powder",,qabu,pan-qabu-1,,,PAn
1-6-2-7-148-POc-kapit-a,pinch or squeeze between two surfaces,,qapit,pmp-qapit-1,,,PMP
1-6-2-7-149-POc-taqon-a,"press down, weigh down with a weight, cover over with the cover weighed down; close a stone oven, (when earth or the last layer of leaves has been placed on top)",,"taqo(n), taqon-i-",poc-taqontaqoni-1,,,POc
1-6-2-7-150-POc-pukes-a,"expose, unveil",,bu(ŋ)kas,pmp-bukas-1,,,PMP
1-6-2-7-150-POc-uru-a,"collect, gather",,uruŋ,pmp-uru-1,,,PMP
1-6-3-1-151-PEOc-papi-a,cook in oven with hot stones and leaves,,papi-,peoc-papi-1,,,PEOc
1-6-3-2-151-POc-tunu-a,roast food over a fire,,CuNuh,pan-cunuh-1,,,PAn
1-6-3-2-152-POc-mari-a,"roast, burn",,mʷaRi,poc-mari-1,,,POc
1-6-3-4-152-POc-nasuq-a,cook by boiling,,"nasuk, Nasu",pan-nasuknasu-1,,,PAn
1-6-3-4-153-POc-napu-a,"steam (?), boil (?)",,napu,poc-napu-1,,,POc
1-6-3-5-153-POc-rara-a,heat s.t. or warm oneself by fire,,da(n)daŋ,pan-danda-1,,,PAn
1-6-3-6-154-POc-sunu-a,singe,,sunu,poc-sunu-1,,,POc
1-6-3-7-154-POc-kaput-a,"close, cover",,kaput,pmp-kaput-1,,,PMP
1-6-3-7-155-POc-kopu-a,"wrap (food in a certain way (?) for cooking), bundle, wrap",,kopu,poc-kopu-1,,,POc
1-6-3-8-155-POc-mataq-a,"raw, unripe",,ma-qataq,pan-maqataq-1,,,PAn
1-6-3-8-156-POc-qamataq-a,"raw, uncooked",,qamataq,pan-qamataq-1,,,PAn
1-6-3-8-156-POc-qataq-a,eat s.t. raw,,qataq,pan-qataq-1,,,PAn
1-6-3-8-156-POc-kqoda-a,eat s.t. raw,,qetaq,pan-qetaq-1,,,PAn
1-6-3-9-157-POc-maosak-a,"ripe, cooked, ready to eat",,(ma-)qesak,pmp-maqesak-1,,,PMP
1-6-3-9-157-POc-manoka-a,"be in good condition for eating: nicely ripe, well-cooked, soft",,[ma]noka,poc-manoka-1,,,POc
1-6-4-1-158-POc-tapa-a,smoke fish or meat for preservation,,Capa,pan-capa-1,,,PAn
1-6-4-1-158-POc-pakaqasu-a,"smoke, fumigate",,pa[ka]-qasu,pmp-pakaqasu-1,,,PMP
1-6-4-1-158-PNGOc-parra-a,dry by smoking,,"pa(r,R)a",pngoc-parra-1,,,PNGOc
1-6-4-2-159-POc-mara-a,"be spoiled, foul (of food or drink)",,mara,poc-mara-2,,,POc
1-6-4-2-159-POc-madrar-a,"grow ripe, (breadfruit and bananas) be overripe",,madraR,poc-madrar-1,,,POc
1-6-4-2-159-POc-maqasin-a,salty,,qasin,pan-qasin-1,,,PAn
1-6-5-1-160-PWOc-walu-a,sago beater,,walu,pwoc-walu-1,,,PWOc
1-6-5-2-161-POc-kukur-a,"rasp, file",,kuDkuD,pmp-kudkud-1,,,PMP
1-6-5-2-162-POc-kasi-a,scratch,,gasgas,pmp-gasgas-1,,,PMP
1-6-5-2-162-PEOc-kari-a,"scraper; bivalve sp., used as a scraper",,kaRi,peoc-kari-1,,,PEOc
1-6-5-2-163-POc-karas-a,peel or scrape skin off tubers,,"kara(s), karas-i-",poc-karaskarasi-1,,,POc
1-6-5-2-163-POc-karis-a,scratch mark,,karis,pmp-karis-1,,,PMP
1-6-5-2-163-POc-korras-a,scrape out (coconut meat); dregs of strained coconut scrapings,,"ko(r,R)a(s), ko(r,R)as-i-",poc-korraskorrasi-1,,,POc
1-6-5-2-164-POc-goras-a,scrape out (coconut meat +); dregs of strained coconut scrapings,,"gora(s), goras-i-",poc-gorasgorasi-1,,,POc
1-6-5-2-164-POc-kori-a,"scraper; bivalve sp., used as a scraper; scrape with a shell",,koRi,poc-kori-1,,,POc
1-6-5-2-164-POc-koris-a,"scrape (esp. coconuts), grate (esp. coconuts)",,"kori(s), koris-i-",poc-koriskorisi-1,,,POc
1-6-5-2-164-POc-isi-a,"peel, strip off; scrape (coconut)",,isi,pcemp-isi-1,,,PCEMP
1-6-5-2-165-POc-rasi-a,"grate, scrape (tubers, coconuts); scratch",,rasi,poc-rasi-1,,,POc
1-6-5-2-165-PEOc-paros-a,chafe (skin),,"paro(s), paros-i-",peoc-parosparosi-1,,,PEOc
1-6-5-3-165-POc-kulit-a,skin,,kulit,pan-kulit-1,,,PAn
1-6-5-3-166-POc-sisi-a,scoop out (flesh from coconut +),,sisi,poc-sisi-1,,,POc
1-6-5-3-166-POc-ppilit-a,"peel by hand (fruit, cooked food)",,"(p,pʷ)ilit",poc-ppilit-1,,,POc
1-6-5-4-166-POc-qunapi-a,scales,,qunap,pmp-qunap-1,,,PMP
1-6-5-5-167-POc-kojom-a,husking stick,,kojom-,poc-kojom-1,,,POc
1-6-5-5-167-POc-potak-a,"split, cleave",,beTak,pmp-betak-1,,,PMP
1-6-5-6-168-POc-runut-a,plant fibres,,Runut,pmp-runut-1,,,PMP
1-6-5-8-169-POc-poros-a,squeeze out,,peRes,pan-peres-1,,,PAn
1-6-5-8-169-POc-ppippit-a,"clamp, jam, pinch",,pitpit,pmp-pitpit-1,,,PMP
1-6-5-8-170-POc-posi-a,"squeeze, press out",,pespes,pmp-pespes-1,,,PMP
1-6-5-8-170-POc-losit-a,"squeeze out, squirt out",,"le(c,s)it",pmp-lecsit-1,,,PMP
1-6-5-9-171-POc-monno-a,knead,,"mo(n,ñ)o",poc-monno-1,,,POc
1-6-5-9-171-POc-nnaotu-a,knead,,"(n,ñ)(a,o)tu",poc-nnaotu-1,,,POc
1-6-5-9-171-POc-balur-a,beat,,palu,pmp-palu-1,,,PMP
1-6-5-9-171-POc-quli-a,"knead, mix together",,quli,pmp-quli-1,,,PMP
1-7-2-1-178-POc-waga-a,outrigger canoe,,waŋka,pcemp-waka-1,,,PCEMP
1-7-2-1-179-POc-paka-a,"outrigger canoe, dugout canoe",,ba(ŋ)ka(q),pan-bakaq-1,,,PAn
1-7-2-1-180-POc-katir-a,(small) outrigger canoe or canoe hull,,katiR,pmp-katir-1,,,PMP
1-7-2-1-181-POc-tola-a,large canoe,,tola,poc-tola-1,,,POc
1-7-2-2-182-PEOc-paqurua-a,double canoe,,paqurua,peoc-paqurua-1,,,PEOc
1-7-2-2-183-PWMP-padaw-a,kind of sailboat,,padaw,pwmp-padaw-1,,,PWMP
1-7-2-2-183-PWMP-parasu-a,boat,,paraSu,pwmp-parasu-1,,,PWMP
1-7-2-2-184-PPn-paopao-a,small outrigger or dugout canoe for inshore use,,paopao,ppn-paopao-1,,,PPn
1-7-2-2-184-POc-rakit-a,raft,,dakit,pmp-dakit-1,,,PMP
1-7-2-4-186-POc-qora-a,"strake, probably topstrake (washstrake)",,(q)oRa,poc-qora-1,,,POc
1-7-2-6-187-PCP-takele-a,keel or dugout underbody to which planking is added,,takele,pcp-takele-1,,,PCP
1-7-2-7-188-PPn-liu-a,"bilge, interior of hull",,liu,ppn-liu-1,,,PPn
1-7-2-8-188-POc-muri-a,"rear, stern",,muri-,poc-muri-1,,,POc
1-7-2-8-188-POc-muqa-a,"front, bow of boat",,muqa-,poc-muqa-1,,,POc
1-7-2-9-189-POc-iucu-a,"projecting headboard of prow, often with ornately carved figurehead",,"(i,u)cuŋ",poc-iucu-1,,,POc
1-7-2-10-190-PCP-tau-a,"end-decking, end-piece covering bow and stern of canoe hull",,tau,pcp-tau-1,,,PCP
1-7-4-1-191-POc-saman-a,outrigger float,,"(c,s)a(R)man",pmp-csarman-1,,,PMP
1-7-4-2-192-POc-kiajo-a,outrigger boom,,kiajo,poc-kiajo-1,,,POc
1-7-4-3-193-POc-patoto-a,connective sticks or stanchions attaching floats to booms,,patotV,pemp-patotv-1,,,PEMP
1-7-4-4-193-POc-katae-a,"free side of canoe, opposite the outrigger",,"katae, katea",poc-kataekatea-1,,,POc
1-7-5-1-194-POc-layar-a,sail,,layaR,pmp-layar-1,,,PMP
1-7-5-2-195-POc-jila-a,boom or yard of (triangular) sail,,jila,poc-jila-1,,,POc
1-7-5-3-196-PEOc-kaiutuqur-a,"vertical supporting timber, prop supporting rig",,kaiu-tuqu(r),peoc-kaiutuqur-1,,,PEOc
1-7-5-3-196-PROc-pana-a,"mast, boom stepped on foot of mast",,pana,proc-pana-1,,,PROc
1-7-5-4-197-PCP-tuku-a,running stay supporting sail,,tuku,pcp-tuku-1,,,PCP
1-7-6-None-197-POc-quli-a,steering oar,,"quli(n,ŋ)",pmp-qulin-1,,,PMP
1-7-7-1-198-POc-rujan-a,load a canoe; cargo,,Rujan,pmp-rujan-1,,,PMP
1-7-7-1-198-POc-ucan-a,load a canoe; cargo,,ujan,pmp-ujan-1,,,PMP
1-7-7-1-198-PMic-ussa-a,"load (s.t.) onto a canoe, transport by canoe",,"u[s,S]a, u[s,S]an-i",pmic-ussaussani-1,,,PMic
1-7-7-2-198-POc-pose-a,(canoe) paddle,,"be(R)(c,s)ay",pmp-bercsay-1,,,PMP
1-7-7-2-199-POc-paluca-a,paddle,,pa-luja,pmp-paluja-1,,,PMP
1-7-7-2-200-PEOc-suac-a,"scull, row with oar held vertically",,sua(C),peoc-suac-1,,,PEOc
1-7-7-3-200-POc-tokon-a,"staff, punting pole",,tokon,poc-tokon-1,,,POc
1-7-7-4-201-POc-limas-a,bailer,,limas,pmp-limas-1,,,PMP
1-7-7-4-201-POc-asu-a,scoop or bail out,,aŋsu,pmp-asu-1,,,PMP
1-7-7-4-202-PPn-tata-a,bail out,,tatā,ppn-tata-1,,,PPn
1-7-7-5-202-PCP-tadravu-a,portable fireplace or oven,,tā-dravu,pcp-tadravu-1,,,PCP
1-7-8-1-203-POc-laon-a,"rollers, skids or blocks to move or raise a boat",,laŋen,pmp-laen-1,,,PMP
1-7-8-2-203-POc-jauq-a,anchor,,sauq,pmp-sauq-1,,,PMP
1-7-8-3-204-POc-sawa-a,"opening used by boats to pass through, channel or strait, safe passage or anchorage",,"sawa(ŋ,q)",pmp-sawaq-1,,,PMP
1-7-8-3-204-POc-matasawa-a,"landing place, channel in fringing reef giving passage to boats",,"mata-sawaŋ, mata-[ni,qi]-sawaŋ",poc-matasawamataniqisawa-1,,,POc
1-7-8-4-205-PCP-avalau-a,boatshed,,(a)valau,pcp-avalau-1,,,PCP
1-7-9-1-205-POc-sake-a,"embark, be aboard, ride (on a vessel +)",,sakay,pmp-sakay-1,,,PMP
1-7-9-2-206-POc-palaur-a,go down to the sea or coast,,pa-laSud,pmp-palasud-1,,,PMP
1-7-9-2-207-POc-tari-a,steer a course (in navigating),,"ta(d,R)i",pemp-tadri-1,,,PEMP
1-7-9-2-207-POc-piluk-a,"tack, sail to windward",,biluk,pmp-biluk-1,,,PMP
1-7-9-3-207-PROc-tautasik-a,"expert fisherman or sailor, mariner",,tau-tasik,proc-tautasik-1,,,PROc
1-7-9-4-208-POc-tauniwaga-a,owner of a boat,,tau (ni) waga,poc-tauniwaga-1,,,POc
1-8-2-None-212-POc-pukot-a,dragnet,,puket,pmp-puket-1,,,PMP
1-8-2-None-212-POc-reke-a,fishing net,,reke,poc-reke-1,,,POc
1-8-2-None-212-POc-lawanq-a,k.o. fishnet,,"lawa(n,q)",pmp-lawanq-1,,,PMP
1-8-2-None-213-POc-kuppena-a,fishing net,,"ku(p,pʷ)ena",poc-kuppena-1,,,POc
1-8-2-None-214-POc-uto-a,float of fishing net,,utoŋ,poc-uto-1,,,POc
1-8-2-None-215-POc-sika-a,netting needle,,sika,poc-sika-1,,,POc
1-8-2-None-215-POc-mata-a,mesh of net,,mata-,poc-mata-3,,,POc
1-8-2-None-215-PCP-qava-a,net gauge,,qava,pcp-qava-1,,,PCP
1-8-3-None-216-PCP-rau-a,"dragline, scareline, made from rope and coconut leaves",,rau,pcp-rau-1,,,PCP
1-8-4-None-216-POc-apon-a,fishing line,,hapen,pmp-hapen-1,,,PMP
1-8-4-None-216-POc-kawil-a,hook,,kawil,pmp-kawil-1,,,PMP
1-8-4-None-217-POc-tagko-a,(barbless ?) fishhook,,"ta(g,k)o",poc-tagko-1,,,POc
1-8-4-None-218-POc-bayan-a,"fish bait, trolling lure, trolling hook",,bayan,poc-bayan-1,,,POc
1-8-4-None-219-POc-bani-a,bait; fodder,,paniŋ,pcemp-pani-1,,,PCEMP
1-8-5-None-219-POc-pupu-a,conical bamboo basket trap for fish,,bubu,pan-bubu-1,,,PAn
1-8-6-None-220-POc-bara-a,"fence, wall, enclosure",,baRa,poc-bara-1,,,POc
1-8-7-None-220-POc-tupa-a,_Derris_ fish poison,,tuba,pmp-tuba-1,,,PMP
1-8-7-None-221-POc-puna-a,vine used for fish poison,,puna,poc-puna-1,,,POc
1-8-7-None-221-PWOc-mmali-a,_Derris_ sp.,,"(m,mʷ)ali",pwoc-mmali-1,,,PWOc
1-8-8-None-221-POc-dramar-a,"resin, torch, light",,damaR,pmp-damar-1,,,PMP
1-8-9-None-222-POc-saot-a,spear,,saet,pmp-saet-1,,,PMP
1-8-9-None-222-POc-qiorr-a,"spear, arrow",,"qio(r,R)",poc-qiorr-1,,,POc
1-8-9-None-223-POc-bako-a,barbless spear,,baŋkaw,pmp-bakaw-1,,,PMP
1-8-9-None-223-POc-kujuir-a,fish spear,,"kuj(u,i)r",poc-kujuir-1,,,POc
1-8-9-None-224-POc-tara-a,fish spear,,tara,poc-tara-1,,,POc
1-8-9-None-224-POc-sua-a,spear (weapon retained in the hand),,sua,poc-sua-1,,,POc
1-8-9-None-225-PROc-sari-a,k.o. spear,,saRi,proc-sari-1,,,PROc
1-8-9-None-225-POc-pusur-a,hunting bow,,busuR,pan-busur-1,,,PAn
1-8-9-None-225-POc-ppanaq-a,shoot,,panaq,pmp-panaq-1,,,PMP
1-8-9-None-225-POc-tiba-a,"dart, arrow (not a fighting weapon)",,tibʷa(ŋ),poc-tiba-1,,,POc
1-8-9-None-226-POc-lolos-a,bowstring,,deles,pan-deles-1,,,PAn
1-8-10-None-227-POc-paru-a,club,,paru,poc-paru-1,,,POc
1-8-10-None-227-POc-gapi-a,(stone?) club,,gapi,poc-gapi-1,,,POc
1-8-11-None-227-POc-maga-a,stone; slingshot,,maga,poc-maga-1,,,POc
1-8-11-None-227-POc-kaio-a,sling; to turn round and round,,kaio,poc-kaio-1,,,POc
1-8-12-None-228-POc-suja-a,bamboo trail or pitfall spike,,suja,pmp-suja-1,,,PMP
1-8-13-None-228-POc-pita-a,snare,,"pʷita, pʷita-i-",poc-pitapitai-1,,,POc
1-8-13-None-229-PROc-tari-a,"noose, snare",,taRi,proc-tari-1,,,PROc
1-8-14-None-229-POc-bulit-a,"caulk, fill up a hole or crack with viscous material",,"bulit, pulit",pmp-bulitpulit-1,,,PMP
1-9-2-1-236-POc-giri-a,"file, rasp",,giri[-],poc-giri-2,,,POc
1-9-2-2-237-POc-karut-a,"scrape, rasp",,karut,pan-karut-1,,,PAn
1-9-2-2-238-POc-koras-a,"grate, scrape, scar",,-ras,pan-ras-1,,,PAn
1-9-2-2-240-PEOc-koris-a,"scrape (esp. coconuts), grate (esp. coconuts)",,"kori(s), koris-i",peoc-koriskorisi-1,,,PEOc
1-9-2-2-240-POc-kori-a,"scraper; bivalve sp., used as a scraper; scrape with a shell",,koRi[-],poc-kori-2,,,POc
1-9-2-2-241-POc-kosi-a,"scratch, scrape",,keskes,pan-keskes-1,,,PAn
1-9-2-2-241-POc-rasi-a,"grate, scrape (tubers, coconuts); scratch",,rasi[-],poc-rasi-2,,,POc
1-9-2-2-242-PEOc-saqalo-a,"scrape, clean by scraping; rub smooth",,saqalo,peoc-saqalo-1,,,PEOc
1-9-2-3-243-POc-qujur-a,"rub, make smooth by rubbing",,"quju(r), qujur-i-",poc-qujurqujuri-1,,,POc
1-9-2-4-244-POc-tapi-a,"dust off, brush lightly",,tapi[-],poc-tapi-2,,,POc
1-9-2-4-244-POc-saro-a,"wipe, sweep",,saRo[-],poc-saro-1,,,POc
1-9-3-None-246-POc-koto-a,"obsidian head of spear, obsidian knife or blade; cut (across)",,koto[-],poc-koto-3,,,POc
1-9-3-1-247-POc-utus-a,"break under tension, as a rope",,utus,pmp-utus-1,,,PMP
1-9-3-1-247-POc-kutu-a,cut,,kutu[-],poc-kutu-2,,,POc
1-9-3-1-247-POc-mautus-a,"become, be broken off, severed",,"ma-utus, motus",poc-mautusmotus-1,,,POc
1-9-3-1-248-POc-muju-a,be clipped off,,muju,poc-muju-1,,,POc
1-9-3-1-249-POc-koti-a,"cut off (hair, taro tops +)",,koti[-],poc-koti-2,,,POc
1-9-3-1-249-POc-pari-a,cut or lop off branches,,paRi[-],poc-pari-2,,,POc
1-9-3-1-249-POc-puti-a,cut off,,pʷuti[-],poc-puti-2,,,POc
1-9-3-1-249-PEOc-polos-a,"cut across, sever",,"polos, polos-i",peoc-polospolosi-1,,,PEOc
1-9-3-1-250-POc-siba-a,"cut, slice",,siba,poc-siba-1,,,POc
1-9-3-2-250-POc-totok-a,hack off,,tektek,pan-tektek-1,,,PAn
1-9-3-2-250-POc-ppasi-a,"cut up, cut off, cut lengthwise",,"(p,pʷ)asi[-]",poc-ppasi-1,,,POc
1-9-3-2-251-POc-poka-a,"separate, disconnect",,peka,pmp-peka-1,,,PMP
1-9-3-2-251-POc-tabas-a,"chop down, cut away",,tabas,pmp-tabas-1,,,PMP
1-9-3-2-252-POc-tapas-a,"cut into, incise",,"tapa(s), tapas-i-",poc-tapastapasi-1,,,POc
1-9-3-3-252-POc-sapi-a,"carve into shape,trim (with axe or adze), whittle",,sapʷi[-],poc-sapi-1,,,POc
1-9-3-3-252-POc-kalas-a,"shape s.t. by cutting, cut s.t. out",,"kala(s), kalas-i-",poc-kalaskalasi-1,,,POc
1-9-3-4-253-POc-tepai-a,"slice (flesh), circumcise",,tepa-i-,poc-tepai-1,,,POc
1-9-3-4-253-PEOc-soni-a,"incise, cut into",,"soni, sonit-i-",peoc-sonisoniti-1,,,PEOc
1-9-3-5-253-POc-qiris-a,"cut, slice",,qiris,pmp-qiris-1,,,PMP
1-9-3-5-254-POc-kolo-a,cut into pieces,,keleŋ,pmp-kele-1,,,PMP
1-9-3-6-254-POc-supi-a,"pare, shave, sharpen",,supi[-],poc-supi-1,,,POc
1-9-3-6-255-POc-tajim-a,sharpen,,tazim,pan-tazim-1,,,PAn
1-9-3-7-257-POc-sisi-a,"peel off (skin, bark +)",,sisi,pcemp-sisi-1,,,PCEMP
1-9-3-7-257-POc-risiq-a,"tear, split, cut",,Risi[q],pmp-risiq-1,,,PMP
1-9-3-7-258-POc-tosi-a,"tear, tear up",,testes,pan-testes-1,,,PAn
1-9-3-7-258-POc-sali-a,"strip leaves from branch, frond",,sali[-],poc-sali-1,,,POc
1-9-3-7-258-POc-papak-a,"peel off, of skin; remove bark of tree",,bakbak,pmp-bakbak-1,,,PMP
1-9-3-7-259-POc-kati-a,chew up,,gatgat,pmp-gatgat-1,,,PMP
1-9-3-8-260-POc-ppolaq-a,split (s.t.); part of something split,,belaq,pmp-belaq-1,,,PMP
1-9-3-8-260-POc-palaq-a,split (wood +),,pʷalaq,poc-palaq-1,,,POc
1-9-3-8-261-POc-kakas-a,split,,"kakas, [ka]kas-i-",poc-kakaskakasi-1,,,POc
1-9-3-8-261-POc-pisak-a,split,,biseqak,pmp-biseqak-1,,,PMP
1-9-3-8-262-POc-wakaq-a,split,,wakaq,pmp-wakaq-1,,,PMP
1-9-3-9-262-POc-sarek-a,"become, be torn up, uprooted",,saRe(k),poc-sarek-1,,,POc
1-9-3-9-262-POc-sirie-a,"tear in two, tear into strips",,"sir(i,e)",poc-sirie-1,,,POc
1-9-4-1-263-POc-suki-a,"pierce, prick, sew (mats)",,suki[-],poc-suki-1,,,POc
1-9-4-1-264-POc-susuri-a,bone (needle); sew,,(su)suRi[-],poc-susuri-2,,,POc
1-9-4-1-264-POc-suiri-a,"pierce, poke",,"s(u,i)ri[-]",poc-suiri-1,,,POc
1-9-4-1-265-POc-soka-a,"pierce, stab",,seka,pcemp-seka-1,,,PCEMP
1-9-4-2-266-POc-puruk-a,"pierce, bore (hole), drill",,"puru(k), puruk-i-",poc-purukpuruki-1,,,POc
1-9-4-2-266-POc-buru-a,"pierce, bore (hole), drill",,buru[-],poc-buru-1,,,POc
1-9-4-2-266-PWOc-barie-a,"pierce, bore (hole)",,"bʷaR(i,e)[-]",pwoc-barie-1,,,PWOc
1-9-4-2-267-POc-paro-a,"drill through, pierce, perforate",,paRo[-],poc-paro-1,,,POc
1-9-5-1-268-POc-punuq-a,"throw at, hit with a projectile",,buNuq,pan-bunuq-1,,,PAn
1-9-5-1-268-POc-qubu-a,hit with fist or with a weapon,,"qubu, qubʷi-",poc-qubuqubi-1,,,POc
1-9-5-1-269-POc-raput-a,"knock, pound, beat",,ra(m)buk,pmp-rambuk-1,,,PMP
1-9-5-1-270-POc-tutuk-a,"hammer, pound, crush",,tuqtuq,pan-tuqtuq-1,,,PAn
1-9-5-1-270-POc-tuki-a,pound,,tuki-,poc-tuki-1,,,POc
1-9-5-1-271-POc-putuk-a,"knock, pound, beat",,buTuk,pmp-butuk-1,,,PMP
1-9-5-1-271-POc-butuk-a,"repeatedly knock, pound, beat",,"butu(k), butuk-i-",poc-butukbutuki-1,,,POc
1-9-5-1-271-POc-qatu-a,"strike from above, pound",,"qatu(ŋ), qatuŋ-i-",poc-qatuqatui-1,,,POc
1-9-5-1-272-POc-babak-a,"clap, slap, beat the wings",,pakpak,pmp-pakpak-1,,,PMP
1-9-5-1-272-POc-baki-a,"strike one against another, knock, clap",,baki-,poc-baki-1,,,POc
1-9-5-1-272-POc-tupuk-a,pound,,tu(m)buk,pmp-tumbuk-1,,,PMP
1-9-5-1-273-POc-pajar-a,clap hands,,pʷaja(R),poc-pajar-1,,,POc
1-9-5-1-273-POc-sapuk-a,"collide, bump into",,sa(m)puk,pmp-sampuk-1,,,PMP
1-9-5-1-273-PCP-sau-a,"strike, beat, chop",,"sau, sauti-",pcp-sausauti-1,,,PCP
1-9-5-2-274-POc-posak-a,break into several large pieces; hatch,,pesak,pmp-pesak-1,,,PMP
1-9-5-2-275-POc-paras-a,"(egg) hatch; hatch out (chick), break (coconut +)",,"pʷara(s), pʷaras-i-",poc-parasparasi-1,,,POc
1-9-5-2-275-POc-ppogaq-a,split in two,,beŋkaq,pmp-bekaq-1,,,PMP
1-9-5-2-275-POc-momok-a,broken to bits,,mekmek,pmp-mekmek-1,,,PMP
1-9-5-2-275-POc-pitak-a,"break, split",,bitak,pmp-bitak-1,,,PMP
1-9-5-2-276-POc-pitik-a,crack,,"piti(k), pitik-i-",poc-pitikpitiki-1,,,POc
1-9-5-2-276-POc-puqar-a,"break (s.t. hard), smash",,"pu(q)a(R), pu(q)aR-i-",poc-puqarpuqari-1,,,POc
1-9-5-2-276-PEOc-porak-a,"break, damage",,"pora(k), porak-i-",peoc-porakporaki-1,,,PEOc
1-9-5-2-276-POc-rabok-a,"strike, break",,ra(m)bek,pmp-rambek-1,,,PMP
1-9-6-1-277-POc-puti-a,"pick, pluck (feathers), pull out (weeds +)",,puti-,poc-puti-1,,,POc
1-9-6-1-278-POc-saput-a,"weed, pull, pluck out",,-buC,pan-buc-1,,,PAn
1-9-6-1-279-PEOc-taust-a,"pluck (fruit, leaves)",,"tau(s,t), tau(s,t)-i-",peoc-tausttausti-1,,,PEOc
1-9-6-1-279-POc-sapaki-a,"break, crack, split",,-pak,pan-pak-1,,,PAn
1-9-6-2-279-POc-pati-a,"break, snap s.t. off",,pati[-],poc-pati-1,,,POc
1-9-6-2-280-POc-lopak-a,"break, crack off",,lepak,pmp-lepak-1,,,PMP
1-9-6-3-280-POc-kinit-a,"pinch, nip, pluck",,kinit,pmp-kinit-1,,,PMP
1-9-6-3-280-POc-ginit-a,"pinch off with fingers, nip with fingernails",,"ginit, ginit-i-",poc-ginitginiti-1,,,POc
1-9-6-4-280-PEOc-suqi-a,take s.t. down (from a hook or branch),,suqi[-],peoc-suqi-1,,,PEOc
1-9-6-4-281-POc-gawit-a,"hook, to catch hold of; fruit crook",,"gawit, gawit-i-",poc-gawitgawiti-1,,,POc
1-9-7-None-282-POc-ppiti-a,"press, wring, squeeze s.t. (e.g. in order to extract liquid)",,"(p,pʷ)iti-",poc-ppiti-1,,,POc
1-9-7-None-283-POc-posi-a,"squeeze, wring (coconuts to extract cream +)",,posi-,poc-posi-1,,,POc
1-9-7-None-283-PNNG-ppisak-a,squeeze (grated coconut +),,"(p,pʷ)isa(k), (p,pʷ)isak-i-",pnng-ppisakppisaki-1,,,PNNG
1-9-7-None-284-POc-porosi-a,"squeeze out, wring out (liquid)",,poRos-i-,poc-porosi-1,,,POc
1-9-7-None-284-POc-momos-a,squeeze,,mesmes,pmp-mesmes-1,,,PMP
1-9-7-None-285-PROc-gugum-a,make a fist,,gemgem,pmp-gemgem-1,,,PMP
1-9-7-None-285-PROc-gumi-a,"grasp in fist, clench fist",,gumi-,proc-gumi-1,,,PROc
1-9-7-None-285-POc-gumut-a,"take in the hand, clasp, grasp",,kemes,pmp-kemes-1,,,PMP
1-9-8-None-287-POc-piro-a,twist together,,piro[-],poc-piro-1,,,POc
1-9-8-None-287-PEOc-pilos-a,make a cord by rolling fibres on the thigh,,"pilo(s), pilos-i",peoc-pilospilosi-2,,,PEOc
1-9-8-None-288-PWOc-mali-a,braid large ropes (for use with canoes +),,mʷali[-],pwoc-mali-3,,,PWOc
1-9-8-None-288-POc-pijir-a,"braid, twist together",,"piji(r), pijir-i-",poc-pijirpijiri-1,,,POc
1-9-8-None-289-POc-boquk-a,"feel with fingers, lay hand on, squeeze",,"bo(q)u(k), bo(q)uk-i-",poc-boqukboquki-1,,,POc
1-9-8-None-289-PWOc-buogo-a,"twist, wring",,"b(u,o)go",pwoc-buogo-1,,,PWOc
1-9-8-None-289-POc-kilis-a,"twist, bore, rotate",,"kili(s), kilis-i-",poc-kiliskilisi-1,,,POc
1-9-8-None-289-POc-wirit-a,twist,,wirit,pmp-wirit-1,,,PMP
1-9-9-None-290-POc-lokut-a,"bend, fold",,"loku(t), lokut-i-",poc-lokutlokuti-1,,,POc
1-9-10-None-291-POc-buku-a,tie (a knot); fasten,,buku,poc-buku-1,,,POc
1-9-10-None-291-POc-bukuti-a,tie (a knot); fasten,,bukuti,poc-bukuti-1,,,POc
1-9-10-None-292-POc-paqus-a,"tie, bind",,paqu(s),pcemp-paqus-1,,,PCEMP
1-9-10-None-292-POc-pisi-a,"bind up, tie up, wind round, wrap",,pisi[-],poc-pisi-1,,,POc
1-9-10-None-293-POc-kiti-a,join along the length,,-kit,pan-kit-1,,,PAn
1-9-11-None-295-POc-tutu-a,"set on fire, burn",,tutuŋ,pmp-tutu-1,,,PMP
1-9-11-None-295-POc-tui-a,"light, set fire to",,tuŋi,poc-tui-1,,,POc
5-2-2-1-38-POc-tau-a,person,,Cau,pan-cau-1,,,PAn
5-2-2-1-39-PMic-tau-a,person,,tau,pmic-tau-1,,,PMic
5-2-2-1-42-PWOc-tau-a,,,tau-,pwoc-tau-1,,,PWOc
5-2-2-2-44-POc-tamataq-a,person,,tau-mataq,pmp-taumataq-1,,,PMP
5-2-2-2-45-POc-taumate-a,dead person,,tau-mate,poc-taumate-1,,,POc
5-2-2-3-46-POc-qata-a,"outsiders, alien people",,qaRta,pmp-qarta-1,,,PMP
5-2-2-3-47-PROc-qatamaquri-a,living person,,[qa]ta-maquri,proc-qatamaquri-1,,,PROc
5-2-2-3-47-PNCV-qatadunu-a,"individual, person",,(qa)ta-dunu,pncv-qatadunu-1,,,PNCV
5-2-2-3-47-PSV-natamamaq-a,person,,"n-ata-mama(q), i-ata-mama(q)",psv-natamamaqiatamamaq-1,,,PSV
5-2-2-4-48-POc-tinoni-a,"man, male",,tinoni,pemp-tinoni-1,,,PEMP
5-2-2-5-49-POc-kkai-a,person belonging to a category,,"(k,kʷ)a(i)",poc-kkai-1,,,POc
5-2-2-5-50-PFij-kkai-a,person of a place or category specified by the modifier,,"(k,kʷ)ai",pfij-kkai-1,,,PFij
5-2-3-1-51-POc-maruqane-a,"male, man",,RuqaLay,pan-ruqalay-1,,,PAn
5-2-3-1-51-POc-maqane-a,"male, man",,ma-RuqaLay,pan-maruqalay-1,,,PAn
5-2-3-1-52-POc-qatamaqane-a,"man, male; brother (of woman)",,qata-mʷaqane,poc-qatamaqane-1,,,POc
5-2-3-1-53-PNGOc-qatamaqa-a,"man, male",,qata-mʷaq(a),pngoc-qatamaqa-1,,,PNGOc
5-2-3-2-54-POc-pine-a,"woman, female",,b⟨in⟩ahi,pan-binahi-1,,,PAn
5-2-3-2-54-POc-papine-a,"woman, female; sister of man",,papine,poc-papine-1,,,POc
5-2-3-2-55-POc-paipine-a,"woman, female; sister (of man)",,paipine,poc-paipine-1,,,POc
5-2-3-2-56-POc-qatapine-a,"woman, female",,qata-pine,poc-qatapine-1,,,POc
5-2-4-2-61-POc-mera-a,newborn baby,,anak meRaq,pcemp-anakmeraq-1,,,PCEMP
5-2-4-2-62-POc-meramera-a,"baby, very young child",,meRa-meRa,poc-meramera-1,,,POc
5-2-4-2-63-POc-kawaq-a,"baby, small child",,kʷawaq,poc-kawaq-1,,,POc
5-2-4-2-64-POc-liki-a,small,,-liki,poc-liki-1,,,POc
5-2-4-2-64-POc-qitik-a,small,,qitik,poc-qitik-1,,,POc
5-2-4-2-65-POc-rikit-a,small,,rikit,poc-rikit-1,,,POc
5-2-4-3-65-POc-paqoru-a,new; bachelor,,baqeRuh,pan-baqeruh-1,,,PAn
5-2-4-3-66-POc-mala-a,unmarried young woman,,mʷala,poc-mala-1,,,POc
5-2-4-5-68-POc-matuqa-a,"mature, elder",,CuqaS,pan-cuqas-1,,,PAn
5-2-4-6-69-POc-marap-a,grow old,,mʷarap,poc-marap-1,,,POc
5-2-4-6-69-POc-toban-a,"old woman (? ), old person",,tobʷan,poc-toban-1,,,POc
5-2-5-1-70-POc-madrawa-a,"orphaned, separate",,mad(r)awa,poc-madrawa-1,,,POc
5-2-5-2-70-POc-jamu-a,person without spouse,,jamu,poc-jamu-1,,,POc
5-2-5-3-71-POc-nao-a,widow (?),,ñao,poc-nao-1,,,POc
5-2-5-3-71-POc-naro-a,widower (?),,ñaro,poc-naro-1,,,POc
5-2-5-3-72-PWOc-kaburr-a,widow or widower,,"kʷabu(r,R)",pwoc-kaburr-1,,,PWOc
5-2-6-None-72-POc-bege-a,twins,,bʷege,poc-bege-1,,,POc
5-2-6-None-73-POc-saasaa-a,"bifurcation, to branch",,saŋa,pmp-saa-1,,,PMP
5-2-6-None-73-POc-apic-a,twins of the same sex,,Sabij,pan-sabij-1,,,PAn
5-3-2-1-78-PWOc-popo-a,"the complete skin, often used metonymically of the whole body",,popo-,pwoc-popo-1,,,PWOc
5-3-2-1-78-PWOc-tini-a,"the complete skin, often used metonymically of the whole body",,tini-,pwoc-tini-1,,,PWOc
5-3-2-1-79-PPn-tino-a,"body, trunk of tree, hull of canoe",,tino,ppn-tino-1,,,PPn
5-3-2-2-79-POc-pata-a,"tree trunk, fallen tree, log; stem of a plant; body; corpse",,bataŋ,pmp-bata-1,,,PMP
5-3-2-2-80-POc-tubuqa-a,"grow, thrive, swell",,tubuq,pmp-tubuq-1,,,PMP
5-3-2-2-81-PEOc-qabe-a,body,,[q]abe-,peoc-qabe-1,,,PEOc
5-3-3-1-81-POc-pisiko-a,"flesh, muscle, meat",,pisiko,poc-pisiko-1,,,POc
5-3-3-1-82-PSV-navvsao-a,"meat, flesh",,na-vVsaɣo-,psv-navvsao-1,,,PSV
5-3-3-2-82-POc-jiji-a,"flesh, meat",,Sesi,pan-sesi-1,,,PAn
5-3-3-3-82-POc-draraq-a,blood,,daRaq,pan-daraq-1,,,PAn
5-3-3-4-85-POc-tuqan-a,bone,,CuqelaL,pan-cuqelal-1,,,PAn
5-3-3-4-88-POc-suri-a,bone,,suRi-,poc-suri-1,,,POc
5-3-3-5-89-POc-kulit-a,skin,,kulit,pmp-kulit-1,,,PMP
5-3-3-5-91-POc-pinut-a,"skin, bark",,pinut,poc-pinut-1,,,POc
5-3-3-6-91-POc-kiras-a,scar,,kiras,pmp-kiras-1,,,PMP
5-3-3-6-91-POc-pilat-a,scar,,bilat,pmp-bilat-1,,,PMP
5-3-3-7-92-POc-puru-a,head hair; feather,,puRu-,poc-puru-1,,,POc
5-3-3-7-92-POc-ipu-a,"head hair, feather",,ipu-,poc-ipu-2,,,POc
5-3-3-7-93-POc-raun-a,leaf,,dahun,pmp-dahun-1,,,PMP
5-3-3-7-94-POc-qupan-a,grey hair,,qubaL,pan-qubal-1,,,PAn
5-3-3-7-94-PPn-sina-a,white or grey hair,,sina,ppn-sina-1,,,PPn
5-3-3-7-94-POc-palala-a,bald,,pʷalala,poc-palala-1,,,POc
5-3-3-7-95-POc-papata-a,bald,,(pʷa)pʷata,poc-papata-1,,,POc
5-3-3-7-95-PWOc-baeka-a,bald,,"bʷ(a,e)ka",pwoc-baeka-1,,,PWOc
5-3-3-7-95-PNCV-masu-a,bald,,mʷasu,pncv-masu-1,,,PNCV
5-3-3-8-96-POc-pulu-a,"body hair; fur; feather; down; floss on plant stems; color; type, kind",,bulu-,pmp-bulu-2,,,PMP
5-3-3-8-97-POc-pulupulu-a,hairy; hair-like growths; plants with hair-like growths,,bulu-bulu,pmp-bulubulu-1,,,PMP
5-3-3-8-98-POc-koro-a,pubic hair,,koRo,poc-koro-2,,,POc
5-3-3-9-98-POc-urat-a,"artery, blood vessel, vein; muscle; nerve; sinew; tendon",,huRaC,pan-hurac-1,,,PAn
5-3-3-9-100-POc-waroc-a,"generic term for vines and creepers; string, rope; vein, tendon",,waRo(c),poc-waroc-1,,,POc
5-3-4-1-101-POc-qulu-a,head,,quluh,pan-quluh-1,,,PAn
5-3-4-1-102-POc-quluqulu-a,"head-end, upper part",,qulu qulu,pan-quluqulu-1,,,PAn
5-3-4-2-104-POc-ppatuk-a,"outer shell, skull",,batuk,pmp-batuk-1,,,PMP
5-3-4-2-105-POc-ppatuppatu-a,"hard, strong, firm",,"[(p,pʷ)atu](p,pʷ)atu",poc-ppatuppatu-1,,,POc
5-3-4-2-107-POc-pau-a,head,,pʷau-,poc-pau-1,,,POc
5-3-4-3-108-POc-raqe-a,forehead,,daqey,pan-daqey-1,,,PAn
5-3-4-3-109-POc-drama-a,forehead,,dramʷa-,poc-drama-1,,,POc
5-3-4-3-110-POc-puole-a,forehead,,"p(u,o)le-",poc-puole-1,,,POc
5-3-4-4-110-POc-qutok-a,"brain, marrow",,hutek,pmp-hutek-1,,,PMP
5-3-4-4-111-POc-paraq-a,coconut embryo,,para,pmp-para-1,,,PMP
5-3-4-4-111-PWOc-siema-a,brain,,"s(i,e)ma-",pwoc-siema-1,,,PWOc
5-3-4-5-112-POc-kieju-a,"back of head, base of skull, occiput, nape",,"k(i,e)ju-",poc-kieju-1,,,POc
5-3-4-5-113-PNGOc-gieju-a,"back of head, base of skull, occiput, nape",,"g(i,e)ju-",pngoc-gieju-1,,,PNGOc
5-3-4-6-113-POc-manawa-a,"breathe, breath",,LiSawa,pan-lisawa-1,,,PAn
5-3-4-6-114-POc-maawa-a,"fontanelle, forehead",,maŋawa-,poc-maawa-1,,,POc
5-3-4-6-114-POc-tubua-a,crown of head,,tubuŋa,poc-tubua-1,,,POc
5-3-4-7-114-POc-nako-a,face,,nako-,poc-nako-1,,,POc
5-3-4-7-115-POc-qarop-a,"front, face",,qadəp,pan-qadp-1,,,PAn
5-3-4-8-116-POc-papara-a,cheek,,papaR,pcemp-papar-1,,,PCEMP
5-3-4-8-117-PNCV-balase-a,"jawbone (of pig), chin, cheek",,balase,pncv-balase-1,,,PNCV
5-3-4-8-117-POc-tabal-a,side of head,,tabal,poc-tabal-1,,,POc
5-3-4-9-117-POc-mata-a,eye; face,,maCa,pan-maca-1,,,PAn
5-3-4-9-118-POc-puluqimata-a,eyelash,,bulu ni mata,pmp-bulunimata-1,,,PMP
5-3-4-9-119-POc-pisinmata-a,eyelash,,pisi(n)-mata,poc-pisinmata-1,,,POc
5-3-4-9-119-POc-pasu-a,cheek bone,,pasu[ŋ],pmp-pasu-1,,,PMP
5-3-4-9-120-PEOc-pinupinunimata-a,eyelid,,pinu-pinu ni mata,peoc-pinupinunimata-1,,,PEOc
5-3-4-9-121-POc-kanoqimata-a,eyeball,,kanoŋ qi mata,poc-kanoqimata-1,,,POc
5-3-4-10-122-POc-talia-a,ear; k.o. tree fungus,,Caliŋa,pan-calia-1,,,PAn
5-3-4-11-123-POc-icu-a,nose,,ijuŋ,pmp-iju-1,,,PMP
5-3-4-11-124-POc-balrusu-a,nose,,"bʷa(l,R)usu-",poc-balrusu-1,,,POc
5-3-4-11-125-POc-oroorok-a,channel above upper lip,,ŋoro-ŋorok,poc-oroorok-1,,,POc
5-3-4-11-125-PNPn-poaqiisu-a,nostril,,poŋa qi isu,pnpn-poaqiisu-1,,,PNPn
5-3-4-12-126-POc-uju-a,"nasal area, snout; mouth",,ŋusuq,pan-usuq-1,,,PAn
5-3-4-12-127-PPn-lauutu-a,lips,,lau-ŋutu,ppn-lauutu-1,,,PPn
5-3-4-12-127-POc-pipiri-a,lip,,biRbiR,pan-birbir-1,,,PAn
5-3-4-12-127-POc-bibiri-a,lips,,[bi]biRi-,poc-bibiri-1,,,POc
5-3-4-12-128-POc-papaq-a,"mouth, opening",,(bahaq)bahaq,pmp-bahaqbahaq-1,,,PMP
5-3-4-12-129-POc-qawa-a,"mouth, opening",,qawa,poc-qawa-1,,,POc
5-3-4-12-130-POc-maya-a,tongue,,maya,pcemp-maya-1,,,PCEMP
5-3-4-12-130-POc-karamaya-a,tongue,,kara-maya-,poc-karamaya-1,,,POc
5-3-4-12-131-PMM-lapei-a,tongue,,"lap(e,i)-",pmm-lapei-1,,,PMM
5-3-4-12-131-POc-nipo-a,tooth,,nipen,pan-nipen-1,,,PAn
5-3-4-12-132-POc-lipo-a,tooth,,lipen,pan-lipen-1,,,PAn
5-3-4-12-133-POc-para-a,molar tooth,,baReqaŋ,pmp-bareqa-1,,,PMP
5-3-4-12-133-POc-aro-a,molar tooth,,ŋaRo-,poc-aro-1,,,POc
5-3-4-12-133-PWOc-mao-a,molar tooth,,mʷao-,pwoc-mao-1,,,PWOc
5-3-4-12-134-POc-ado-a,"gums, palate",,ŋado-,poc-ado-1,,,POc
5-3-4-13-135-POc-qaseqase-a,"chin, jaw",,qazay,pmp-qazay-1,,,PMP
5-3-4-13-136-POc-kgabasekgabesikgabise-a,"chin, jawbone",,"(k,g)abase-~(k,g)abesi-~(k,g)abise-",poc-kgabasekgabesikgabise-1,,,POc
5-3-4-13-136-POc-kumi-a,beard,,kumis,pmp-kumis-1,,,PMP
5-3-4-14-137-POc-ruqa-a,neck,,Ruqa-,poc-ruqa-1,,,POc
5-3-4-14-138-POc-qalia-a,voice,,[qa]liŋa-,poc-qalia-1,,,POc
5-3-4-14-139-POc-qaliqor-a,neck,,liqeR,pan-liqer-1,,,PAn
5-3-4-14-140-PNCV-daleqo-a,"neck, throat; voice",,daleqo-,pncv-daleqo-1,,,PNCV
5-3-4-14-140-POc-kadro-a,neck ?,,kadro-,poc-kadro-1,,,POc
5-3-4-14-140-PPn-korokoro-a,throat,,koro-koro-,ppn-korokoro-1,,,PPn
5-3-5-1-141-POc-takuru-a,back,,takuRu-,poc-takuru-1,,,POc
5-3-5-2-142-PPn-papaatuqa-a,small/flat of back,,papa-a-tuqa,ppn-papaatuqa-1,,,PPn
5-3-5-3-143-POc-qapara-a,shoulder,,[qa]baRa,pan-qabara-1,,,PAn
5-3-5-3-143-PWOc-karo-a,shoulder,,kaRo,pwoc-karo-2,,,PWOc
5-3-5-4-144-POc-bae-a,armpit,,bʷae-,poc-bae-1,,,POc
5-3-5-4-144-POc-qapia-a,hold or carry under the arm,,qabin,pmp-qabin-1,,,PMP
5-3-5-5-145-POc-rumaruma-a,chest,,[Ruma]Ruma-,poc-rumaruma-1,,,POc
5-3-5-5-145-PPn-fatafata-a,chest,,fata-fata,ppn-fatafata-1,,,PPn
5-3-5-6-146-POc-kabe-a,one side of rib cage,,kabe-,poc-kabe-1,,,POc
5-3-5-6-146-PSES-garogaro-a,one side of rib cage,,[garo]garo-,pses-garogaro-1,,,PSES
5-3-5-6-147-POc-ragerage-a,one side of the upper rib cage,,[rage]rage-,poc-ragerage-1,,,POc
5-3-5-6-147-PPn-kasokaso-a,"ribs, upper side",,kaso-kaso,ppn-kasokaso-1,,,PPn
5-3-5-6-147-PPn-kaokao-a,"ribs, flank, side (of a canoe), upper side of person",,kao-kao,ppn-kaokao-1,,,PPn
5-3-5-7-148-POc-susu-a,breast,,susu,pan-susu-1,,,PAn
5-3-5-8-149-POc-mataqisusu-a,nipple,,mata ni susu,pmp-matanisusu-1,,,PMP
5-3-5-9-149-POc-tia-a,belly,,tiaL,pan-tial-1,,,PAn
5-3-5-9-150-POc-kapa-a,belly,,kapʷa,poc-kapa-2,,,POc
5-3-5-10-151-POc-puso-a,navel,,pusej,pmp-pusej-1,,,PMP
5-3-5-10-152-POc-bito-a,"navel, umbilical cord",,bʷito-,poc-bito-1,,,POc
5-3-5-11-154-PROc-kona-a,lower abdomen,,kona-,proc-kona-1,,,PROc
5-3-5-11-155-PPn-kona-a,lower abdomen,,kona,ppn-kona-1,,,PPn
5-3-5-11-155-PPn-paka-a,lower part of trunk,,paka-,ppn-paka-1,,,PPn
5-3-5-12-155-POc-bisi-a,"buttocks, anus",,bʷisi-,poc-bisi-1,,,POc
5-3-5-12-155-POc-bboto-a,buttocks,,"(b,bʷ)oto-",poc-bboto-1,,,POc
5-3-5-12-156-POc-buru-a,buttocks,,buru,poc-buru-2,,,POc
5-3-5-13-156-POc-kala-a,male genitals,,kʷala-,poc-kala-1,,,POc
5-3-5-13-156-POc-quti-a,penis,,qutiL,pan-qutil-1,,,PAn
5-3-5-13-157-PROc-ule-a,penis,,ule-,proc-ule-1,,,PROc
5-3-5-13-158-POc-lasor-a,scrotum and/or testicles,,lasoR,poc-lasor-1,,,POc
5-3-5-13-158-POc-kawa-a,"scrotum, testicles",,kʷawa-,poc-kawa-1,,,POc
5-3-5-13-158-POc-puki-a,vulva,,puki,pan-puki-1,,,PAn
5-3-5-13-159-POc-tole-a,female genitalia,,"teli, tila, tilay",pmp-telitilatilay-1,,,PMP
5-3-5-13-159-POc-kere-a,female genitals,,keRe-,poc-kere-1,,,POc
5-3-5-13-159-PCP-buku-a,female genitals,,buku,pcp-buku-1,,,PCP
5-3-6-1-160-POc-lima-a,hand,,[qa]lima,pan-qalima-1,,,PAn
5-3-6-1-161-POc-para-a,"hand, arm",,baRa,pmp-bara-1,,,PMP
5-3-6-1-162-POc-banic-a,wing,,pani(j),pmp-panij-2,,,PMP
5-3-6-2-162-PWOc-towas-a,upper arm,,towas,pwoc-towas-1,,,PWOc
5-3-6-2-163-POc-kame-a,hand,,kamay,pan-kamay-1,,,PAn
5-3-6-2-163-POc-minv-a,hand,,minV-,poc-minv-1,,,POc
5-3-6-3-164-POc-kauri-a,be on the left,,ka-wiRi,pan-kawiri-1,,,PAn
5-3-6-3-164-POc-mawiri-a,be on the left,,ma-wiRi-,pmp-mawiri-1,,,PMP
5-3-6-3-164-POc-mauri-a,left hand; left side or direction,,mauRi-,poc-mauri-1,,,POc
5-3-6-3-165-POc-wanan-a,"right (side, hand, direction)",,wanaL,pan-wanal-1,,,PAn
5-3-6-3-165-POc-kawanan-a,be to the right,,ka-wanaL,pan-kawanal-1,,,PAn
5-3-6-3-165-POc-mawanan-a,be to the right,,ma-wanaL,pan-mawanal-1,,,PAn
5-3-6-3-166-POc-taqu-a,right side,,taqu,pan-taqu-1,,,PAn
5-3-6-3-166-POc-kataqu-a,be on the right; right hand,,kataqu,poc-kataqu-1,,,POc
5-3-6-3-166-POc-mataqu-a,right side,,ma-taqu,pmp-mataqu-1,,,PMP
5-3-6-3-166-PSOc-matuqa-a,"right hand, right side",,matuqa,psoc-matuqa-1,,,PSOc
5-3-6-4-167-POc-qaqe-a,"foot, leg",,qaqay,pan-qaqay-1,,,PAn
5-3-6-4-167-POc-waqe-a,"foot, leg",,waqay,pan-waqay-1,,,PAn
5-3-6-5-168-POc-paqal-a,thigh,,paqa(l),poc-paqal-1,,,POc
5-3-6-5-169-POc-tur-a,knee,,tuduS,pan-tudus-1,,,PAn
5-3-6-5-170-PWOc-tuku-a,"knee, elbow",,tuku-,pwoc-tuku-1,,,PWOc
5-3-6-5-171-POc-qateqiqwaqay-a,calf,,"qate qi [q,w]aqay",poc-qateqiqwaqay-1,,,POc
5-3-6-5-172-POc-kiejuqiqaqe-a,heel,,"k(i,e)ju (qi) qaqe",poc-kiejuqiqaqe-1,,,POc
5-3-6-5-172-POc-mburiqiwqaqe-a,heel,,"[m,b]uri (qi) (w,q)aqe",poc-mburiqiwqaqe-1,,,POc
5-3-6-6-172-POc-male-a,footprint,,mʷale-,poc-male-1,,,POc
5-3-6-8-174-POc-patuka-a,"elbow, knee; joint, node",,pʷatu[ka]-,poc-patuka-1,,,POc
5-3-6-8-174-PSOc-bau-a,"knee, joint",,bʷau-,psoc-bau-1,,,PSOc
5-3-6-8-175-POc-siuku-a,"elbow, corner",,siku,pmp-siku-1,,,PMP
5-3-6-8-177-PWOc-kappa-a,"fingernail, toenail, claw (of quadruped or bird)",,"ka(p,pᵂ)a-",pwoc-kappa-1,,,PWOc
5-3-6-8-178-POc-tusu-a,"point at, point out, give directions",,tuzuq,pmp-tuzuq-1,,,PMP
5-3-6-8-178-PPn-mataalima-a,finger,,mata a lima,ppn-mataalima-1,,,PPn
5-3-6-8-178-POc-palaj-a,"palm of hand, sole of foot",,palaj,pmp-palaj-1,,,PMP
5-3-6-8-179-POc-lapar-a,"palm of hand, sole of foot",,lapʷar,poc-lapar-1,,,POc
5-3-6-8-179-POc-qaropqinlima-a,palm of hand,,"qarop qi [n,l]ima",poc-qaropqinlima-1,,,POc
5-3-6-8-179-POc-qaropqiqaqe-a,sole of foot,,qarop qi qaqe,poc-qaropqiqaqe-1,,,POc
5-3-6-8-180-PPn-tuqaawaqe-a,top of foot,,tuqa a waqe,ppn-tuqaawaqe-1,,,PPn
5-3-7-2-181-POc-buaq-a,fruit; areca nut and palm; heart,,buaq,pmp-buaq-1,,,PMP
5-3-7-2-181-POc-pusco-a,heart,,"pu(s,c)o-",poc-pusco-1,,,POc
5-3-7-2-182-PWOc-busaq-a,heart,,busa(q),pwoc-busaq-1,,,PWOc
5-3-7-3-182-POc-paraq-a,lung,,baRaq,pan-baraq-1,,,PAn
5-3-7-3-183-POc-qatebusabusaq-a,lungs,,qate busa-busaq,poc-qatebusabusaq-1,,,POc
5-3-7-3-183-POc-qatemaraqan-a,lungs,,[qate] maRaqa(n),poc-qatemaraqan-1,,,POc
5-3-7-4-184-POc-toba-a,stomach (internal organ),,tobʷa-,poc-toba-1,,,POc
5-3-7-4-185-PCP-kete-a,abdomen; basket,,kete,pcp-kete-1,,,PCP
5-3-7-4-185-POc-baloa-a,stomach; hollow space,,"bʷal(o,a)-",poc-baloa-1,,,POc
5-3-7-4-187-PCP-qalo-a,"spirit, soul, insides",,qalo,pcp-qalo-1,,,PCP
5-3-7-5-187-POc-tinaqe-a,guts,,Cinaqi,pan-cinaqi-1,,,PAn
5-3-7-5-188-POc-iso-a,intestines,,isaw,pmp-isaw-1,,,PMP
5-3-7-6-189-POc-qate-a,liver,,qaCay,pan-qacay-1,,,PAn
5-3-7-7-191-POc-qasun-a,"gall, gall bladder, octopus sepia",,qasun,poc-qasun-1,,,POc
5-3-7-8-192-POc-bila-a,spleen,,bila-,poc-bila-1,,,POc
5-3-7-8-192-PPn-qateloa-a,spleen,,qate-loa,ppn-qateloa-1,,,PPn
5-3-7-9-193-POc-ipiipi-a,kidney,,ip(i)-ipi,poc-ipiipi-1,,,POc
5-3-7-10-194-POc-piupu-a,bladder,,"p(i,u)pu-",poc-piupu-1,,,POc
5-3-7-10-194-PWOc-paoti-a,bladder,,"pʷ(a,o)ti-",pwoc-paoti-1,,,PWOc
5-3-7-11-195-POc-tapuni-a,"afterbirth, placenta",,tambuni,pmp-tambuni-1,,,PMP
5-3-7-11-195-PPn-fanua-a,placenta,,fanua,ppn-fanua-1,,,PPn
5-3-7-11-196-POc-drranum-a,"water, potable, drinking, fresh",,daLum,pan-dalum-1,,,PAn
5-3-8-1-196-PEOc-suruqimata-a,tears,,suRu qi mata,peoc-suruqimata-1,,,PEOc
5-3-8-1-197-PROc-wairnimata-a,tears,,wai(R) ni mata,proc-wairnimata-1,,,PROc
5-3-8-1-197-PPn-loqimata-a,tears,,lo-qi-mata,ppn-loqimata-1,,,PPn
5-3-8-2-198-POc-tulie-a,earwax,,"tuli, tilu",pmp-tulitilu-1,,,PMP
5-3-8-3-199-POc-orok-a,"snot; grunt, growl, snore",,ŋorok,poc-orok-1,,,POc
5-3-8-3-199-POc-baor-a,snot,,bʷaŋoR,poc-baor-1,,,POc
5-3-8-3-199-POc-drdapei-a,"snot, nasal mucus",,"(dr,d)ap(e,i)",poc-drdapei-1,,,POc
5-3-8-3-200-PPn-isupeqe-a,nasal mucus,,isu-peqe,ppn-isupeqe-1,,,PPn
5-3-8-5-201-POc-bira-a,"semen, smegma",,"biRas, biRaq",pmp-birasbiraq-1,,,PMP
5-3-8-5-201-POc-moro-a,"mucus, semen",,moro,poc-moro-1,,,POc
5-3-8-5-202-PCP-si-a,"semen, that which spurts out",,sī,pcp-si-1,,,PCP
5-3-8-6-202-POc-taqe-a,faeces,,Caqi,pan-caqi-1,,,PAn
5-3-8-6-203-PMM-takei-a,excrement,,"tak(e,i)",pmm-takei-1,,,PMM
5-3-9-1-204-POc-qanunu-a,"shadow, reflection",,qaLiŋu,pan-qaliu-1,,,PAn
5-3-9-1-205-PSOc-nunu-a,"shadow, image, reflection, soul",,nunu,psoc-nunu-1,,,PSOc
5-3-9-1-205-POc-qata-a,"soul, spirit; shadow, reflection",,qata,poc-qata-1,,,POc
5-3-9-2-206-POc-qaca-a,name,,ŋajan,pan-ajan-1,,,PAn
5-3-9-2-207-POc-isca-a,name,,"i(s,c)aŋ, i(s,c)a-",poc-iscaisca-1,,,POc
5-4-2-1-210-POc-maqurip-a,"life, alive",,qudip,pan-qudip-1,,,PAn
5-4-2-1-212-PPn-ola-a,"be alive, well, healthy; recover from illness",,ola,ppn-ola-1,,,PPn
5-4-2-1-212-POc-sola-a,"escape, flee, run away",,sola,poc-sola-1,,,POc
5-4-2-1-214-POc-mate-a,"die, dead; eclipse of sun or moon",,ma-aCay,pan-maacay-1,,,PAn
5-4-2-1-215-POc-matemate-a,to die in throngs; be on the verge of death,,m-atay m-atay,pmp-mataymatay-1,,,PMP
5-4-2-2-216-POc-qait-a,"copulate, have sexual intercourse",,"ayu[t,d]",pmp-ayutd-1,,,PMP
5-4-2-2-217-POc-pariqait-a,"copulate, have sexual intercourse with one another",,paRi-qait,poc-pariqait-1,,,POc
5-4-2-2-217-PEOc-pais-a,copulate,,"pai(s), pais-i-",peoc-paispaisi-1,,,PEOc
5-4-2-2-218-POc-kiuc-a,"thrusting movement of pelvis, as in sexual intercourse; sexual intercourse",,"kiu[d,t,q]",pmp-kiudtq-1,,,PMP
5-4-2-2-218-POc-duluri-a,"accompany, go together with",,duluR,pmp-dulur-1,,,PMP
5-4-2-2-219-POc-tianan-a,"belly, (be) pregnant",,tian-an,poc-tianan-1,,,POc
5-4-2-2-219-POc-panaru-a,give birth,,pañaRu,pmp-panaru-1,,,PMP
5-4-2-2-221-POc-pasusu-a,give birth,,pasu[su],poc-pasusu-1,,,POc
5-4-2-2-221-POc-pusa-a,be born,,pusa,poc-pusa-1,,,POc
5-4-2-2-222-POc-puta-a,(baby) be born,,puta,poc-puta-1,,,POc
5-4-2-2-222-PMM-poda-a,(baby) be born,,pʷoda,pmm-poda-1,,,PMM
5-4-3-1-226-POc-paan-a,eat,,paŋan,pmp-paan-1,,,PMP
5-4-3-1-227-POc-kani-a,eat,,kaen,pmp-kaen-1,,,PMP
5-4-3-1-229-PPn-kai-a,eat,,kai,ppn-kai-1,,,PPn
5-4-3-1-230-PROc-vavaani-a,"feed (animal, person)",,va-vaŋan-i,proc-vavaani-1,,,PROc
5-4-3-1-232-PPn-samu-a,eat one food only,,samu,ppn-samu-1,,,PPn
5-4-3-1-233-POc-kamu-a,eat,,kamu,poc-kamu-1,,,POc
5-4-3-1-233-POc-au-a,chew and eat,,ŋau,poc-au-1,,,POc
5-4-3-1-234-POc-aris-a,"gnaw, nibble, (perhaps of animals)",,"ŋari(s), ŋaris-i-",poc-arisarisi-1,,,POc
5-4-3-1-236-POc-as-a,crush with the teeth,,ŋasŋas,pmp-asas-1,,,PMP
5-4-3-1-237-PNNG-uru-a,suck and chew (sugarcane),,ŋuru,pnng-uru-1,,,PNNG
5-4-3-1-237-POc-qusi-a,chewing on sugarcane,,ququs,pmp-ququs-1,,,PMP
5-4-3-1-238-POc-mamaq-a,chew,,mamaq,pmp-mamaq-1,,,PMP
5-4-3-1-239-POc-meme-a,chew; (?) premasticate food for baby,,meme,poc-meme-1,,,POc
5-4-3-1-240-POc-namu-a,chew (betelnut?),,ñamu,poc-namu-1,,,POc
5-4-3-1-241-PEOc-dramu-a,chew,,dramu,peoc-dramu-1,,,PEOc
5-4-3-2-242-POc-minum-a,eat,,um-inum,pmp-uminum-1,,,PMP
5-4-3-2-242-POc-inum-a,drink,,inum,pmp-inum-1,,,PMP
5-4-3-2-245-POc-gkaga-a,"be open, as the mouth",,kaŋa,pmp-kaa-1,,,PMP
5-4-3-2-246-POc-irup-a,"sip, as soup or rice wine from a bowl",,SiRup,pan-sirup-1,,,PAn
5-4-3-2-247-POc-nonop-a,"drink, slurp, suck",,ñepñep,pmp-nepnep-1,,,PMP
5-4-3-2-247-POc-nosop-a,"sip, suck",,(pa)ñepsep,pmp-panepsep-1,,,PMP
5-4-3-2-247-POc-sosop-a,"sip, suck",,sepsep,pmp-sepsep-1,,,PMP
5-4-3-2-248-POc-sorop-a,"absorb, soak up",,seRep,pmp-serep-1,,,PMP
5-4-3-2-249-POc-tumu-a,suck,,tumu,poc-tumu-1,,,POc
5-4-3-2-249-POc-dumus-a,"suck on, suck up (liquid)",,dumu(s),poc-dumus-1,,,POc
5-4-3-2-249-PNCV-zimi-a,"sip, suck, taste",,zimi,pncv-zimi-1,,,PNCV
5-4-3-2-250-PPn-momi-a,"swallow, suck",,momi,ppn-momi-1,,,PPn
5-4-3-2-250-POc-susup-a,"sip, suck",,supsup,pan-supsup-1,,,PAn
5-4-3-2-251-POc-susu-a,suck (at the breast),,susu,pmp-susu-1,,,PMP
5-4-3-2-251-POc-susup-a,suck (the breast),,susup,poc-susup-1,,,POc
5-4-3-2-252-POc-pasusupi-a,"suckle, feed (baby) at the breast",,pa-susup-i-,poc-pasusupi-1,,,POc
5-4-3-2-252-POc-pasusu-a,"give the breast to, nurse a child",,pa-susu,pan-pasusu-1,,,PAn
5-4-3-2-252-PEOc-komu-a,suck at (a pipe),,komu,peoc-komu-1,,,PEOc
5-4-3-3-253-POc-pitolon-a,famine; hunger,,bitil,pmp-bitil-1,,,PMP
5-4-3-3-254-POc-malum-a,hungry,,mʷalum,poc-malum-1,,,POc
5-4-3-3-254-PCP-viakani-a,hungry,,via kani,pcp-viakani-1,,,PCP
5-4-3-3-255-ProtoMengen-matekana-a,hungry,,mate kana,protomengen-matekana-1,,,Proto Mengen
5-4-3-3-255-POc-maraqu-a,"thirst, hunger",,laqu,pmp-laqu-1,,,PMP
5-4-3-3-256-POc-madraqu-a,thirst,,madraqu,poc-madraqu-1,,,POc
5-4-3-3-256-PCP-viainu-a,thirsty,,via inu,pcp-viainu-1,,,PCP
5-4-3-3-256-POc-masur-a,"sated, full (of food)",,masuR,pmp-masur-1,,,PMP
5-4-3-4-258-POc-polom-a,swallow,,belen,pcemp-belen-1,,,PCEMP
5-4-3-4-259-POc-tilom-a,swallow,,tilen,pmp-tilen-1,,,PMP
5-4-3-4-262-PMic-toromi-a,"suck, sip",,torom-i-,pmic-toromi-1,,,PMic
5-4-3-4-264-POc-sonom-a,swallow,,sonom,poc-sonom-1,,,POc
5-4-3-4-265-PNGOc-soo-a,chew (betel),,soŋo,pngoc-soo-1,,,PNGOc
5-4-3-4-265-ProtoCentralMicronesian-woromi-a,swallow,,worom-i,protocentralmicronesian-woromi-1,,,Proto Central Micronesian
5-4-3-5-266-POc-karat-a,bite,,kaRat,pan-karat-1,,,PAn
5-4-3-5-266-POc-kati-a,bite,,kati[-],poc-kati-1,,,POc
5-4-3-5-267-POc-kotop-a,bite,,"kete[b,p]",pmp-ketebp-1,,,PMP
5-4-3-5-267-POc-oto-a,bite,,"[ma]ŋete[b,p]",pmp-maetebp-1,,,PMP
5-4-3-5-268-POc-kukut-a,"front teeth, incisors; gnaw, bite or tear off with the incisors",,gutgut,pmp-gutgut-1,,,PMP
5-4-3-5-268-POc-iri-a,bite,,ŋiri,poc-iri-1,,,POc
5-4-3-5-268-POc-dramis-a,"lick, taste",,d(r)amʷi(s),poc-dramis-1,,,POc
5-4-3-5-269-PNGOc-drama-a,lick,,d(r)amʷa,pngoc-drama-1,,,PNGOc
5-4-3-5-270-POc-komi-a,hold on by biting,,kemi,pmp-kemi-1,,,PMP
5-4-3-5-271-POc-ogom-a,hold in the mouth,,eŋgem,pmp-egem-1,,,PMP
5-4-3-5-271-POc-gomu-a,keep s.t. in the mouth,,gomu,poc-gomu-1,,,POc
5-4-3-5-271-POc-qumur-a,fill the mouth with food or water,,qumuR,pan-qumur-1,,,PAn
5-4-3-5-271-POc-omur-a,hold in the mouth,,emuR,pmp-emur-1,,,PMP
5-4-3-5-272-POc-mumur-a,hold in the mouth and suck,,muRmuR,pmp-murmur-1,,,PMP
5-4-3-5-272-POc-gumu-a,"gargle, rinse mouth",,kumuR,pmp-kumur-1,,,PMP
5-4-3-6-273-POc-misik-a,sucking noise made as a signal to another person,,misik,pmp-misik-1,,,PMP
5-4-3-6-273-POc-musu-a,"suck, make a sucking or kissing noise",,musu,poc-musu-1,,,POc
5-4-3-6-274-POc-miti-a,"suck, make a sucking noise",,mʷiti,poc-miti-1,,,POc
5-4-3-6-274-POc-isop-a,"suck, inhale",,hisep,pan-hisep-1,,,PAn
5-4-3-6-274-POc-ujumu-a,"suck, kiss, make kissing sound",,[u]jumu,poc-ujumu-1,,,POc
5-4-3-7-275-POc-masoru-a,hiccup,,sedu,pan-sedu-1,,,PAn
5-4-3-7-276-POc-torap-a,belch,,CeRab,pan-cerab-1,,,PAn
5-4-3-7-276-PMic-kurerae-a,to belch,,kurer[ae],pmic-kurerae-1,,,PMic
5-4-3-7-277-POc-bisi-a,to fart,,bʷisi,poc-bisi-2,,,POc
5-4-3-7-277-POc-qutut-a,flatulence; to fart,,qutut,pmp-qutut-1,,,PMP
5-4-3-7-277-POc-sirui-a,"blow, hiss, fart",,"siR[u,i]",poc-sirui-1,,,POc
5-4-3-7-278-POc-siki-a,to fart,,siki,poc-siki-1,,,POc
5-4-3-7-278-PMic-tii-a,fart,,tiŋi,pmic-tii-1,,,PMic
5-4-4-1-279-POc-madraraq-a,"bloody, bleeding; menstruate",,ma-daRaq,pmp-madaraq-1,,,PMP
5-4-4-3-280-POc-kanisu-a,to spit,,"kanisu, kanusu, kanusi, kinusu",pemp-kanisukanusukanusikinusu-1,,,PEMP
5-4-4-3-281-POc-kamisu-a,"spittle, to spit",,"kamisu, kimusu",poc-kamisukimusu-1,,,POc
5-4-4-3-281-POc-isu-a,to spit,,"ŋisu, ŋusu",poc-isuusu-1,,,POc
5-4-4-3-282-POc-kisu-a,to spit,,"kisu, kusu",poc-kisukusu-1,,,POc
5-4-4-3-282-POc-supa-a,"to spit, spittle, saliva",,supa(q),pmp-supaq-1,,,PMP
5-4-4-3-283-POc-kasupati-a,"to spit [on], spittle",,ka-supa[t-i],poc-kasupati-1,,,POc
5-4-4-3-284-POc-qijur-a,"saliva, spittle",,qizuR,pmp-qizur-1,,,PMP
5-4-4-4-284-POc-mumutaq-a,vomit,,utaq,pan-utaq-1,,,PAn
5-4-4-4-285-POc-luaq-a,"spit out, vomit",,liwaq,pmp-liwaq-1,,,PMP
5-4-4-6-286-POc-maqonota-a,sweat,,maqono[ta],poc-maqonota-1,,,POc
5-4-4-6-287-PPn-kakawa-a,"sweat, be sweaty",,ka-kawa,ppn-kakawa-1,,,PPn
5-4-4-7-288-POc-mimiq-a,"urine, urinate",,miqmiq,pmp-miqmiq-1,,,PMP
5-4-4-7-288-POc-mimis-a,urinate,,mimi(s),poc-mimis-1,,,POc
5-4-4-7-290-PSOc-mere-a,urine,,meRe-,psoc-mere-1,,,PSOc
5-4-4-7-290-PNGOc-bajurriu-a,urinate,,"bʷaju(r,R)(i,u)",pngoc-bajurriu-1,,,PNGOc
5-4-4-8-291-POc-pekas-a,defecate; faeces,,pekas,poc-pekas-1,,,POc
5-4-5-1-295-POc-mase-a,breathe,,[m]ase,poc-mase-1,,,POc
5-4-5-2-295-POc-oap-a,gasp for breath,,eŋap,pmp-eap-1,,,PMP
5-4-5-2-296-POc-ara-a,"be breathless, pant",,ŋaRa,poc-ara-1,,,POc
5-4-5-3-296-POc-orok-a,snore,,ŋorok,pmp-orok-1,,,PMP
5-4-5-4-297-POc-ipu-a,"breeze, draught of wind",,ibut,pmp-ibut-1,,,PMP
5-4-5-4-298-POc-upi-a,"(wind, person) blow",,upi,pcemp-upi-1,,,PCEMP
5-4-5-4-298-PEOc-pusui-a,blow s.t. forcefully from the mouth,,pus(u)-i-,peoc-pusui-1,,,PEOc
5-4-5-5-299-POc-qaap-a,"gape, open the mouth wide",,"qaŋa[p,b]",pmp-qaapb-1,,,PMP
5-4-5-5-299-POc-maap-a,"gape, open the mouth wide",,"q⟨um⟩aŋa[p,b]",pmp-qumaapb-1,,,PMP
5-4-5-5-300-POc-paaap-a,"gape, open the mouth wide",,"paŋaŋa[p,b]",pmp-paaapb-1,,,PMP
5-4-5-6-300-POc-mawap-a,yawn; (N) yawning,,"ma-Suab, Suab",pan-masuabsuab-1,,,PAn
5-4-5-6-301-POc-mamawap-a,to yawn,,ma-mawab,pcemp-mamawab-1,,,PCEMP
5-4-5-7-302-POc-koso-a,cough,,koso,poc-koso-1,,,POc
5-4-5-7-302-POc-pukur-a,cough,,pukuR,poc-pukur-1,,,POc
5-4-5-7-302-PROc-puruk-a,cough,,puRuk,proc-puruk-1,,,PROc
5-4-5-7-303-POc-kukau-a,cough,,"kuk(a,u)",poc-kukau-1,,,POc
5-4-5-7-303-PPn-tale-a,cough,,tale,ppn-tale-1,,,PPn
5-4-5-7-303-PPn-male-a,"cough, clear the throat",,male,ppn-male-1,,,PPn
5-4-5-8-303-POc-siuriut-a,"sniff, blow nose",,"s(i,u)r(i,u)(t)",poc-siuriut-1,,,POc
5-4-5-8-304-POc-paus-a,blow one’s nose,,"paŋus, paŋus-i-",poc-pauspausi-2,,,POc
5-4-5-8-304-PCP-veu-a,blow one’s nose,,veŋu,pcp-veu-1,,,PCP
5-4-5-9-305-POc-kasipe-a,sneeze,,(k)asipeŋ,poc-kasipe-1,,,POc
5-4-5-9-306-POc-kasiek-a,sneeze,,(k)asiŋe(k),poc-kasiek-1,,,POc
5-4-5-9-306-POc-kasio-a,sneeze,,(k)asio,poc-kasio-1,,,POc
5-4-5-9-307-POc-tise-a,sneeze,,tise,poc-tise-1,,,POc
5-4-5-9-307-PROc-matiua-a,sneeze,,"mʷat(i,u)a",proc-matiua-1,,,PROc
5-4-6-1-308-POc-maturur-a,sleep,,tuduR,pan-tudur-1,,,PAn
5-4-6-1-309-PWOc-mataip-a,be fast asleep,,mataip,pwoc-mataip-1,,,PWOc
5-4-6-1-309-PWOc-maputa-a,sleep,,[ma]puta,pwoc-maputa-1,,,PWOc
5-4-6-1-310-PEOc-moqe-a,be fast asleep,,mo(q)e,peoc-moqe-1,,,PEOc
5-4-6-1-310-PCP-moze-a,sleep,,moze,pcp-moze-1,,,PCP
5-4-6-2-311-PCP-viamoze-a,sleepy,,via moze,pcp-viamoze-1,,,PCP
5-4-6-2-312-POc-malumalumu-a,"weak, tired",,malu[-malumu],poc-malumalumu-1,,,POc
5-4-6-2-312-PCP-waiwai-a,"weak, tired",,wai-wai,pcp-waiwai-1,,,PCP
5-4-6-2-313-PPn-fitaqa-a,"be tired, fatigued",,fītaqa,ppn-fitaqa-1,,,PPn
5-4-6-3-313-POc-nipi-a,a dream; was dreamt by,,h-in-ipi,pmp-hinipi-1,,,PMP
5-4-6-3-313-POc-mipi-a,to dream,,h-um-ipi,pmp-humipi-1,,,PMP
5-4-6-3-314-POc-bbolre-a,to dream,,"(b,bʷ)o(l,R)e",poc-bbolre-1,,,POc
5-4-6-3-314-POc-tadraq-a,have a dream,,tadra(q),poc-tadraq-1,,,POc
5-4-6-4-315-POc-paun-a,"wake up, get out of bed",,baŋuL,pan-baul-1,,,PAn
5-4-6-4-316-PCP-qadra-a,"awaken, be awake",,qadra,pcp-qadra-1,,,PCP
5-4-6-4-316-POc-ropok-a,"to fly, jump",,Ropok,poc-ropok-1,,,POc
5-4-6-5-317-POc-kimo-a,"blink, flash",,kimet,pmp-kimet-1,,,PMP
5-4-6-5-317-PSOc-biliu-a,close eyes,,"bʷil(i,u)",psoc-biliu-1,,,PSOc
5-4-7-1-318-POc-malip-a,laugh,,malip,pcemp-malip-1,,,PCEMP
5-4-7-1-318-PEOc-mana-a,laugh,,mana,peoc-mana-1,,,PEOc
5-4-7-2-319-POc-sisi-a,"grin, show the teeth",,"ziziq, zizir",pmp-ziziqzizir-1,,,PMP
5-4-7-2-319-POc-ii-a,"grin, show the teeth",,ŋiŋi,pmp-ii-1,,,PMP
5-4-7-2-320-POc-isi-a,"grin, show the teeth",,ŋisi,pmp-isi-1,,,PMP
5-4-7-2-320-POc-iisa-a,"bare one’s teeth, grin",,[ŋi]ŋisa,poc-iisa-1,,,POc
5-4-7-3-321-POc-tais-a,to cry,,Caŋis,pan-cais-1,,,PAn
5-4-7-3-322-POc-aras-a,cry loudly,,ŋara(s),poc-aras-1,,,POc
5-4-7-4-323-POc-ukuk-a,"grunt, moan",,"ŋuk, ŋuk-ŋuk",pmp-ukukuk-1,,,PMP
5-4-7-6-324-POc-riri-a,"tremble, shiver",,"riri, ridriŋ",poc-ririridri-1,,,POc
5-4-7-6-325-POc-dridri-a,tremble,,dridri,poc-dridri-1,,,POc
5-4-7-6-325-POc-rere-a,"tremble, shiver, shake with fear, be fearful",,rere,poc-rere-1,,,POc
5-4-7-6-326-POc-drerdre-a,"tremble, shake",,"dre(r,dr)e",poc-drerdre-1,,,POc
5-4-7-6-327-POc-ruru-a,"shake, tremble",,ruru,poc-ruru-1,,,POc
5-4-7-6-327-PROc-drudru-a,"shake, tremble",,drudru,proc-drudru-1,,,PROc
5-4-7-6-328-POc-ninir-a,"shake, tremble, rock",,ninih,pmp-ninih-1,,,PMP
5-4-8-1-329-POc-maridri-a,cold,,ma-diŋdiŋ,pmp-madidi-1,,,PMP
5-4-8-1-330-POc-madridri-a,cold,,mandiŋ-diŋ,pmp-mandidi-1,,,PMP
5-4-8-1-330-POc-makaridri-a,cold,,maka-diŋdiŋ,pmp-makadidi-1,,,PMP
5-4-8-1-331-POc-malaso-a,be cold,,malaso,poc-malaso-1,,,POc
5-4-8-1-331-POc-ppoqut-a,be cold,,"(p,pʷ)o(q)ut",poc-ppoqut-1,,,POc
5-4-8-2-331-POc-mapanas-a,"be/become warm, hot (of fire, sun, fever, water)",,[ma]panas,pmp-mapanas-1,,,PMP
5-4-8-2-332-POc-mainit-a,"hot, warm",,maN-qinit,pmp-manqinit-1,,,PMP
5-4-8-2-333-POc-tunutunu-a,hot,,tunu-tunu,poc-tunutunu-1,,,POc
5-5-3-1-336-POc-masakit-a,"be in pain, be sick",,masakit,pmp-masakit-1,,,PMP
5-5-3-1-337-PWOc-majikqi-a,"be in pain, be sore",,"[ma]ji(k,q)i",pwoc-majikqi-1,,,PWOc
5-5-3-1-338-POc-pitik-a,"throb, beat",,pi(n)tik,pmp-pintik-1,,,PMP
5-5-3-1-338-POc-ppidik-a,throb,,"(p,pʷ)idik",poc-ppidik-1,,,POc
5-5-3-2-339-POc-manuka-a,wounded,,ma-Luka,pan-maluka-1,,,PAn
5-5-3-2-340-POc-loto-a,"boil, abscess",,loto,poc-loto-1,,,POc
5-5-3-2-340-POc-paraoq-a,"abscess, boil, swelling on the body",,baReq,pan-bareq-1,,,PAn
5-5-3-2-340-POc-mataniparaoq-a,core of a boil,,mata ni baReq,pmp-matanibareq-1,,,PMP
5-5-3-2-340-POc-pasa-a,sore on skin,,pʷasa,poc-pasa-1,,,POc
5-5-3-2-341-PNCV-vosa-a,"a sore, a boil",,vosa,pncv-vosa-1,,,PNCV
5-5-3-2-341-POc-bisul-a,"boil, abscess",,bisul,pmp-bisul-1,,,PMP
5-5-3-2-342-POc-boto-a,swelling,,boto[-],poc-boto-1,,,POc
5-5-3-2-342-POc-nanaq-a,pus,,nanaq,pan-nanaq-1,,,PAn
5-5-3-2-343-POc-makinit-a,"to be stung, have a stinging pain",,makini(t),poc-makinit-2,,,POc
5-5-3-2-344-POc-karak-a,ringworm; to itch,,karak,poc-karak-1,,,POc
5-5-3-2-344-POc-makato-a,"itch, feel itchy",,gaCel,pan-gacel-1,,,PAn
5-5-3-2-345-PPn-maesho-a,"itch(y), sexually titillated",,"maŋe(s,h)o",ppn-maesho-1,,,PPn
5-5-3-2-345-PMic-kasu-a,to itch,,kāSu,pmic-kasu-1,,,PMic
5-5-3-2-345-POc-putir-a,"wart, cyst, non-purulent skin eruption",,buteliR,pmp-butelir-1,,,PMP
5-5-3-3-346-POc-kurikuri-a,"scurfy skin disease, scabies",,kuris,pan-kuris-1,,,PAn
5-5-3-3-346-POc-karukaru-a,"scratch, rasp",,karut,pmp-karut-1,,,PMP
5-5-3-3-346-POc-kasikasi-a,scabies,,kʷasi-kʷasi,poc-kasikasi-1,,,POc
5-5-3-3-347-POc-puni-a,"ringworm, _Tinea imbricata_",,buqeni,pan-buqeni-1,,,PAn
5-5-3-3-348-ProtoMalaitaMakira-garata-a,ringworm,,garat-a,protomalaitamakira-garata-1,,,Proto Malaita-Makira
5-5-3-3-348-POc-pano-a,fungus infection which produces light patches on the skin: _Tinea flava_ or _Pityriasis_,,panaw,pmp-panaw-1,,,PMP
5-5-3-3-349-PROc-tani-a,disease characterised by pale patches on skin,,tani,proc-tani-1,,,PROc
5-5-3-4-350-POc-luka-a,"sore, wound",,Luka,pan-luka-1,,,PAn
5-5-3-4-350-PCP-jona-a,yaws; octopus sucker,,jona,pcp-jona-1,,,PCP
5-5-3-6-351-POc-uul-a,arthritic or rheumatic pain,,ŋulŋul,pmp-ulul-1,,,PMP
5-5-3-7-352-PPn-sela-a,"asthma, gasp for breath",,sela,ppn-sela-1,,,PPn
5-5-3-9-353-POc-sana-a,diarrhoea,,sana,poc-sana-1,,,POc
5-5-3-11-354-POc-pira-a,elephantiasis,,pʷiRa,poc-pira-1,,,POc
5-5-3-11-356-PEOc-tubua-a,general term for swelling,,tubuŋa,peoc-tubua-1,,,PEOc
5-5-3-11-356-POc-popol-a,"hydropoesia, bodily swelling caused by water retention",,belbel,pmp-belbel-1,,,PMP
5-5-3-13-356-POc-pilor-a,cataract of the eye,,bileR,pmp-biler-1,,,PMP
5-5-3-13-357-POc-pular-a,cataract of the eye,,bulaR,pan-bular-1,,,PAn
5-5-3-13-357-POc-jsila-a,cross-eyed,,zilak,pmp-zilak-1,,,PMP
5-5-3-14-358-POc-bool-a,deaf,,beŋel,pmp-beel-1,,,PMP
5-5-3-14-358-POc-papo-a,deaf and dumb,,pʷapo,poc-papo-2,,,POc
5-5-3-16-359-POc-lili-a,(be) dizzy,,"lili, talili",poc-lilitalili-1,,,POc
5-5-3-16-359-PWMic-maaliali-a,"circle, circling, dizzy",,mʷa-ali-ali,pwmic-maaliali-1,,,PWMic
5-5-3-16-360-PPn-ninimo-a,vertigo,,[ni]nimo,ppn-ninimo-1,,,PPn
5-5-3-17-360-PCP-sape-a,"malformed, of foot, club-footed",,sape,pcp-sape-1,,,PCP
5-5-3-18-361-PPn-fasa-a,"mad, crazy",,fasa,ppn-fasa-1,,,PPn
5-5-4-1-361-POc-mapo-a,"heal, be healed, cured, especially of wounds and sores",,mapo,poc-mapo-1,,,POc
5-5-4-2-362-POc-puras-a,spray water from the mouth,,buReS,pan-bures-1,,,PAn
5-5-4-2-363-POc-puruk-a,to spray spittle etc. from the mouth for magical purposes,,puRuk,poc-puruk-1,,,POc
5-5-4-2-363-POc-samos-a,"massage, stroke",,"samo(s), samos-i-",poc-samossamosi-1,,,POc
5-5-4-2-363-PROc-amosi-a,"massage, stroke",,amosi,proc-amosi-1,,,PROc
5-5-4-2-364-POc-lomiq-a,"press, knead",,lemiq,pmp-lemiq-1,,,PMP
5-5-4-2-364-POc-ddrari-a,"rub, smear, anoint",,"(d,dr)aRi",poc-ddrari-1,,,POc
5-5-4-2-365-PPn-mili-a,"rub, massage",,mili,ppn-mili-1,,,PPn
5-6-2-1-369-POc-mono-a,"sit, stay, dwell",,mono(ŋ),poc-mono-1,,,POc
5-6-2-1-370-POc-nopoq-a,"sit, stay, dwell",,nopo(q),poc-nopoq-1,,,POc
5-6-2-1-371-POc-mian-a,"sit, stay, live",,mia[n],poc-mian-1,,,POc
5-6-2-1-372-POc-toka-a,come to rest in a place,,tekas,pmp-tekas-1,,,PMP
5-6-2-2-374-POc-tuqur-a,stand,,tuqud,pmp-tuqud-1,,,PMP
5-6-2-2-376-POc-tutu-a,stand,,tutu,poc-tutu-2,,,POc
5-6-2-2-377-POc-madriri-a,stand,,diRi,pan-diri-1,,,PAn
5-6-2-2-377-PNGOc-midi-a,stand,,midi,pngoc-midi-1,,,PNGOc
5-6-2-3-378-POc-qenop-a,lie down to sleep,,qinep,pan-qinep-1,,,PAn
5-6-2-3-379-PCP-koto-a,lie down,,koto,pcp-koto-1,,,PCP
5-6-2-4-380-POc-tike-a,"squat, sit on haunches",,tike,poc-tike-1,,,POc
5-6-2-4-380-PWOc-tudru-a,kneel,,tudruŋ,pwoc-tudru-1,,,PWOc
5-6-2-4-382-POc-taur-a,"hang, be suspended",,tau(r),poc-taur-1,,,POc
5-6-2-4-382-POc-tuku-a,"(person) hang by the arms, dangle",,tuku,poc-tuku-1,,,POc
5-6-2-4-383-POc-sorop-a,hang,,sorop,poc-sorop-2,,,POc
5-6-2-4-383-POc-kuru-a,hang,,kuRu,poc-kuru-1,,,POc
5-6-2-4-383-POc-ukukut-a,"hang, suspend",,(u)kuku(t),poc-ukukut-1,,,POc
5-6-2-4-384-POc-paralat-a,"be leaning, slanting",,pʷaralat,poc-paralat-1,,,POc
5-6-3-1-386-POc-lako-a,"move, go, walk",,lakaw,pmp-lakaw-1,,,PMP
5-6-3-1-391-POc-yaku-a,"go, go away",,[y]aku,poc-yaku-1,,,POc
5-6-3-1-391-POc-oro-a,"come, go",,oRo,poc-oro-1,,,POc
5-6-3-1-392-POc-pana-a,"go, move, walk",,pana,poc-pana-1,,,POc
5-6-3-1-392-POc-aliali-a,"move, change place",,aliq,pmp-aliq-1,,,PMP
5-6-3-1-393-POc-rakat-a,walk,,rakat,pan-rakat-1,,,PAn
5-6-3-1-394-POc-laka-a,"step, stride; omit or skip over",,la(ŋ)kaq,pmp-lakaq-1,,,PMP
5-6-3-1-395-POc-panopano-a,walk,,pa(no)-pano,poc-panopano-1,,,POc
5-6-3-1-395-POc-pajale-a,"walk about, take a walk",,pajale,poc-pajale-1,,,POc
5-6-3-1-396-POc-iaropu-a,run,,"(i,a)ropu",poc-iaropu-1,,,POc
5-6-3-1-396-POc-joas-a,move quickly,,joŋas,poc-joas-1,,,POc
5-6-3-1-396-POc-karaka-a,crawl on all fours,,kaRaka,poc-karaka-1,,,POc
5-6-3-1-397-POc-ddrarac-a,crawl (along the ground),,"(d,dr)aRaC",poc-ddrarac-1,,,POc
5-6-3-1-397-PCP-dolo-a,crawl (along the ground),,dolo,pcp-dolo-1,,,PCP
5-6-3-1-398-POc-tige-a,"hop on one leg, limp",,tige,poc-tige-1,,,POc
5-6-3-1-398-POc-buli-a,"turn round, rotate",,puliŋ,pmp-puli-1,,,PMP
5-6-3-1-399-POc-ppuluki-a,roll,,"(p,pʷ)uluk-i-",poc-ppuluki-1,,,POc
5-6-3-1-399-POc-ppuri-a,roll,,"(p,pʷ)uri-",poc-ppuri-1,,,POc
5-6-3-1-400-POc-panaik-a,climb,,panahik,pmp-panahik-1,,,PMP
5-6-3-2-401-PPn-lele-a,"fly, run, leap",,lele,ppn-lele-1,,,PPn
5-6-3-2-402-POc-ppukka-a,fall,,"(p,pʷ)u(k,kʷ)a",poc-ppukka-1,,,POc
5-6-3-2-403-POc-apu-a,fall,,(a)pu,poc-apu-1,,,POc
5-6-3-3-403-POc-palaur-a,go down to the sea or coast,,pa-lahud,pmp-palahud-1,,,PMP
5-6-3-3-404-POc-turup-a,wade,,tuRu(p),poc-turup-1,,,POc
5-6-3-3-405-POc-karu-a,swim,,kaRu,poc-karu-2,,,POc
5-6-3-3-406-POc-qasa-a,swim,,qasa,poc-qasa-2,,,POc
5-6-3-3-406-PEOc-olo-a,swim,,olo,peoc-olo-1,,,PEOc
5-6-3-3-406-POc-ruku-a,"go under water, duck under (s.t.), bow the head",,ruku,poc-ruku-1,,,POc
5-6-3-3-407-PMic-ruku-a,"tip, go under water",,ruku,pmic-ruku-1,,,PMic
5-6-3-3-407-POc-maqanur-a,"drift on a current, carried away by flowing water",,qañud,pan-qanud-1,,,PAn
5-6-3-3-408-POc-salir-a,"flow, of water",,saliR,pmp-salir-1,,,PMP
5-6-3-3-408-PWOc-pati-a,"float, drift, be carried on water",,pʷati,pwoc-pati-1,,,PWOc
5-6-4-1-409-POc-uliq-a,"return home; return something; restore, repair; repeat; motion to and from",,uliq,pmp-uliq-1,,,PMP
5-6-4-1-410-POc-mule-a,return home,,um-uliq,pmp-umuliq-1,,,PMP
5-6-4-1-411-PEOc-poki-a,return,,poki,peoc-poki-1,,,PEOc
5-6-4-2-412-POc-liu-a,"turn aside, change direction",,liu,poc-liu-1,,,POc
5-6-4-2-413-POc-maliu-a,turn round,,ma-liuS,pan-malius-1,,,PAn
5-6-4-2-414-POc-likot-a,"turn, rotate",,liget,pmp-liget-1,,,PMP
5-6-4-2-414-POc-tabulos-a,"turn round, turn back",,[ta]bulo(s),poc-tabulos-1,,,POc
5-6-4-2-415-POc-pulos-a,turn round,,pulo(s),poc-pulos-1,,,POc
5-6-4-2-416-PNCV-vilesi-a,turn,,"viles-i, vilos-i",pncv-vilesivilosi-1,,,PNCV
5-6-4-3-416-POc-liu-a,"surpass, exceed",,liu,pmp-liu-1,,,PMP
5-6-4-4-417-POc-potu-a,"appear, come into view",,betu,pmp-betu-1,,,PMP
5-6-4-4-418-POc-posa-a,appear,,pʷosa,poc-posa-1,,,POc
5-6-4-4-418-POc-pura-a,"arrive, appear",,pura,poc-pura-1,,,POc
5-6-4-4-419-POc-paka-a,come into view,,pʷaka,poc-paka-2,,,POc
5-6-5-1-419-POc-udru-a,"accompany, go with (s.o.)",,ud(r)u,poc-udru-1,,,POc
5-6-5-2-420-POc-sokgon-a,"gather, congregate",,"so(k,g)o(n)",poc-sokgon-1,,,POc
5-6-5-2-420-POc-lupun-a,"gather, congregate",,lupun,poc-lupun-1,,,POc
5-6-5-3-420-POc-muqa-a,"be in front, precede",,muqa,poc-muqa-2,,,POc
5-6-5-3-421-PWOc-muga-a,"be in front, precede",,muga,pwoc-muga-1,,,PWOc
5-6-5-3-421-POc-muri-a,"be last; be after or behind; be late, be later; future",,ma-udehi,pmp-maudehi-1,,,PMP
5-6-6-1-426-POc-alap-a,"fetch, get, take",,alap,panpmp-alap-1,,,PAn/PMP
5-6-6-1-426-POc-alaq-a,"fetch, get, take",,alaq,pmp-alaq-1,,,PMP
5-6-6-1-427-POc-pa-a,"get, take, bring",,"pa, pa-i-",poc-papai-1,,,POc
5-6-6-1-427-POc-alei-a,"get, take, carry, bring",,"ŋal(e,i)",poc-alei-1,,,POc
5-6-6-1-428-POc-kau-a,"get, take",,"kʷau, kʷa(p,b)-i-",poc-kaukapbi-1,,,POc
5-6-6-1-429-POc-kkawe-a,"carry, carry away",,"(k,kʷ)awe",poc-kkawe-1,,,POc
5-6-6-1-429-POc-laat-a,"raise, pull up, lever up",,"laŋa(t), laŋat-i-",poc-laatlaati-1,,,POc
5-6-6-1-431-POc-qusur-a,"thrust out, extend forward",,qunzur,pmp-qunzur-1,,,PMP
5-6-6-1-432-POc-jujun-a,push,,"juju(n), juni-",poc-jujunjuni-1,,,POc
5-6-6-1-432-POc-rape-a,"pull, drag",,Rape,poc-rape-1,,,POc
5-6-6-1-433-POc-dradra-a,"pull, haul, drag",,dada,pcemp-dada-1,,,PCEMP
5-6-6-2-434-POc-puat-a,"lift, stand up, arise, emerge, begin, depart, carry; cargo; take something; take a wife",,buhat,pmp-buhat-1,,,PMP
5-6-6-2-435-POc-suqun-a,carry on the head,,suquL,pan-suqul-1,,,PAn
5-6-6-2-436-PWOc-kudru-a,carry on the head,,kud(r)u,pwoc-kudru-1,,,PWOc
5-6-6-2-437-POc-pappa-a,carry a person pick-a-back; ride pick-a-back,,baba,panpmp-baba-1,,,PAn/PMP
5-6-6-2-438-POc-papa-a,carry a child slung on the back,,papa,poc-papa-1,,,POc
5-6-6-2-439-POc-sape-a,"drape over the shoulder or from a line, as a cloth",,sampay,pmp-sampay-1,,,PMP
5-6-6-2-439-POc-solat-a,carry with a shoulder pole,,"sola(t), solat-i-",poc-solatsolati-1,,,POc
5-6-6-2-440-POc-siripi-a,carry on a long shoulder pole between two people,,sirip-i,poc-siripi-1,,,POc
5-6-6-2-441-POc-tibola-a,carry on a long shoulder pole between two people; long shoulder pole (?),,tibʷola,poc-tibola-1,,,POc
5-6-6-2-441-PNGOc-pakuo-a,carry on a long shoulder pole between two people,,"pak(u,o)",pngoc-pakuo-1,,,PNGOc
5-6-6-2-441-POc-qappis-a,carry (a child) on the hip or under the arm,,"qa(p,pʷ)i(s), qa(p,pʷ)is-i-",poc-qappisqappisi-1,,,POc
5-6-6-2-443-POc-tabe-a,carry in both arms,,tabe,poc-tabe-1,,,POc
5-6-6-2-445-PROc-qara-a,"haul, drag",,(q)ara,proc-qara-1,,,PROc
5-6-6-3-449-POc-taruq-a,"put down, lay down",,taRu(q),poc-taruq-1,,,POc
5-6-6-3-450-POc-aso-a,put,,aso,poc-aso-1,,,POc
5-6-6-3-450-PEOc-naki-a,put,,naki-,peoc-naki-1,,,PEOc
5-6-6-3-450-PNGOc-kurra-a,put,,ku(rR)a,pngoc-kurra-1,,,PNGOc
5-6-6-3-450-PSOc-lii-a,"put, leave",,liŋi,psoc-lii-1,,,PSOc
5-6-6-3-451-POc-soo-a,"put into, insert",,soŋo,poc-soo-1,,,POc
5-6-6-3-452-POc-unus-a,"withdraw, pull out, extract",,SuLus,pan-sulus-1,,,PAn
5-6-6-3-453-POc-piri-a,"stone, throw a stone at",,biriŋ,pcemp-biri-1,,,PCEMP
5-6-6-3-454-POc-liis-a,pour,,iliŋ,pmp-ili-1,,,PMP
5-6-6-3-454-POc-puri-a,pour water on,,puRi,poc-puri-1,,,POc
5-6-6-3-455-PWOc-jiwar-a,pour out (liquid),,"jiwaR, jiwaR-i-",pwoc-jiwarjiwari-1,,,PWOc
5-6-6-3-455-PCP-suqi-a,pour water on/into,,suqi,pcp-suqi-1,,,PCP
5-7-2-1-458-POc-pait-a,"do, make",,bai(t),pcemp-bait-1,,,PCEMP
5-7-2-2-460-PWOc-paisok-a,plant (tuber +),,"pai-sok, pai-sok-i",pwoc-paisokpaisoki-1,,,PWOc
5-7-2-2-461-POc-pasok-a,"wooden nail, dowel; drive in, as a wooden nail, dowel, or fencepost",,pasek,panpmp-pasek-1,,,PAn/PMP
5-7-3-1-462-POc-qalop-a,"beckon, wave",,qalep,panpmp-qalep-1,,,PAn/PMP
5-7-3-1-463-POc-taraqalop-a,"beckon, wave",,"ta(Ra)-qalo(p), ta(Ra)-qalop-i-",poc-taraqaloptaraqalopi-1,,,POc
5-7-3-1-463-POc-kamot-a,"signal with the hand, beckon (with the palm upward ?)",,"kamo(t), kamot-i-",poc-kamotkamoti-1,,,POc
5-7-3-1-464-PPn-kamo-a,beckon; make sign with hand or eye,,"kamo, kamo-t-ia",ppn-kamokamotia-1,,,PPn
5-7-3-1-464-POc-kawe-a,wave the hand or arms; call by waving,,kaway,pmp-kaway-1,,,PMP
5-7-3-1-464-PNGOc-dawe-a,wave the hand,,dawe,pngoc-dawe-1,,,PNGOc
5-7-3-2-465-POc-irip-a,fan,,irid,pmp-irid-1,,,PMP
5-7-3-2-466-PWOc-tapi-a,fan,,tapi,pwoc-tapi-1,,,PWOc
5-7-3-3-466-POc-lawe-a,take hold of,,lawe,poc-lawe-1,,,POc
5-7-3-3-467-POc-paqarok-a,"snatch, seize, rob",,"paqaRo(k), paqaRok-i-",poc-paqarokpaqaroki-1,,,POc
5-7-3-4-467-POc-qabit-a,seize with the hands,,(q)ambit,pmp-qambit-1,,,PMP
5-7-3-4-468-POc-sokop-a,"seize, grasp",,cekep,pmp-cekep-1,,,PMP
5-7-3-4-468-POc-taur-a,hold in the hand,,"tau(r), taur-i-",poc-taurtauri-1,,,POc
5-7-3-4-469-POc-poso-a,hold,,poso,poc-poso-1,,,POc
5-7-3-4-469-POc-gogom-a,fist; hold in the fist,,gemgem,pan-gemgem-1,,,PAn
5-7-4-2-471-POc-kiliki-a,tickle,,kilik,pmp-kilik-1,,,PMP
5-7-4-2-471-POc-kiris-a,tickle,,"kirik, kidi, gidik, giri",pmp-kirikkidigidikgiri-1,,,PMP
5-7-5-1-473-POc-paras-a,"step, tread",,paRas,poc-paras-1,,,POc
5-7-5-1-474-POc-butu-a,"stamp foot, tread, kick",,butu,poc-butu-1,,,POc
5-7-6-1-475-POc-siusiu-a,bathe,,ziuq,pmp-ziuq-1,,,PMP
5-7-6-1-476-POc-ririus-a,bathe,,diRus,panpmp-dirus-1,,,PAn/PMP
5-7-6-1-476-POc-susup-a,"wash by immersing oneself, dive",,su-su(p),poc-susup-2,,,POc
5-7-6-1-478-POc-sugup-a,"wash by immersing oneself, dive",,sugu(p),poc-sugup-1,,,POc
5-7-6-1-479-POc-nunup-a,"wash by immersing oneself, dive",,ñu-ñu(p),poc-nunup-1,,,POc
5-7-6-1-479-POc-nugupi-a,wash s.o. by immersing them,,ñugup-i-,poc-nugupi-1,,,POc
5-7-6-1-479-POc-nului-a,wash s.o.,,ñulu-i-,poc-nului-1,,,POc
5-7-6-1-480-POc-lolosop-a,"bathe, wash by swimming",,"lo-loso(p), losop-i-",poc-lolosoplosopi-1,,,POc
5-7-6-1-481-POc-kaya-a,"bathe, swim",,kʷaya,poc-kaya-1,,,POc
5-7-6-2-482-POc-puriq-a,"wash, as the hands",,buRiq,pmp-buriq-1,,,PMP
5-7-6-2-483-POc-puqi-a,"rinse, wash",,puqi,poc-puqi-1,,,POc
5-7-6-2-483-POc-pano-a,wash the body,,bañaw,pan-banaw-1,,,PAn
5-7-6-2-484-POc-japula-a,"wash one’s hands, clean s.o.",,japula,poc-japula-1,,,POc
5-7-6-2-484-POc-goso-a,wash s.o./s.t.,,goso,poc-goso-1,,,POc
5-7-7-1-484-POc-tari-a,wait,,tari,poc-tari-2,,,POc
5-7-7-2-485-POc-puni-a,"hide, conceal",,buLi,pan-buli-1,,,PAn
5-7-7-2-486-POc-muni-a,hide,,m-uni,pmp-muni-1,,,PMP
5-8-2-None-492-POc-kita-a,see,,kita,pmp-kita-1,,,PMP
5-8-2-None-492-POc-reki-a,"see, look, see s.t., look at s.t.",,"reki[-], reqi[-]",poc-rekireqi-1,,,POc
5-8-2-None-493-POc-liqos-a,"look, see",,liqos,poc-liqos-1,,,POc
5-8-2-None-494-POc-taddraq-a,"look, look up",,"ta(d,dr)aq",poc-taddraq-1,,,POc
5-8-2-None-496-POc-kilop-a,"glance, glimpse",,kilep,pmp-kilep-1,,,PMP
5-8-2-None-496-POc-kilat-a,open the eyes wide,,kilat,pmp-kilat-1,,,PMP
5-8-2-None-497-POc-qilo-a,"be aware of, discern, see",,qilo,poc-qilo-1,,,POc
5-8-2-None-498-PPn-qiloqilo-a,"be wise, aware",,qiloqilo,ppn-qiloqilo-1,,,PPn
5-8-2-None-498-PPn-fakaqiloqilo-a,make s.o. wise,,faka-qiloqilo,ppn-fakaqiloqilo-1,,,PPn
5-8-2-None-498-PPn-qiloa-a,"to know, be aware",,qilo-a,ppn-qiloa-1,,,PPn
5-8-2-None-498-PPn-fakaqiloa-a,make s.t. known,,faka-qilo-a,ppn-fakaqiloa-1,,,PPn
5-8-2-None-499-PPn-fakaqiloa-a,"mark, sign, signal",,faka-qilo-ŋa,ppn-fakaqiloa-2,,,PPn
5-8-2-None-499-PWOc-nasi-a,look,,nasi,pwoc-nasi-1,,,PWOc
5-8-3-None-500-POc-roor-a,"hear s.t., listen to s.t.",,roŋoR-,poc-roor-1,,,POc
5-8-3-None-501-POc-rloon-a,hear,,"(r,l)oŋon",poc-rloon-1,,,POc
5-8-3-None-502-POc-loor-a,hear,,loŋoR,poc-loor-1,,,POc
5-8-4-None-503-POc-saoin-a,emit a smell,,"s[a,o]ŋin",poc-saoin-1,,,POc
5-8-4-None-504-POc-quru-a,emit a smell,,quruŋ,poc-quru-1,,,POc
5-8-4-None-505-POc-asok-a,smell,,Sajek,pan-sajek-1,,,PAn
5-8-4-None-505-POc-bonas-a,"to smell, stink",,bona(s),poc-bonas-1,,,POc
5-8-4-None-506-PSV-abieni-a,emit an odour,,a-b(i)eni,psv-abieni-1,,,PSV
5-8-4-None-507-POc-bo-a,smell bad,,bahu,pmp-bahu-1,,,PMP
5-8-4-None-507-POc-bawan-a,"odour, stench",,bahu-an,pmp-bahuan-1,,,PMP
5-8-4-None-508-POc-qaor-a,stench of urine,,qaŋeSeR,pan-qaeser-1,,,PAn
5-8-4-None-508-POc-soo-a,"acrid, pungent, of odor",,seŋet,pmp-seet-1,,,PMP
5-8-4-None-509-POc-masit-a,vile smell,,maŋsit,pmp-masit-1,,,PMP
5-8-5-None-510-POc-nanami-a,"taste, tasty",,ñamñam,pmp-namnam-1,,,PMP
5-8-5-None-511-POc-tami-a,"taste, try",,"tamiq, tamis",pmp-tamiqtamis-1,,,PMP
5-8-5-None-512-POc-mamis-a,sweet,,ma-amis,pan-maamis-1,,,PAn
5-8-5-None-512-POc-napi-a,taste s.t.,,ñapi-,poc-napi-1,,,POc
5-8-5-None-512-POc-topo-a,"try, test, experiment",,tepeŋ,pmp-tepe-1,,,PMP
5-8-5-None-514-POc-sigkil-a,touch with the fingers,,"si(g,k)il, si(g,k)il-i-",poc-sigkilsigkili-1,,,POc
5-8-5-None-514-POc-taop-a,"take hold of, grasp, touch with the hand",,taŋo(p),poc-taop-1,,,POc
5-8-5-None-515-PWOc-sau-a,"reach out with hand, touch",,sau,pwoc-sau-1,,,PWOc
5-8-5-None-515-PNCV-tiqeli-a,"touch, reach",,tiqel-i,pncv-tiqeli-1,,,PNCV
5-9-2-2-523-POc-lalo-a,"inside, interior; seat of emotions",,dalem,pmp-dalem-1,,,PMP
5-10-2-None-537-POc-kilala-a,"know (a person), recognise, be acquainted with; feel, perceive",,kilala,pmp-kilala-1,,,PMP
5-10-2-None-539-POc-qataq-a,"know, understand, realise (that)",,qataq,poc-qataq-2,,,POc
5-10-2-None-540-PPn-qatamai-a,"intelligent, expert, clever",,qata-mai,ppn-qatamai-1,,,PPn
5-10-2-None-540-POc-taqu-a,"know how, be able to, be skilled at",,Caqu,pan-caqu-1,,,PAn
5-10-2-None-540-POc-mataqu-a,"know, understand, be experienced",,ma-taqu,poc-mataqu-2,,,POc
5-10-2-None-542-ProtoWillaumez-maci-a,know,,maci,protowillaumez-maci-1,,,Proto Willaumez
5-10-2-None-542-PPT-siba-a,know,,siba,ppt-siba-1,,,PPT
5-10-2-None-542-PNCV-bisi-a,know,,"bisi, b⟨in⟩isi",pncv-bisibinisi-1,,,PNCV
5-10-3-None-544-POc-nonom-a,think,,nemnem,pan-nemnem-1,,,PAn
5-10-3-None-545-POc-drodrom-a,"brood, hold a grudge, remember, keep still",,demdem,pan-demdem-1,,,PAn
5-10-3-None-546-POc-qajom-a,"heart, mind",,ajem,pan-ajem-1,,,PAn
5-10-3-None-546-POc-nuka-a,"think, feel",,nuka,poc-nuka-1,,,POc
5-10-3-None-547-POc-manacam-a,"tame, accustomed to",,ma-Lajam,pan-malajam-1,,,PAn
5-10-4-None-550-POc-tutuna-a,"true, able to be believed, correct",,[tu]tuna,poc-tutuna-1,,,POc
5-10-4-None-550-POc-tduqu-a,"true, able to be believed",,"(t,d)uqu",poc-tduqu-1,,,POc
5-10-4-None-551-POc-tonuq-a,"straight, correct",,tonuq,poc-tonuq-1,,,POc
5-10-4-None-552-POc-maqoli-a,"true, able to be believed",,ma-qoli,poc-maqoli-1,,,POc
5-10-4-None-553-POc-maqoni-a,"true, real",,ma-qoni,poc-maqoni-1,,,POc
5-10-4-None-553-POc-mola-a,"true, real, genuine",,molaŋ,pemp-mola-1,,,PEMP
5-10-4-None-553-POc-moqi-a,true,,moqi,poc-moqi-1,,,POc
5-10-4-None-554-PSES-utu-a,true,,"utu, utuni",pses-utuutuni-1,,,PSES
5-10-4-None-554-POc-bonor-a,"true, righteous, honest",,bener,pmp-bener-1,,,PMP
5-10-6-None-558-PPn-nimo-a,"vanish, forget",,nimo,ppn-nimo-1,,,PPn
5-10-6-None-558-POc-maloq-a,"submerged rock or coral reef, coral head",,mʷaloq,poc-maloq-1,,,POc
5-10-10-None-562-POc-piliq-a,"choose, select, pick out",,piliq,pan-piliq-1,,,PAn
5-10-11-None-564-POc-towa-a,"imitate, learn by imitation",,towa,poc-towa-1,,,POc
5-10-11-None-565-POc-usuri-a,imitate,,"usuri, usawiri",poc-usuriusawiri-1,,,POc
5-10-11-None-565-POc-akop-a,learn,,akop,poc-akop-1,,,POc
5-10-11-None-566-POc-nanau-a,"teach, learn",,[ña]ñau,poc-nanau-1,,,POc
5-11-2-2-568-POc-lapuat-a,"big, large; chief",,lapuat,poc-lapuat-1,,,POc
5-11-2-3-569-POc-matolu-a,thick (of flat objects),,ma-tolu,poc-matolu-1,,,POc
5-11-2-3-570-POc-tubutubuka-a,"thick (in dimension); fat (of vegetable, fruit, human being)",,[tubu]tubu[ka],poc-tubutubuka-1,,,POc
5-11-2-3-570-POc-manipis-a,thin,,[ma]Lipis,pan-malipis-1,,,PAn
5-11-2-3-570-PNCV-magura-a,"thin, lean",,magura,pncv-magura-1,,,PNCV
5-11-2-4-571-POc-kayukayu-a,"strong, tough, inflexible",,kayu-kayu,poc-kayukayu-1,,,POc
5-11-2-4-572-PROc-kayukayua-a,strong,,[kayu]kayu-a,proc-kayukayua-1,,,PROc
5-11-2-4-572-PEOc-kaila-a,"strong, firm",,kaila,peoc-kaila-1,,,PEOc
5-11-2-4-573-POc-malumu-a,"soft, tender, gentle",,[ma]lumu,pmp-malumu-1,,,PMP
5-11-3-None-575-PPn-aa-a,"habit, custom, way of acting",,aŋa,ppn-aa-1,,,PPn
5-11-3-1-576-POc-lacam-a,"accustomed to, tame",,Lajam,pan-lajam-1,,,PAn
5-11-3-1-577-PWOc-manapas-a,"tame (of animals); quiet, domesticated (of people)",,ma-napas,pwoc-manapas-1,,,PWOc
5-11-3-1-577-PNCV-madau-a,"quiet, gentle",,madau,pncv-madau-1,,,PNCV
5-11-3-2-579-POc-qateppatu-a,brave,,"qate-(p,pʷ)atu",poc-qateppatu-1,,,POc
5-11-3-4-581-POc-kila-a,wild; insane,,gila,pmp-gila-1,,,PMP
5-11-3-4-581-POc-aquaqu-a,"stupid, ignorant",,[ŋa(q)u]ŋa(q)u,poc-aquaqu-1,,,POc
5-11-3-4-582-POc-bapu-a,"ignorant, stupid",,bʷa(p)u,poc-bapu-1,,,POc
5-11-3-4-582-POc-baba-a,"a fool; foolish, stupid, insane",,[bʷa]bʷaŋ,poc-baba-2,,,POc
5-11-3-4-582-PCP-wale-a,"ignorant, unskilled, stupid, mad",,wale,pcp-wale-1,,,PCP
5-11-3-4-583-PPn-poto-a,"wise, clever",,poto,ppn-poto-1,,,PPn
5-11-4-1-584-POc-matakut-a,be afraid,,matakut,poc-matakut-1,,,POc
5-11-4-2-585-POc-mayaq-a,"shy, embarrassed; ashamed",,ma-Seyaq,pan-maseyaq-1,,,PAn
5-11-4-3-587-POc-qarop-a,"like, be fond of",,qarep,pmp-qarep-1,,,PMP
5-11-4-3-587-POc-dolom-a,"love, pity, sorrow, compassion",,dolom,poc-dolom-1,,,POc
5-11-4-3-588-PWOc-qudu-a,"be sorry for, pity, be merciful",,"(q)udu, (q)udu-an",pwoc-quduquduan-1,,,PWOc
5-11-4-4-589-PPn-fiafia-a,happy,,fia-fia,ppn-fiafia-1,,,PPn
5-11-4-4-589-POc-puiawa-a,happiness,,puia-wa,poc-puiawa-1,,,POc
5-11-4-7-591-PEOc-lole-a,be confused,,lole,peoc-lole-1,,,PEOc
5-11-4-8-592-PPn-ofo-a,"wake up, be startled",,ofo,ppn-ofo-1,,,PPn
5-11-4-8-592-POc-lalorutu-a,surprised,,(lalo-) -rutu,poc-lalorutu-1,,,POc
5-11-5-None-593-POc-pian-a,"want, desire, wish or long for",,pian,pmp-pian-1,,,PMP
5-11-6-1-596-POc-puia-a,good,,ma-pia,pmp-mapia-1,,,PMP
5-11-6-1-597-PEOc-leka-a,good,,leka,peoc-leka-1,,,PEOc
5-11-6-2-597-POc-saqat-a,bad,,zaqat,pmp-zaqat-1,,,PMP
5-11-6-2-598-POc-saqati-a,bad,,saqati,poc-saqati-1,,,POc
5-11-6-2-599-POc-jika-a,"be soiled, weakened",,jika,poc-jika-1,,,POc
3-2-5-None-35-POc-waruwaru-a,primary forest,,[waRu]waRu,poc-waruwaru-1,,,POc
3-2-6-1-41-POc-kana-a,"dish, plate, meal",,kan-an,pmp-kanan-1,,,PMP
3-2-6-1-42-POc-kuta-a,staple food,,kuta,poc-kuta-1,,,POc
3-2-6-2-43-POc-tamaji-a,additional ingredients to accompany starchy food,,tamaji,poc-tamaji-1,,,POc
3-2-7-1-45-POc-kayuqone-a,_Heritiera littoralis_,,kayu qone,poc-kayuqone-1,,,POc
3-2-7-2-50-PWOc-pudipudi-a,wild banana,,pudi-pudi,pwoc-pudipudi-1,,,PWOc
3-3-4-1-71-PMic-fadoka-a,"planted thing, cultivated plants",,fadoka,pmic-fadoka-1,,,PMic
3-3-4-1-71-PMic-fadoki-a,to plant (s.t.),,fadok(-i),pmic-fadoki-1,,,PMic
3-3-4-2-71-POc-kayu-a,"tree, wood, timber",,kayu,pmp-kayu-1,,,PMP
3-3-4-2-73-PPn-raakau-a,"generic term for tree or woody plant; wood, timber; generic for all plants",,raʔakau,ppn-raakau-1,,,PPn
3-3-4-4-74-POc-waroc-a,"vine, creeper",,waRej,pmp-warej-1,,,PMP
3-3-4-5-75-POc-palisji-a,(type of ?) grass,,"bali(j,z)i",pmp-balijzi-1,,,PMP
3-3-4-6-77-POc-lumut-a,"generic term for mosses, algaes and seaweeds",,lumut,poc-lumut-1,,,POc
3-3-4-6-77-POc-limut-a,"generic term for mosses, algaes and seaweeds",,limut,poc-limut-1,,,POc
3-4-2-1-90-POc-puqun-a,"base of tree, source, origin",,puqun,pmp-puqun-1,,,PMP
3-4-2-1-91-POc-qulu-a,"head; top part; leader, chief; headwaters; handle of a bladed implement; prow of a boat; first, first-born",,qulu,pmp-qulu-1,,,PMP
3-4-2-1-91-PPn-tahi-a,(heart)wood,,tahi,ppn-tahi-1,,,PPn
3-4-2-1-92-PNPn-taitea-a,sapwood,,tai-tea,pnpn-taitea-1,,,PNPn
3-4-2-1-92-POc-uso-a,"umbilical cord, core innards or digestive organs of a shellfish",,uso,poc-uso-1,,,POc
3-4-2-2-92-POc-barabara-a,"stem or stalk of non-woody plants, such as taro and banana, probably also the soft stems of leaves",,baRa-baRa,poc-barabara-1,,,POc
3-4-2-3-94-POc-raqan-a,branch,,daqan,pan-daqan-1,,,PAn
3-4-2-3-95-POc-rakoq-a,branch,,daŋkeq,pmp-dakeq-1,,,PMP
3-4-2-3-95-POc-ragaq-a,branch,,daŋkaq,pmp-dakaq-1,,,PMP
3-4-2-3-96-POc-masaa-a,"to be branching or forked (vi); branch (of tree, river, path), fork, crotch (N)",,ma-saŋa,poc-masaa-1,,,POc
3-4-2-3-97-PPn-maa-a,"branch, fork; branching, forked",,maŋa,ppn-maa-1,,,PPn
3-4-2-4-99-POc-wakar-a,root,,wakaR,pmp-wakar-1,,,PMP
3-4-2-4-100-POc-wakari-a,root,,wakaR-i,pemp-wakari-1,,,PEMP
3-4-2-4-100-POc-akarr-a,root,,"aka(r,R)",poc-akarr-1,,,POc
3-4-2-4-100-POc-lalict-a,buttress roots,,dalij,pmp-dalij-1,,,PMP
3-4-2-4-101-POc-ramut-a,"fine, hair-like roots",,Ramut,poc-ramut-1,,,POc
3-4-2-4-103-POc-wakot-a,mangrove root,,waket,pmp-waket-1,,,PMP
3-4-2-5-103-POc-raun-a,leaf,,dahun,pan-dahun-1,,,PAn
3-4-2-5-107-POc-galao-a,taro leaves,,"gal(a,o)",poc-galao-1,,,POc
3-4-2-6-110-POc-sjuli-a,to transplant,,"(s,j)uli",poc-sjuli-1,,,POc
3-4-2-6-110-POc-qili-a,"sprout, shoot (esp. of banana or taro)",,qili,poc-qili-1,,,POc
3-4-2-6-111-POc-rama-a,"shoot, new leaf, seedling",,rama,poc-rama-1,,,POc
3-4-2-6-111-POc-pere-a,"to sprout, grow",,pʷer(e),poc-pere-1,,,POc
3-4-2-7-113-POc-see-a,flower,,see,poc-see-1,,,POc
3-4-2-7-113-PCP-sei-a,"flower, especially as an ornament",,sei,pcp-sei-1,,,PCP
3-4-2-8-115-POc-puaq-a,fruit,,buaq,pan-buaq-1,,,PAn
3-4-2-8-116-POc-puu-a,"bunch, cluster (of grain, fruit, areca nuts, etc.)",,puŋu,pmp-puu-1,,,PMP
3-4-2-8-116-POc-jamuqaa-a,"cluster of flowers or fruit, usually palms",,"jamu(qa,a)",poc-jamuqaa-1,,,POc
3-4-2-8-117-POc-qiti-a,bunch of bananas,,qitiŋ,pmp-qiti-1,,,PMP
3-4-2-8-117-POc-kulo-a,"stem of fruit, especially banana",,kulo,poc-kulo-1,,,POc
3-4-2-9-118-POc-patu-a,stone,,batu,pan-batu-1,,,PAn
3-4-2-9-119-PEOc-lisa-a,"nit, louse's egg",,li(ŋ)sa,pan-lisa-1,,,PAn
3-4-2-9-119-PWOc-kalijo-a,edible kernel of breadfruit segments,,kalijo,pwoc-kalijo-1,,,PWOc
3-4-2-9-120-POc-malo-a,"breadfruit flower, breadfruit core",,malo-,poc-malo-2,,,POc
3-4-2-10-122-PROc-kilit-a,"skin, bark",,kilit,proc-kilit-1,,,PROc
3-4-2-11-123-POc-buliut-a,"viscous, sticky",,"belit, bulit",pan-belitbulit-1,,,PAn
3-4-2-12-125-POc-drruri-a,thorns,,duRi,pmp-duri-1,,,PMP
3-4-2-12-125-POc-potok-a,"thorn, barb of stingray",,poto(k),poc-potok-1,,,POc
3-5-2-None-131-PNGOc-domu-a,"seagrass sp., perhaps _Enhalus_",,domu,pngoc-domu-1,,,PNGOc
3-5-2-None-131-POc-karagam-a,"seaweed, seagrass",,karagʷam,poc-karagam-1,,,POc
3-5-3-1-132-POc-pure-a,taxon of beach creepers; perhaps prototypically _Ipomoea grandiflora_ and _Ipomoea pes-caprae_,,puRe,poc-pure-1,,,POc
3-5-3-2-133-POc-qateqate-a,"a climbing plant, _Wedelia biflora_",,qatay-qatay,pmp-qatayqatay-1,,,PMP
3-5-4-1-134-POc-kanawan-a,_Cordia_ spp.,,kanawa,pmp-kanawa-1,,,PMP
3-5-4-1-135-POc-toru-a,_Cordia subcordata_,,toRu,poc-toru-1,,,POc
3-5-4-1-136-POc-jasi-a,_Cordia subcordata_,,jasi,pcemp-jasi-1,,,PCEMP
3-5-4-1-136-PWOc-nagi-a,_Cordia_ sp.,,nagi,pwoc-nagi-1,,,PWOc
3-5-4-1-137-POc-biribiri-a,_Hernandia nymphaeifolia_,,biRi-biRi,poc-biribiri-1,,,POc
3-5-4-1-138-PROc-buavu-a,_Hernandia_ sp.,,buavu,proc-buavu-1,,,PROc
3-5-4-1-138-POc-paru-a,_Hibiscus tiliaceus_,,baRu,pmp-baru-1,,,PMP
3-5-4-1-140-PEOc-pakalo-a,_Hibiscus_ sp.,,"pakalo, pʷakala",peoc-pakalopakala-1,,,PEOc
3-5-4-1-141-POc-irac-a,_Pemphis acidula_,,ŋiRaj,pmp-iraj-1,,,PMP
3-5-4-1-142-POc-nasunasu-a,_Scaevola taccada_,,nasu-nasu,pemp-nasunasu-1,,,PEMP
3-5-4-1-143-POc-pbanaro-a,_Thespesia populnea_,,banaRo,pmp-banaro-1,,,PMP
3-5-4-1-143-PEOc-milo-a,_Thespesia populnea_,,milo,peoc-milo-1,,,PEOc
3-5-4-1-145-PPn-tausinu-a,_Tournefortia argentea_,,tausinu,ppn-tausinu-1,,,PPn
3-5-4-1-145-PMic-cen-a,_Tournefortia argentea_,,cen,pmic-cen-1,,,PMic
3-5-4-1-146-POc-drala-a,"shrub sp., _Vitex trifolia_",,drala,poc-drala-1,,,POc
3-5-4-2-147-POc-ware-a,_Flagellaria indica_,,huaR,pmp-huar-1,,,PMP
3-5-4-2-148-POc-dradrap-a,_Hoya_ sp.,,"(d,r)a(d,r)ap",pcemp-dradrap-1,,,PCEMP
3-5-5-2-150-POc-putun-a,"a shore tree, _Barringtonia_",,butun,pmp-butun-1,,,PMP
3-5-5-2-151-PNCV-vuabu-a,_Barringtonia asiatica_,,vuabu,pncv-vuabu-1,,,PNCV
3-5-5-3-153-POc-pitaqur-a,_Calophyllum inophyllum_,,bitaquR,pmp-bitaqur-1,,,PMP
3-5-5-3-154-PMM-buyap-a,_Calophyllum inophyllum_,,bu(y)ap,pmm-buyap-1,,,PMM
3-5-5-3-154-POc-tamanu-a,_Calophyllum_ sp.,,tamanu,poc-tamanu-1,,,POc
3-5-5-3-154-PEOc-bakura-a,"_Calophyllum_ sp., probably _Calophyllum kajewskii_",,bakuRa,peoc-bakura-1,,,PEOc
3-5-5-3-155-POc-dalo-a,_Calophyllum inophyllum_,,talo,pcemp-talo-1,,,PCEMP
3-5-5-3-156-PNGOc-sabarri-a,_Calophyllum_ sp.,,"sabʷa(r,R)i",pngoc-sabarri-1,,,PNGOc
3-5-5-4-157-POc-aru-a,a shore tree: _Casuarina equisetifolia_,,[q]aRuhu,pmp-qaruhu-1,,,PMP
3-5-5-4-158-POc-arutais-a,_Casuarina equisetifolia_,,aRu-taŋis,poc-arutais-1,,,POc
3-5-5-4-158-POc-pilaqu-a,_Casuarina equisetifolia_,,pila(q)u,pmp-pilaqu-1,,,PMP
3-5-5-5-159-POc-barbar-a,"coral tree, _Erythrina variegata_",,baRbaR,pmp-barbar-1,,,PMP
3-5-5-5-160-POc-rarap-a,"coral tree, _Erythrina_ spp.",,dapdap,pmp-dapdap-1,,,PMP
3-5-5-6-162-PPn-poumuli-a,_Flueggea flexuosa_,,pou-muli,ppn-poumuli-1,,,PPn
3-5-5-6-162-POc-burat-a,_Fagraea berteroana_,,buRat,poc-burat-1,,,POc
3-5-5-6-163-PCP-buabua-a,_Guettarda speciosa_ or _Fagraea_ sp.,,bua-bua,pcp-buabua-1,,,PCP
3-5-5-7-164-POc-mapuqan-a,_Flueggea flexuosa_,,mapuqan,poc-mapuqan-1,,,POc
3-5-5-8-165-POc-panopano-a,_Guettarda speciosa_,,[pʷano]pʷano,poc-panopano-2,,,POc
3-5-5-9-166-POc-qope-a,_Gyrocarpus americanus_,,qope,poc-qope-1,,,POc
3-5-5-10-167-PROc-varo-a,_Neisosperma oppositifolium_,,vaRo,proc-varo-1,,,PROc
3-5-5-10-167-PSOc-vato-a,_Neisosperma oppositifolium_,,vato,psoc-vato-1,,,PSOc
3-5-5-11-168-POc-anuli-a,_Pisonia umbellifera_,,anuliŋ,pmp-anuli-1,,,PMP
3-5-5-11-168-PROc-buka-a,"taxon of littoral trees, including _Pisonia_ spp. and _Gyrocarpus americanus_",,buka,proc-buka-1,,,PROc
3-5-5-12-170-POc-pesi-a,"a coastal forest tree, perhaps _Pongamia pinnata_",,pesi,poc-pesi-1,,,POc
3-5-5-13-171-POc-qarop-a,_Premna_ spp.,,qarop,poc-qarop-1,,,POc
3-6-2-1-175-PWOc-baul-a,"mangrove, _Rhizophora_ sp. (?)",,baul,pwoc-baul-1,,,PWOc
3-6-3-1-176-POc-toor-a,"mangrove, _Bruguiera_ spp.",,teŋeR,pan-teer-1,,,PAn
3-6-4-1-179-POc-ppawat-a,"_Cerbera_ spp., probably _Cerbera floribunda_ and _Cerbera manghas_",,"(p,pʷ)awa(t)",poc-ppawat-1,,,POc
3-6-4-1-179-PCP-rewa-a,"tree, _Cerbera_ sp., probably _Cerbera_ odollam",,rewa,pcp-rewa-1,,,PCP
3-6-4-2-180-POc-tui-a,_Dolichandrone spathacea_,,tuiʔ,pmp-tui-1,,,PMP
3-6-4-3-181-POc-dotoq-a,sticky liquids including the sap of (some?) trees,,dotoq,poc-dotoq-1,,,POc
3-6-4-4-182-PSES-qoneqone-a,_Heritiera littoralis_,,(q)one-(q)one,pses-qoneqone-1,,,PSES
3-6-4-5-182-POc-nipaq-a,_Nypa fruticans_,,nipaq,pan-nipaq-1,,,PAn
3-6-4-6-183-POc-tapil-a,"puzzlenut tree, _Xylocarpus granatum_",,tapi(l),poc-tapil-1,,,POc
3-6-4-6-183-PCP-legilegi-a,"puzzlenut tree, _Xylocarpus granatum_",,legi-legi,pcp-legilegi-1,,,PCP
3-7-3-1-187-POc-sabakap-a,_Alstonia scholaris_,,sabakap,poc-sabakap-1,,,POc
3-7-3-2-188-POc-babak-a,_Falcataria moluccana_,,babak,poc-babak-2,,,POc
3-7-3-2-189-POc-pail-a,_Falcataria moluccana_ or _Albizia_ sp.,,bail,pcemp-bail-1,,,PCEMP
3-7-3-2-189-POc-kaik-a,_Albizia_ sp.,,ka(w)iak,pcemp-kawiak-1,,,PCEMP
3-7-3-3-190-PWOc-kurimao-a,_Octomeles sumatrana_,,"kuRim(a,o), iRim(a,o)",pwoc-kurimaoirimao-1,,,PWOc
3-7-4-1-191-POc-olaa-a,_Campnosperma brevipetiolatum_,,olaŋa,poc-olaa-1,,,POc
3-7-4-2-192-POc-mmasoqu-a,"wild cinnamon, _Cinnamomum_ sp., probably _Cinnamomum xanthoneuron_; possibly also _Cananga odorata_",,"(m,mʷ)aso(q)u",poc-mmasoqu-1,,,POc
3-7-4-3-193-POc-kulapur-a,large _Dillenia_ species,,kelabuR,pmp-kelabur-1,,,PMP
3-7-4-4-194-POc-raqup-a,_Dracontomelon dao_,,daqu,pan-daqu-1,,,PAn
3-7-4-4-195-PNCV-katabola-a,_Dracontomelon dao_,,katabola,pncv-katabola-1,,,PNCV
3-7-4-5-196-POc-maqota-a,_Dysoxylum_ spp.,,maqota,poc-maqota-1,,,POc
3-7-4-5-196-ProtoErakorTafea-tuan-a,_Dysoxylum_ spp.,,tuan,protoerakortafea-tuan-1,,,Proto Erakor-Tafea
3-7-4-6-197-PEOc-melo-a,_Elaeocarpus angustifolius_,,melo,peoc-melo-1,,,PEOc
3-7-4-6-197-PSV-nasjuvwas-a,_Elaeocarpus angustifolius_,,"na-(s,j)u(v,w)as",psv-nasjuvwas-1,,,PSV
3-7-4-7-198-POc-komarrou-a,_Endospermum_ sp.,,"koma(r,R)(o,u)",poc-komarrou-1,,,POc
3-7-4-8-199-PNCV-malausi-a,_Garuga floribunda_,,malausi,pncv-malausi-1,,,PNCV
3-7-4-8-199-PNCV-usi-a,"mummy apple, _Spondias cytherea_",,usi,pncv-usi-1,,,PNCV
3-7-4-9-200-POc-toras-a,hard; hardwood,,teRas,pmp-teras-1,,,PMP
3-7-4-9-201-POc-qipil-a,"a hardwood tree, _Intsia bijuga_",,qipil,pmp-qipil-1,,,PMP
3-7-4-9-202-PWOc-bana-a,_Intsia bijuga_,,bʷana,pwoc-bana-1,,,PWOc
3-7-4-10-203-POc-kalaka-a,_Planchonella_ sp.,,kalaka,poc-kalaka-1,,,POc
3-7-4-10-204-POc-bau-a,hardwood taxon,,bau,poc-bau-1,,,POc
3-7-4-11-205-POc-nara-a,_Pterocarpus indicus_,,naRa,pmp-nara-1,,,PMP
3-7-4-11-205-POc-rigi-a,"rosewood, _Pterocarpus indicus_",,Rigi,poc-rigi-1,,,POc
3-7-4-12-206-POc-pasarr-a,_Vitex cofassus_,,"pasa(r,R)",poc-pasarr-1,,,POc
3-7-5-1-208-PEOc-koka-a,"tree sp., _Bischofia javanica_",,koka,peoc-koka-1,,,PEOc
3-7-5-2-209-POc-pirra-a,_Cananga odorata_,,"pʷi(r,R)a",poc-pirra-1,,,POc
3-7-5-2-209-PSOc-dioriq-a,_Cananga odorata_,,diŋori(q),psoc-dioriq-1,,,PSOc
3-7-5-3-210-POc-nipus-a,_Cryptocarya_ sp.,,nipus,poc-nipus-1,,,POc
3-7-5-3-210-PWOc-kammapar-a,_Cryptocarya_ sp.,,"ka(m,mʷ)apaR",pwoc-kammapar-1,,,PWOc
3-7-5-4-211-POc-drokol-a,small _Dillenia_ species,,"de(k,g)el",pmp-dekgel-1,,,PMP
3-7-5-5-211-PSOc-numo-a,_Diospyros_ spp.,,numo,psoc-numo-1,,,PSOc
3-7-5-6-212-POc-bala-a,taxon including various _Euodia_ spp.,,bala,poc-bala-1,,,POc
3-7-5-6-212-POc-bosi-a,"a forest tree with white wood, probably _Euodia elleryana_",,bosi,poc-bosi-1,,,POc
3-7-5-6-212-PCP-usi-a,_Euodia hortensis_,,usi,pcp-usi-1,,,PCP
3-7-5-7-213-POc-maitagara-a,_Kleinhovia hospita_,,ma(i)tagaR(a),poc-maitagara-1,,,POc
3-7-5-7-214-PNCV-matala-a,_Kleinhovia hospita_,,matala,pncv-matala-1,,,PNCV
3-7-5-7-214-PMM-piulakis-a,_Kleinhovia hospita_,,"p(i,u)lakis",pmm-piulakis-1,,,PMM
3-7-5-7-214-POc-paqu-a,_Kleinhovia hospita_,,paqu,poc-paqu-1,,,POc
3-7-5-8-215-POc-lowaa-a,_Litsea_ sp.,,lowaŋa,pcemp-lowaa-1,,,PCEMP
3-7-5-9-216-POc-drdaraqka-a,"wild nutmeg, _Myristica_ sp.",,"(dr,d)aRa(q,k)a",poc-drdaraqka-1,,,POc
3-7-5-9-217-PNCV-drdaraqkai-a,"wild nutmeg, _Myristica_ sp.",,"(dr,d)aRa(q,k)(a,i)",pncv-drdaraqkai-1,,,PNCV
3-7-5-10-218-POc-qkatita-a,"the putty nut, probably _Parinari laurina_ and _Parinari glaberrima_",,"(q,k)atita",poc-qkatita-1,,,POc
3-7-5-10-220-PMM-tita-a,"the putty nut, probably _Parinari laurina_ and _Parinari glaberrima_",,tita,pmm-tita-1,,,PMM
3-7-5-10-220-PCP-sea-a,"tree, _Parinari insularum_",,sea,pcp-sea-1,,,PCP
3-7-5-10-220-POc-marakita-a,"the putty nut, probably _Parinari laurina_ and _Parinari glaberrima_",,maRakita,poc-marakita-1,,,POc
3-7-5-11-221-POc-bualbual-a,_Caryota_ sp.,,bual(a),pcemp-buala-1,,,PCEMP
3-7-5-11-221-POc-katipal-a,"a palm with black wood, _Caryota_ sp.",,"katipa(l,n)",pmp-katipaln-1,,,PMP
3-7-5-11-222-POc-jouabo-a,_Caryota_ sp.,,"j(o,u)abo",poc-jouabo-1,,,POc
3-7-5-11-222-POc-piruq-a,"fan palm, _Licuala rumphii_",,biRuʔ,pmp-biru-1,,,PMP
3-7-6-1-223-POc-wasiwasi-a,_Abroma augusta_,,wasi-wasi,poc-wasiwasi-1,,,POc
3-7-6-1-224-PCP-nasei-a,edible roots of certain plants ?,,"nas(e,i)",pcp-nasei-1,,,PCP
3-7-6-1-225-POc-niniq-a,"plant sp., _Donax cannaeformis_, used as material for making baskets",,niniq,pmp-niniq-1,,,PMP
3-7-6-1-225-POc-bulu-a,"_Garcinia_ sp., perhaps _Garcinia novo-guineensis_",,bulu,poc-bulu-1,,,POc
3-7-6-1-226-PWOc-tabun-a,_Garcinia_ sp.,,tabun,pwoc-tabun-1,,,PWOc
3-7-6-1-226-PSOc-mabbola-a,_Garcinia_ sp.,,"ma(b,bʷ)ola",psoc-mabbola-1,,,PSOc
3-7-6-1-226-PEOc-sinu-a,"taxon of shrubs whose sap causes irritation, including species of _Phaleria_",,sinu,peoc-sinu-1,,,PEOc
3-7-6-1-227-POc-walasi-a,"tree sp. with poisonous sap, _Antiaris toxicaria_ (?)",,laji,pmp-laji-1,,,PMP
3-7-6-2-228-POc-dalidali-a,_Hornstedtia lycostoma_,,dali-dali,poc-dalidali-1,,,POc
3-7-6-3-229-POc-quwe-a,"rattan, _Calamus_ sp.",,quay,pan-quay-1,,,PAn
3-7-6-3-232-POc-jalato-a,"stinging nettle tree, _Laportea harveyi_",,lateŋ,pan-late-1,,,PAn
3-7-6-3-232-PNCV-galato-a,nettle tree,,ga-lato,pncv-galato-1,,,PNCV
3-7-6-3-233-POc-karat-a,"a small stinging plant, perhaps _Laportea_ interrupta",,kara(t),poc-karat-2,,,POc
3-7-6-3-233-POc-qasam-a,fern sp.,,qaRsam,pmp-qarsam-1,,,PMP
3-7-6-3-234-POc-paliarua-a,"a vine, _Merremia peltata_",,paliaRua,poc-paliarua-1,,,POc
3-7-6-3-235-POc-pete-a,"bird's nest fern, _Asplenium nidus_",,pʷete,poc-pete-1,,,POc
3-7-7-None-236-PMic-talianipara-a,fungus growing on tree trunks,,taliŋa ni para,pmic-talianipara-1,,,PMic
3-7-7-None-236-PWOc-kokoi-a,mushroom sp.,,kokoi,pwoc-kokoi-1,,,PWOc
3-8-2-1-238-POc-karlaqabusi-a,_Acalypha_ spp.,,"ka[(r,l)a]qabusi",poc-karlaqabusi-1,,,POc
3-8-2-1-239-PEOc-karladroa-a,_Acalypha_ sp.,,"(k)a(r,l)adroŋa",peoc-karladroa-1,,,PEOc
3-8-2-2-239-PCP-doi-a,_Alphitonia_ spp.,,doi,pcp-doi-1,,,PCP
3-8-2-3-240-POc-jamar-a,_Commersonia bartramia_,,jamaR,poc-jamar-1,,,POc
3-8-2-4-241-POc-malaqu-a,_Glochidion philippicum_,,mʷala(q)u,poc-malaqu-1,,,POc
3-8-2-4-242-PWOc-jimar-a,sap used for caulking,,"jimʷaR, jimiR",pwoc-jimarjimir-1,,,PWOc
3-8-2-5-243-POc-koka-a,_Macaranga_ spp.,,koka,poc-koka-1,,,POc
3-8-2-5-243-POc-pinuqan-a,"_Macaranga_ spp., perhaps _Macaranga involucrata_",,binu(q)an,pmp-binuqan-1,,,PMP
3-8-2-5-244-PWOc-bara-a,_Macaranga_ spp.,,bara,pwoc-bara-1,,,PWOc
3-8-2-5-244-PWOc-kobo-a,taxon of _Macaranga_ spp.,,kobo,pwoc-kobo-1,,,PWOc
3-8-2-6-245-POc-qaramaqi-a,_Pipturus argenteus_,,qadamay,pmp-qadamay-1,,,PMP
3-8-2-6-246-PCP-qaromea-a,"shrub or tree sp., _Pipturus_ sp.; bark used for cordage",,"qaromʷ(ē,ā)",pcp-qaromea-1,,,PCP
3-8-2-7-247-POc-tawasi-a,_Rhus taitensis_,,tawasi,poc-tawasi-1,,,POc
3-8-2-8-248-POc-droru-a,_Trema orientalis_,,deRuŋ,pmp-deru-1,,,PMP
3-8-2-9-248-POc-marako-a,_Trichospermum peekelii_,,maRako,poc-marako-1,,,POc
3-8-3-None-249-POc-rabum-a,grass,,rabum,poc-rabum-1,,,POc
3-8-3-None-249-POc-qutaquta-a,grass and weeds (generic),,(quta)quta,poc-qutaquta-1,,,POc
3-8-3-None-250-PROc-manaya-a,grass,,mʷanaya,proc-manaya-1,,,PROc
3-8-3-1-251-POc-reqi-a,"sword grass, _Imperata cylindrica_",,Reqi,pcemp-reqi-1,,,PCEMP
3-8-3-1-252-POc-gurun-a,"sword grass, _Imperata cylindrica_",,guRun,pmp-gurun-1,,,PMP
3-8-3-2-253-POc-sila-a,"Job's tears, _Coix lacryma-jobi_",,sila,poc-sila-1,,,POc
3-8-3-3-253-POc-piyu-a,_Miscanthus floridulus_,,pi(y)uŋ,poc-piyu-1,,,POc
3-8-3-4-254-POc-pijo-a,"cane or reed taxon, including _Saccharum spontaneum_",,pijo,poc-pijo-1,,,POc
3-9-2-1-260-POc-qupi-a,yam,,qubi,pmp-qubi-1,,,PMP
3-9-2-1-261-POc-maruqe-a,_Dioscorea_ sp. or perhaps a cultivar of _Dioscorea alata_,,mʷaruqe,poc-maruqe-1,,,POc
3-9-2-1-262-POc-udurr-a,_Dioscorea alata_ cultivar (?),,"udu(r,R)",poc-udurr-1,,,POc
3-9-2-1-262-POc-pasepe-a,_Dioscorea alata_ variety(?),,pʷasepe,poc-pasepe-1,,,POc
3-9-2-1-262-POc-patika-a,"potato yam, aerial yam, _Dioscorea bulbifera_",,pʷatika,poc-patika-1,,,POc
3-9-2-1-263-PWOc-kamisa-a,"lesser yam, _Dioscorea esculenta_",,kamisa,pwoc-kamisa-1,,,PWOc
3-9-2-1-264-PWOc-mamisa-a,"lesser yam, _Dioscorea esculenta_",,mamisa,pwoc-mamisa-1,,,PWOc
3-9-2-1-264-PWOc-gobu-a,_Dioscorea_ sp.,,gobu,pwoc-gobu-1,,,PWOc
3-9-2-1-264-PROc-damu-a,_Dioscorea_ sp.,,damu,proc-damu-1,,,PROc
3-9-2-1-265-PWOc-kapul-a,seed yam,,ka(p)ul,pwoc-kapul-2,,,PWOc
3-9-2-2-266-POc-talos-a,"taro, _Colocasia esculenta_",,tales,pmp-tales-1,,,PMP
3-9-2-2-267-POc-mapoq-a,"taro, _Colocasia esculenta_",,mʷapo(q),poc-mapoq-1,,,POc
3-9-2-2-268-PSOc-beta-a,"taro, _Colocasia esculenta_",,bʷeta,psoc-beta-1,,,PSOc
3-9-2-2-269-PWOc-qapasu-a,taro leaves,,[qa]pʷasu,pwoc-qapasu-1,,,PWOc
3-9-2-2-273-POc-pboso-a,k.o. taro,,"(p,b)oso",poc-pboso-1,,,POc
3-9-2-3-274-PPn-masoaa-a,"Polynesian arrowroot, _Tacca_ sp.",,mā-soaʔa,ppn-masoaa-1,,,PPn
3-9-2-3-274-PROc-raka-a,"k.vine, _Pueraria lobata_",,Raka,proc-raka-1,,,PROc
3-9-3-None-277-POc-pudi-a,banana,,punti,pmp-punti-1,,,PMP
3-9-3-None-278-POc-joraga-a,"banana, Fe""i (?) cultivars",,joRaga,poc-joraga-1,,,POc
3-9-3-None-278-POc-sakup-a,banana cultivar with long fruit,,sakup,poc-sakup-1,,,POc
3-9-3-None-279-POc-bera-a,_Musa_ cultivar,,bʷera,poc-bera-1,,,POc
3-9-3-None-279-POc-baqun-a,banana cultivar,,baqun,poc-baqun-1,,,POc
3-9-3-None-279-PWOc-batiq-a,banana cultivar,,bʷatiq,pwoc-batiq-1,,,PWOc
3-9-4-None-283-POc-kulur-a,"breadfruit, _Artocarpus altilis_",,kuluR,pmp-kulur-1,,,PMP
3-9-4-None-284-PNGOc-kunur-a,breadfruit,,kunuR,pngoc-kunur-1,,,PNGOc
3-9-4-None-284-POc-bareko-a,breadfruit,,baReko,poc-bareko-1,,,POc
3-9-4-None-285-POc-beta-a,breadfruit,,beta,poc-beta-1,,,POc
3-9-4-None-285-PROc-mari-a,breadfruit,,maRi,proc-mari-1,,,PROc
3-9-5-1-288-POc-rabia-a,sago palm,,Rambia,pmp-rambia-1,,,PMP
3-9-5-2-290-POc-ppatoru-a,"a cycad, _Cycas rumphii_",,patuRu,pmp-paturu-1,,,PMP
3-9-5-2-291-POc-baibait-a,"a cycad, _Cycas rumphii_",,ba(y)it,pmp-bayit-1,,,PMP
3-9-5-2-291-PCP-looloo-a,"a cycad, _Cycas rumphii_",,loŋo-loŋo,pcp-looloo-1,,,PCP
3-9-5-2-291-PEOc-maqele-a,"a cycad, _Cycas rumphii_",,mʷa(q)ele,peoc-maqele-1,,,PEOc
3-10-2-1-294-POc-wasa-a,_Abelmoschus manihot_; green vegetables in general,,wasa,poc-wasa-1,,,POc
3-10-2-1-295-POc-bele-a,_Abelmoschus manihot_,,bele,poc-bele-1,,,POc
3-10-2-1-295-PROc-sasaru-a,_Abelmoschus manihot_,,sasaRu,proc-sasaru-1,,,PROc
3-10-2-1-295-PNCV-vera-a,_Abelmoschus manihot_,,vera,pncv-vera-1,,,PNCV
3-10-2-1-296-POc-pakge-a,k.o. green vegetable (?),,"pʷa(k,g)e",poc-pakge-1,,,POc
3-10-2-2-297-PNCV-keka-a,"cockscomb plant, _Amaranthus tricolor_",,keka,pncv-keka-1,,,PNCV
3-10-2-3-298-POc-kusaq-a,k.o. edible greens,,kusaq,poc-kusaq-1,,,POc
3-10-2-4-299-PSOc-lalawis-a,_Polyscias_ sp.,,(la)lawis,psoc-lalawis-1,,,PSOc
3-10-2-4-299-PNCV-bei-a,_Polyscias scutellaria_,,bei,pncv-bei-1,,,PNCV
3-10-2-4-299-PNCV-lalaso-a,_Polyscias scutellaria_,,lalaso,pncv-lalaso-1,,,PNCV
3-10-3-1-300-POc-bbala-a,"tree fern, _Cycas_ or _Cyathea_ sp.",,"(b,bʷ)ala",poc-bbala-1,,,POc
3-10-3-2-301-PWOc-tabuqar-a,_Saccharum edule_,,tabuqaR,pwoc-tabuqar-1,,,PWOc
3-10-4-1-303-POc-nunuk-a,"banyan, _Ficus benjamina_",,nunuk,pmp-nunuk-1,,,PMP
3-10-4-1-303-POc-qayawan-a,"banyan tree, _Ficus_ sp.",,qayawan,pemp-qayawan-1,,,PEMP
3-10-4-1-305-POc-bakga-a,"banyan tree, medium-sized _Ficus_ spp., not stranglers",,"ba(k,g)a",poc-bakga-1,,,POc
3-10-4-2-307-POc-igura-a,"_Ficus_ species with sandpapery leaves, either _Ficus copiosa_ or _Ficus wassa_ or both",,iguRa,poc-igura-1,,,POc
3-10-4-2-307-POc-pabosi-a,"freestanding small or medium-sized _Ficus_ sp., probably _Ficus wassa_",,pʷabosi,poc-pabosi-1,,,POc
3-10-4-2-308-POc-qalra-a,_Ficus_ spp.,,qaRaʔ,pmp-qara-1,,,PMP
3-10-4-3-309-PSV-nat-a,_Ficus_ sp.,,na-təŋ,psv-nat-1,,,PSV
3-10-4-3-309-POc-cjapi-a,_Ficus_ sp.,,jabi,pmp-jabi-1,,,PMP
3-10-4-4-309-POc-sera-a,"_Ficus_ sp., perhaps _Ficus adenosperma_",,seRa,poc-sera-1,,,POc
3-10-4-4-309-POc-baura-a,_Ficus_ sp.,,bauRa,poc-baura-1,,,POc
3-10-4-4-309-POc-kamakama-a,"_Ficus_ sp., perhaps _Ficus nodosa_",,ka(mʷa)-kamʷa,poc-kamakama-1,,,POc
3-10-4-4-310-PEOc-bulipa-a,_Ficus_ sp.,,bulipa,peoc-bulipa-1,,,PEOc
3-10-4-4-310-PSOc-rivurivu-a,small or medium-sized freestanding _Ficus_ sp.,,rivu-rivu,psoc-rivurivu-1,,,PSOc
3-11-2-1-315-POc-kaari-a,"canarium almond, _Canarium_ spp.",,"ka(n,ŋ)aRi",pcemp-kanari-1,,,PCEMP
3-11-2-1-316-PWOc-pinuaq-a,"a nut tree, perhaps _Canarium_ sp. (?)",,pinuaq,pwoc-pinuaq-1,,,PWOc
3-11-2-1-317-POc-qalipa-a,"nut sp., possibly canarium almond, _Canarium_ sp.",,"(q)alipa, lalipa",poc-qalipalalipa-1,,,POc
3-11-2-2-318-POc-ipi-a,"Tahitian chestnut, _Inocarpus fagifer_",,ipi,poc-ipi-1,,,POc
3-11-2-2-319-PEOc-mabe-a,"Tahitian chestnut, _Inocarpus fagifer_",,mabʷe,peoc-mabe-1,,,PEOc
3-11-2-3-320-POc-pala-a,"cut nut, bush nut, _Barringtonia novae-hiberniae_ (green variety?)",,pala(ŋ),poc-pala-1,,,POc
3-11-2-3-322-PEOc-pala-a,"cut nut, bush nut, _Barringtonia_ sp .",,pala,peoc-pala-1,,,PEOc
3-11-2-4-324-POc-talise-a,_Terminalia catappa_,,talisay,pmp-talisay-1,,,PMP
3-11-2-4-326-POc-tapora-a,a nut-bearing tree sp.,,tapoRa,poc-tapora-1,,,POc
3-11-2-4-326-POc-qatv-a,_Terminalia_ sp. with edible nut,,qatV,poc-qatv-1,,,POc
3-11-2-5-328-POc-padran-a,pandanus,,paŋudaL,pan-paudal-1,,,PAn
3-11-2-5-329-POc-kire-a,_Pandanus_ sp.,,kiRay,pmp-kiray-1,,,PMP
3-11-2-5-329-POc-poipoi-a,"_Pandanus_ sp., perhaps _Pandanus tectorius_",,poipoi,poc-poipoi-1,,,POc
3-11-2-5-330-PSOc-vaiyu-a,_Pandanus_ sp.,,"va(i,y)u",psoc-vaiyu-1,,,PSOc
3-11-2-5-330-POc-pakum-a,_Pandanus dubius_,,pakum,poc-pakum-1,,,POc
3-11-2-5-332-POc-mana-a,"_Pandanus_ sp., perhaps _Pandanus conoideus_",,mʷaña,poc-mana-1,,,POc
3-11-2-5-333-POc-kariqana-a,_Pandanus lamekotensis_,,kaRi(q)ana,poc-kariqana-1,,,POc
3-11-2-5-333-POc-ima-a,_Pandanus_ sp. with leaves useful for plaiting,,ima,pcemp-ima-1,,,PCEMP
3-11-2-5-334-POc-ppasarr-a,large _Pandanus_ sp.,,"(p,pʷ)asa(r,R)",poc-ppasarr-1,,,POc
3-11-2-5-334-PWOc-sjaqkumu-a,_Pandanus_ sp.,,"(s,j)a(q,k)umu",pwoc-sjaqkumu-1,,,PWOc
3-11-2-5-334-PWOc-moke-a,_Pandanus_ sp.,,moke,pwoc-moke-1,,,PWOc
3-11-2-6-335-PROc-wasiwasi-a,_Sterculia vitiensis_,,wasi-wasi,proc-wasiwasi-1,,,PROc
3-11-2-7-336-PEOc-parage-a,_Pangium edule_,,paRage,peoc-parage-1,,,PEOc
3-11-3-1-337-POc-natuq-a,"a hardwood tree taxon, including at least _Palaquium_ spp.",,ñatuq,pmp-natuq-1,,,PMP
3-11-3-2-339-POc-molis-a,"citrus fruit or citrus-like fruit, perhaps _Clymenia polyandra_",,molis,poc-molis-1,,,POc
3-11-3-3-340-POc-iubu-a,_Corynocarpus cribbianus_,,i(u)bu,poc-iubu-1,,,POc
3-11-3-4-341-POc-pauq-a,"mango, probably _Mangifera indica_",,pahuq,pmp-pahuq-1,,,PMP
3-11-3-4-341-POc-wai-a,mango spp.,,wai,pmp-wai-1,,,PMP
3-11-3-4-341-POc-kora-a,"wild mango, _Mangifera minor_",,koRa,poc-kora-2,,,POc
3-11-3-4-342-PWOc-kasuwai-a,mango,,kasuwai,pwoc-kasuwai-1,,,PWOc
3-11-3-4-342-PWOc-basi-a,mango,,basi,pwoc-basi-1,,,PWOc
3-11-3-5-343-POc-tawan-a,_Pometia pinnata_,,tawan,pemp-tawan-1,,,PEMP
3-11-3-6-345-POc-quris-a,_Spondias cytherea_,,quRis,poc-quris-1,,,POc
3-11-3-6-347-PNCV-mali-a,_Spondias cytherea_,,mali,pncv-mali-1,,,PNCV
3-11-3-6-347-PNCV-malmali-a,_Garuga floribunda_,,mal-mali,pncv-malmali-1,,,PNCV
3-11-3-7-348-POc-kapika-a,"Malay apple, rose apple, _Syzygium malaccense_",,kapika,poc-kapika-1,,,POc
3-11-3-7-350-POc-pokaq-a,variety of Malay apple,,poka(q),poc-pokaq-1,,,POc
3-11-3-7-350-POc-mariasapa-a,_Syzygium_ sp.,,mari(a)sapa,poc-mariasapa-1,,,POc
3-11-3-7-350-PAdm-cay-a,_Syzygium_ sp. with large red fruit,,cay,padm-cay-1,,,PAdm
3-11-4-1-350-PEOc-gama-a,_Finschia chloroxantha_,,gama,peoc-gama-1,,,PEOc
3-11-4-2-352-PWOc-lapuka-a,"k.o. tree with fruit similar to breadfruit, _Parartocarpus venenosa_",,lapuka,pwoc-lapuka-1,,,PWOc
3-12-2-1-356-POc-niur-a,"coconut, _Cocos nucifera_; ripe coconut (growth stage of _Cocos nucifera_)",,niuR,pmp-niur-1,,,PMP
3-12-3-2-362-POc-qabaji-a,coconut growth stage 2: very small newly formed fruit,,(q)a-bʷaji,poc-qabaji-1,,,POc
3-12-3-2-362-PEOc-kiripa-a,coconut growth stage 2: very small newly formed fruit,,kiripʷa,peoc-kiripa-1,,,PEOc
3-12-3-3-363-POc-karut-a,"coconut growth stage 6: green, drinkable",,karut,poc-karut-1,,,POc
3-12-3-3-363-POc-polo-a,"coconut growth stage 6: green, drinkable",,polo,poc-polo-1,,,POc
3-12-3-4-363-POc-matuqu-a,dry coconut,,matu(qu),pemp-matuqu-1,,,PEMP
3-12-3-4-364-POc-kulu-a,"coconut growth stage 9: ripe, flesh hardened",,kulu,poc-kulu-1,,,POc
3-12-3-4-365-POc-marrao-a,,,[ma]Raŋaw,pcemp-maraaw-1,,,PCEMP
3-12-3-5-366-POc-taba-a,coconut growth stage 12: sprouted,,tabʷa,poc-taba-1,,,POc
3-12-3-6-367-POc-kubu-a,very young coconut,,kupu,pemp-kupu-1,,,PEMP
3-12-3-6-367-POc-bajibaji-a,coconut growth stage 4 or 5,,bʷaji-bʷaji,poc-bajibaji-1,,,POc
3-12-3-6-368-PWOc-piga-a,"coconut growth stage 3, 4 or 5: young and green",,pʷiga,pwoc-piga-1,,,PWOc
3-12-3-6-368-POc-magorus-a,"dry, of vegetation; coconut growth stage 9 or 10: ripe, perhaps dry and ready to fall",,[ma-]goRu(s),poc-magorus-1,,,POc
3-12-4-1-369-POc-suruq-a,"sap, soup, drinkable liquid derived from plants, fruits or trees",,suRuq,poc-suruq-1,,,POc
3-12-4-1-370-POc-namo-a,coconut water,,namo,poc-namo-1,,,POc
3-12-4-2-370-POc-kano-a,"something to be eaten, food",,kan-en,pmp-kanen-1,,,PMP
3-12-4-2-371-PWOc-lamati-a,dry coconut flesh,,lamati,pwoc-lamati-1,,,PWOc
3-12-4-2-371-POc-puro-a,squeeze coconut milk onto food,,puro,poc-puro-1,,,POc
3-12-4-2-372-POc-goure-a,"coconut milk, coconut cream",,"g(o,u)reŋ",poc-goure-1,,,POc
3-12-4-2-372-POc-monak-a,"fat, grease",,meñak,pmp-menak-1,,,PMP
3-12-4-3-375-PAdm-puto-a,spongy mass inside sprouting nut,,puto-,padm-puto-1,,,PAdm
3-12-4-3-375-POc-piras-a,pithy ball inside sprouted coconut,,pʷiras,poc-piras-1,,,POc
3-12-4-3-376-PWOc-gawa-a,spongy mass inside sprouting nut; sprouted coconut,,gawa,pwoc-gawa-1,,,PWOc
3-12-4-4-376-POc-punut-a,coconut husk,,bunut,pmp-bunut-1,,,PMP
3-12-4-4-377-POc-penut-a,coconut husk,,pʷenu(t),poc-penut-1,,,POc
3-12-5-1-380-POc-usiri-a,palm frond or midrib of a frond,,usiri,poc-usiri-1,,,POc
3-12-5-1-380-PWOc-pagal-a,palm frond,,pagal,pwoc-pagal-1,,,PWOc
3-12-5-1-380-POc-papaqa-a,frond of a palm,,pa(q)paq,pmp-paqpaq-1,,,PMP
3-12-5-1-381-POc-suluq-a,torch,,suluq,pmp-suluq-1,,,PMP
3-12-5-1-382-PWOc-daki-a,dry coconut leaf torch,,daki,pwoc-daki-1,,,PWOc
3-12-5-1-383-PWOc-bita-a,"dry coconut frond, dry coconut frond torch; fish at night",,bita,pwoc-bita-1,,,PWOc
3-12-5-1-383-POc-balapbaq-a,midrib of coconut frond,,p⟨al⟩a(q)paq,pmp-palaqpaq-1,,,PMP
3-12-5-1-383-POc-sasari-a,midrib of coconut frond,,sasaRi,poc-sasari-1,,,POc
3-12-5-1-384-POc-nokgo-a,midrib or spine of coconut leaflet; broom made therefrom,,"no(k,g)o",poc-nokgo-1,,,POc
3-12-5-2-384-POc-kaka-a,young coconut frond; coconut frond netting protecting young frond,,kaka,poc-kaka-1,,,POc
3-13-2-1-390-POc-topu-a,sugarcane,,tebuS,pan-tebus-1,,,PAn
3-13-2-2-394-POc-pupulu-a,_Piper betle_,,pu-pulu,pmp-pupulu-1,,,PMP
3-13-2-2-395-PMM-siqarra-a,"betel pepper, _Piper betle_",,"siqa(r,R)(a)",pmm-siqarra-1,,,PMM
3-13-2-2-396-POc-kawari-a,"root(s) with special properties: one or more of _Zingiber zerumbet_, _Piper subbullatum_, and various fish-poison plants",,kawaRi,poc-kawari-1,,,POc
3-13-2-2-397-PNPn-kawakawaqatua-a,"a shrub or vine, Piper sp.",,kawa-kawa qatua,pnpn-kawakawaqatua-1,,,PNPn
3-13-2-2-397-PPn-kawasasa-a,a creeper used to poison fish,,kawa-sasa,ppn-kawasasa-1,,,PPn
3-13-2-2-397-PPn-kawasusu-a,"shrub sp., _Tephrosia_ sp., used to poison fish",,kawa-susu,ppn-kawasusu-1,,,PPn
3-13-2-2-398-PNPn-kawapui-a,"a plant, _Zingiber_ sp.",,kawa-pui,pnpn-kawapui-1,,,PNPn
3-13-3-1-401-POc-bau-a,bamboo,,bʷau,poc-bau-2,,,POc
3-13-3-1-402-POc-bitu-a,bamboo sp.,,"bituŋ, pituŋ",pmp-bitupitu-1,,,PMP
3-13-3-1-402-POc-botu-a,"bamboo of very large diameter, probably _Dendrocalamus_ sp.",,betuŋ,pan-betu-1,,,PAn
3-13-3-1-403-POc-bele-a,bamboo sp.,,bʷele,poc-bele-2,,,POc
3-13-3-1-403-POc-bue-a,(made of) bamboo,,bue,poc-bue-1,,,POc
3-13-3-2-404-POc-turituri-a,"candlenut tree, _Aleurites moluccana_",,tuRi-tuRi,pemp-turituri-1,,,PEMP
3-13-3-3-405-POc-malo-a,tree whose bast is used for barkcloth,,"mal(u,aw)",pmp-maluaw-1,,,PMP
3-13-3-3-406-POc-mmase-a,"wild mulberry, paper mulberry, _Broussonetia papyrifera_",,"(m,mʷ)ase",poc-mmase-1,,,POc
3-13-3-4-408-POc-nonu-a,_Morinda citrifolia_,,ñoñu,poc-nonu-1,,,POc
3-13-3-4-408-POc-kurat-a,the dye produced from _Morinda citrifolia_,,kurat,poc-kurat-1,,,POc
3-13-4-1-410-POc-punat-a,_Derris_ elliptica,,bunat,pmp-bunat-1,,,PMP
3-13-4-1-411-PROc-vuba-a,"k.o. vine, probably _Derris elliptica_",,vuba,proc-vuba-1,,,PROc
3-13-5-1-412-POc-yao-a,"turmeric, _Curcuma longa_",,yaŋo,poc-yao-1,,,POc
3-13-5-1-413-POc-yaoyao-a,yellow,,yaŋo-yaŋo,poc-yaoyao-1,,,POc
3-13-5-1-413-PEOc-rerea-a,"yellow material, prepared turmeric(?)",,[re]reŋʷa,peoc-rerea-1,,,PEOc
3-13-5-2-414-POc-laqia-a,"ginger, _Zingiber officinale_",,laqia,pmp-laqia-1,,,PMP
3-13-5-2-415-POc-parak-a,Zingiberaceae spp. with edible rhizomes,,badak,pmp-badak-1,,,PMP
3-13-6-4-418-PWOc-marre-a,taxon including _Codiaeum variegatum_ and _Cordyline fruticosa_,,"mʷa(r,R)e",pwoc-marre-1,,,PWOc
3-13-6-4-418-POc-jiri-a,"_Cordyline_ sp., _Dracaena_ sp.",,siRi,pmp-siri-1,,,PMP
3-13-6-4-419-POc-kariqa-a,taxon of decorative plants,,kaRi(q)a,poc-kariqa-1,,,POc
3-13-6-4-420-POc-jajal-a,"croton, _Codiaeum variegatum_",,jajal,poc-jajal-1,,,POc
3-13-6-5-421-POc-paqo-a,_Heliconia_ sp,,paqo,poc-paqo-1,,,POc
3-13-6-5-421-PEOc-rako-a,"_Heliconia_ sp., usually _Heliconia indica_",,rako,peoc-rako-1,,,PEOc
3-13-6-6-422-POc-malak-a,"spider lily, _Crinum asiaticum_",,mʷalak,poc-malak-1,,,POc
3-13-7-2-424-PCP-vaou-a,"wax gourd, _Benincasa hispida_",,"vaŋ(o,u)",pcp-vaou-1,,,PCP
3-13-7-3-425-EarlyOceanic-waluq-a,"pumpkin, _Cucurbita moschata_ ?",,"waluq, [w]aruq",earlyoceanic-waluqwaruq-1,,,Early Oceanic
3-13-7-4-426-POc-katimoun-a,"cucurbit (generic); cucumber, _Cucumis sativus_",,[ka]timun,pmp-katimun-1,,,PMP
2-3-2-2-42-POc-nusa-a,island,,nusa,pmp-nusa-1,,,PMP
2-3-2-2-42-POc-motus-a,"island, detached reef",,motus,poc-motus-1,,,POc
2-3-2-2-43-PWOc-stimur-a,island,,"(s,t)imuR",pwoc-stimur-1,,,PWOc
2-3-2-2-43-POc-qatur-a,"pave with stones; pile or stack up, arrange, order, put in sequence",,qatuR,pmp-qatur-1,,,PMP
2-3-3-1-44-POc-bbiker-a,"beach, esp. sandy beach",,"(b,bʷ)iker",poc-bbiker-1,,,POc
2-3-3-1-45-POc-nuku-a,"sandy ground, sand bank, sand spit",,nuku,poc-nuku-1,,,POc
2-3-3-1-46-PROc-liku-a,windward side,,liku,proc-liku-1,,,PROc
2-3-3-1-46-POc-ruru-a,"sheltered as from wind, rain or sun",,duŋduŋ,pmp-dudu-1,,,PMP
2-3-3-2-46-POc-toba-a,"bay, harbour; belly, stomach",,tobʷa,poc-toba-2,,,POc
2-3-3-2-47-POc-paa-a,"be open, gape",,paŋa,poc-paa-1,,,POc
2-3-3-3-47-PPn-muriwai-a,mouth of river,,muri-wai,ppn-muriwai-1,,,PPn
2-3-3-4-48-POc-iucu-a,nose,,"ijuŋ, ujuŋ",pmp-ijuuju-1,,,PMP
2-3-3-4-49-PROc-mata-a,"point of land, headland",,mata,proc-mata-1,,,PROc
2-3-4-1-50-POc-solos-a,"inland mountain country, highlands interior",,solos,poc-solos-1,,,POc
2-3-4-1-50-POc-puapua-a,mountain,,puŋa-puŋa,poc-puapua-1,,,POc
2-3-4-1-51-POc-potu-a,"protuberance, bulge; mountain(?)",,pʷotu,poc-potu-2,,,POc
2-3-4-1-51-PPn-maqua-a,mountain,,maquŋa,ppn-maqua-1,,,PPn
2-3-4-1-52-PROc-qulunipanua-a,"headland, mountain peak",,qulu ni panua,proc-qulunipanua-1,,,PROc
2-3-4-1-52-PPn-tuqasiwi-a,mountain ridge,,tuqa-siwi,ppn-tuqasiwi-1,,,PPn
2-3-4-2-52-POc-mala-a,"valley, ravine",,mala,poc-mala-2,,,POc
2-3-4-2-52-POc-salil-a,valley,,salil,poc-salil-1,,,POc
2-3-4-3-53-POc-pakarr-a,"steep rocky ground, cliff",,"pʷaka(r,R)",poc-pakarr-1,,,POc
2-3-4-3-53-PCP-bari-a,coastal cliff,,bari,pcp-bari-1,,,PCP
2-3-4-3-53-PPn-mato-a,"precipice, steep place, cliff",,mato,ppn-mato-1,,,PPn
2-3-4-4-53-PPn-qana-a,cave,,qana,ppn-qana-1,,,PPn
2-3-4-5-54-POc-raun-a,flat land,,rau(n),poc-raun-1,,,POc
2-3-5-2-56-POc-drrano-a,"inland lake, pond",,danaw,pan-danaw-1,,,PAn
2-3-5-2-56-POc-paca-a,swamp,,paja,pmp-paja-1,,,PMP
2-3-5-2-57-POc-gkopu-a,"pond, lagoon, swamp",,"[g,k]opu",poc-gkopu-1,,,POc
2-3-5-2-57-POc-ppitak-a,mud,,pitak,pmp-pitak-1,,,PMP
2-3-5-2-57-POc-poapoa-a,"swamp, mud",,poŋa-poŋa,poc-poapoa-1,,,POc
2-3-5-2-57-PEOc-bela-a,taro swamp,,bʷela,peoc-bela-1,,,PEOc
2-3-6-1-58-POc-wair-a,"fresh water; stream, river",,wahiR,pmp-wahir-1,,,PMP
2-3-6-1-59-POc-drranum-a,"water — potable, drinking, fresh",,daNum,pan-danum-1,,,PAn
2-3-6-1-60-PEOc-maa-a,"river branch, tributary",,maŋa,peoc-maa-1,,,PEOc
2-3-6-2-60-POc-topur-a,spring of water,,Cebuj,pan-cebuj-1,,,PAn
2-3-6-2-61-POc-buna-a,"source, origin",,punaŋ,pmp-puna-1,,,PMP
2-3-6-2-61-POc-puraq-a,"foam, bubbles, lather, scum, froth",,budaq,pmp-budaq-1,,,PMP
2-3-6-2-62-POc-matawair-a,spring of water,,mata WahiR,pmp-matawahir-1,,,PMP
2-3-6-3-62-POc-sapbuq-a,"drop, fall",,sabuq,pmp-sabuq-1,,,PMP
2-3-6-3-63-POc-tapetape-a,waterfall; flow,,tape-tape,poc-tapetape-1,,,POc
2-3-7-1-64-POc-magamaga-a,"small stones, pebbles, gravel",,maga-maga,poc-magamaga-1,,,POc
2-3-7-2-64-POc-naddri-a,"flint, obsidian, stone with a cutting edge",,"na[d,dr]i",poc-naddri-1,,,POc
2-3-7-2-64-PWOc-qarri-a,obsidian,,"qa[r,R]iŋ",pwoc-qarri-2,,,PWOc
2-3-7-3-65-POc-girigiri-a,"coral, coral rubble",,giri-giri,poc-girigiri-1,,,POc
2-3-7-3-65-POc-qapur-a,"lime, calcium",,qapuR,pan-qapur-1,,,PAn
2-3-7-4-66-PEOc-patumaqanur-a,pumice,,patu maqañur,peoc-patumaqanur-1,,,PEOc
2-3-7-4-66-PMic-fatuwani-a,pumice,,(fatu) wāni,pmic-fatuwani-1,,,PMic
2-3-7-5-67-POc-qone-a,sand,,qenay,pan-qenay-1,,,PAn
2-3-7-5-68-POc-qoneqone-a,sandy,,qenay qenay,pmp-qenayqenay-1,,,PMP
2-3-7-6-68-POc-paya-a,"soil, earth",,pʷay(a),poc-paya-3,,,POc
2-3-7-6-69-POc-pwira-a,earth,,pʷwiRa,poc-pwira-1,,,POc
2-3-7-7-70-POc-raroq-a,"soil, clay",,daReq,pan-dareq-1,,,PAn
2-3-7-8-70-POc-maqasin-a,salty,,ma-qasin,pmp-maqasin-1,,,PMP
2-3-7-8-71-POc-qasira-a,salt,,qasiRa,pan-qasira-1,,,PAn
2-3-8-2-72-POc-aliton-a,firewood,,luten,pmp-luten-1,,,PMP
2-3-8-2-73-POc-koran-a,"(?) embers, glowing coals",,koran,poc-koran-1,,,POc
2-3-8-2-74-POc-kapuru-a,low-burning remnants of a fire,,kapuru,poc-kapuru-1,,,POc
2-3-8-2-74-PROc-malala-a,"charcoal, charred wood",,malala,proc-malala-1,,,PROc
2-3-8-2-76-PWOc-kapu-a,"ash, dust, cinders",,kapu,pwoc-kapu-1,,,PWOc
2-3-8-3-76-POc-kgabu-a,"burn, be on fire",,"(k,g)abu",poc-kgabu-1,,,POc
2-3-8-3-77-POc-bula-a,"(?) burn, be alight",,bula,poc-bula-1,,,POc
2-3-8-3-77-POc-udra-a,"be on fire, alight, flaming",,udra,poc-udra-1,,,POc
2-3-8-4-78-POc-qasu-a,smoke,,qasu,pmp-qasu-1,,,PMP
2-3-8-4-78-POc-kupuk-a,emit smoke or steam,,kupu(k),poc-kupuk-1,,,POc
2-3-8-4-79-PCP-kobulu-a,"(?) thick smoke, heavy cloud",,kobulu,pcp-kobulu-1,,,PCP
2-3-8-4-79-POc-mayaniapi-a,flame,,maya (ni) (api),poc-mayaniapi-1,,,POc
2-3-8-4-79-POc-puru-a,(?) glow or flame of fire,,"puruŋ, puru-puruŋ",poc-purupurupuru-1,,,POc
2-3-8-4-80-PEOc-maka-a,burn brightly,,maka,peoc-maka-1,,,PEOc
2-3-8-4-80-PROc-makalo-a,burn with glow,,makalo,proc-makalo-1,,,PROc
2-3-8-4-80-PROc-kalokalo-a,glimmer,,kalo-kalo,proc-kalokalo-1,,,PROc
2-3-9-1-81-POc-banoi-a,volcano,,banoi,poc-banoi-1,,,POc
2-3-9-2-83-POc-drikedrike-a,earthquake,,drike-drike,poc-drikedrike-1,,,POc
2-3-9-2-83-POc-rike-a,earthquake,,Rike,poc-rike-1,,,POc
2-3-9-2-84-POc-iu-a,shake; earthquake,,uyuŋ,pmp-uyu-1,,,PMP
2-3-9-2-84-PSS-anu-a,shake,,añu,pss-anu-1,,,PSS
2-3-9-2-84-PNCV-ruru-a,shake,,ruru,pncv-ruru-1,,,PNCV
2-3-9-3-85-POc-solo-a,"sink down, subside; landslide",,solo,poc-solo-1,,,POc
2-3-9-3-85-PEOc-tobpa-a,(land) slip,,"to(b,p)a",peoc-tobpa-1,,,PEOc
2-3-9-5-86-POc-paaq-a,"a flood; overflow, be in flood",,bahaq,pmp-bahaq-1,,,PMP
2-3-9-5-86-POc-wairpaaq-a,floodwaters,,wahir bahaq,pmp-wahirbahaq-1,,,PMP
2-3-9-5-86-POc-mauruap-a,"flood, be flooded",,[ma-]uRua(p),poc-mauruap-1,,,POc
2-3-9-5-87-POc-lolo-a,flood,,lebleb,pmp-lebleb-1,,,PMP
2-3-9-5-87-POc-lomak-a,"flood, of sea",,lomak,poc-lomak-1,,,POc
2-3-9-5-87-POc-noro-a,"flood, gush, flow everywhere",,ñoro,poc-noro-1,,,POc
2-3-9-7-88-PROc-siosio-a,"(?) whirlwind, rainbow",,siosio,proc-siosio-1,,,PROc
2-3-9-7-88-POc-pirupiru-a,"whirlwind, waterspout",,piru-piru,poc-pirupiru-2,,,POc
2-4-2-1-92-POc-tasik-a,sea,,tasik,pmp-tasik-1,,,PMP
2-4-2-1-93-POc-masawan-a,open sea,,"masawa(n,ŋ)",poc-masawan-1,,,POc
2-4-2-1-93-PPn-moana-a,"sea beyond the reef, ocean",,moana,ppn-moana-1,,,PPn
2-4-2-1-94-POc-laman-a,deep,,laman,pcemp-laman-1,,,PCEMP
2-4-2-1-95-POc-laur-a,"downriver, towards the sea",,lahud,pmp-lahud-1,,,PMP
2-4-2-2-95-PEOc-tasikmate-a,"sheltered sea, lee shore",,tasik mate,peoc-tasikmate-1,,,PEOc
2-4-2-2-96-PEOc-tasikmaqurip-a,open sea; ocean on the weather side; weather shore,,tasik maquri(p),peoc-tasikmaqurip-1,,,PEOc
2-4-2-3-96-POc-qarus-a,current,,qaRus,pmp-qarus-1,,,PMP
2-4-2-3-97-POc-maqanur-a,adrift,,ma-qañud,pan-maqanud-1,,,PAn
2-4-2-3-98-POc-qalir-a,flow,,qaluR(?),pan-qalur-1,,,PAn
2-4-2-4-99-POc-napok-a,"breakers, surf, waves",,Nabek,pan-nabek-1,,,PAn
2-4-2-4-99-POc-alun-a,"long rolling wave, swell, billow",,qalun,pmp-qalun-1,,,PMP
2-4-2-4-100-POc-bayau-a,"ocean wave, ocean swell",,bayau,poc-bayau-1,,,POc
2-4-2-4-100-POc-loka-a,"high sea or tide, heavy breakers",,loka,poc-loka-1,,,POc
2-4-2-5-101-POc-busa-a,foam,,busa,pmp-busa-1,,,PMP
2-4-2-5-101-POc-bucoq-a,"foam, bubbles, lather, scum, froth",,bujeq,pmp-bujeq-1,,,PMP
2-4-2-5-102-POc-pucoq-a,"foam, bubbles, lather, scum, froth",,bujeq,pan-bujeq-1,,,PAn
2-4-2-6-103-POc-maqati-a,"ebb, of water in streams; low tide",,ma-qaCi,pan-maqaci-1,,,PAn
2-4-2-6-105-POc-mamaca-a,be dry,,maja,pmp-maja-1,,,PMP
2-4-2-6-106-POc-uruap-a,high tide,,Ruab,pmp-ruab-1,,,PMP
2-4-2-6-106-POc-lubuk-a,deep pool in water,,lubuk,pmp-lubuk-1,,,PMP
2-4-2-6-107-PWOc-tunan-a,high tide,,tunan,pwoc-tunan-1,,,PWOc
2-4-3-1-108-PPn-feo-a,"coral, possibly branching coral",,feo,ppn-feo-1,,,PPn
2-4-3-2-110-POc-sakaru-a,"reef, shoal",,sakaRu,pmp-sakaru-1,,,PMP
2-4-3-2-110-POc-oda-a,reef,,oda,poc-oda-1,,,POc
2-4-3-2-111-PEOc-papo-a,"shore reef, fringing reef",,papo,peoc-papo-1,,,PEOc
2-4-3-2-112-PPn-tuqahakau-a,"ocean side of the reef, ocean beyond the reef",,tuqa-hakau,ppn-tuqahakau-1,,,PPn
2-4-3-2-112-PCP-quluqulu-a,outer edge of shore reef where waves break,,qulu-qulu,pcp-quluqulu-1,,,PCP
2-4-3-3-114-PEOc-nukupotu-a,point of reef or sandbank (that appears at low tide),,nuku potu,peoc-nukupotu-1,,,PEOc
2-4-3-3-114-PEOc-baro-a,flat rock or ledge (in or near sea),,baro,peoc-baro-1,,,PEOc
2-4-3-3-114-PPn-toka-a,"rock, as a submerged rock or reef",,toka,ppn-toka-1,,,PPn
2-4-3-4-114-POc-namo-a,"sheltered water: deep place in a river; cove, harbour, lagoon",,namaw,pmp-namaw-1,,,PMP
2-4-3-5-116-POc-sawan-a,channel,,sawaq,pmp-sawaq-2,,,PMP
2-4-3-5-117-POc-mataqinisawan-a,channel in fringing reef giving passage to boats; landing place,,"mata (qi,ni) sawa(n,ŋ)",poc-mataqinisawan-1,,,POc
2-4-3-5-117-POc-wasas-a,"passage, space between, particularly at sea, distance between two points",,wasas,poc-wasas-1,,,POc
2-5-4-1-126-POc-ain-a,"air, wind",,haŋin,pmp-hain-1,,,PMP
2-5-4-1-127-POc-jai-a,strong wind,,jaŋi,poc-jai-1,,,POc
2-5-4-1-127-POc-murie-a,breeze,,"mur[i,e]",poc-murie-1,,,POc
2-5-4-1-128-POc-malieu-a,wind,,"mal(i,e)u",poc-malieu-1,,,POc
2-5-4-1-128-POc-pariu-a,typhoon,,baRiuS,pan-barius-1,,,PAn
2-5-4-1-130-PNNG-upia-a,wind,,upi-ŋ(a),pnng-upia-1,,,PNNG
2-5-4-1-130-POc-ippi-a,"(wind, person) blow",,"i(p,pʷ)i",poc-ippi-1,,,POc
2-5-4-1-130-POc-ppusi-a,(wind) blow,,"(p,pʷ)usi",poc-ppusi-1,,,POc
2-5-4-1-131-POc-puput-a,blow,,pu+put,pan-puput-1,,,PAn
2-5-4-2-132-POc-raki-a,southeast trades,,raki,poc-raki-1,,,POc
2-5-4-2-133-PAn-sabarat-a,(?) south wind,,SabaRat,pan-sabarat-1,,,PAn
2-5-4-2-133-POc-aparat-a,west monsoon,,habaRat,pmp-habarat-1,,,PMP
2-5-4-2-135-PMP-timur-a,south or east wind,,timuR,pmp-timur-1,,,PMP
2-5-4-2-136-POc-timur-a,wind bringing light rain,,timu(R),poc-timur-1,,,POc
2-5-4-2-136-PPn-toa-a,"southeasterly quadrant, southeast wind",,toŋa,ppn-toa-2,,,PPn
2-5-4-2-137-POc-tokalaur-a,(?) northerly wind,,tokalau(r),poc-tokalaur-1,,,POc
2-5-4-2-138-POc-karaka-a,(strong?) southeast trade,,karak(a),poc-karaka-2,,,POc
2-5-4-2-139-POc-marau-a,southeast trade wind,,marau,poc-marau-1,,,POc
2-5-4-2-139-PNGOc-yawana-a,southerly wind,,yawana,pngoc-yawana-1,,,PNGOc
2-5-4-2-139-POc-aqura-a,"wind, possibly southeast trade",,aqura,poc-aqura-1,,,POc
2-5-5-None-140-POc-malino-a,be clear,,linaw,pmp-linaw-1,,,PMP
2-5-5-None-141-POc-madmarapu-a,"still, calm, quiet",,"(d,r)apu",pmp-drapu-1,,,PMP
2-5-5-None-141-POc-maluas-a,soft,,ma-luas,poc-maluas-1,,,POc
2-5-5-None-141-PWOc-siwarop-a,"(weather) calm, peaceful",,"siwaRop, niwaRop",pwoc-siwaropniwarop-1,,,PWOc
2-5-5-2-142-POc-lait-a,sky,,laŋiC,pmp-laic-1,,,PMP
2-5-5-2-143-PNGOc-sabam-a,sky,,sabam,pngoc-sabam-1,,,PNGOc
2-5-5-2-143-POc-qaroq-a,cloud (generic),,qaRoq,poc-qaroq-1,,,POc
2-5-5-2-143-POc-rodo-a,wet season,,rendeŋ,pmp-rende-1,,,PMP
2-5-5-2-143-PNGOc-gubarr-a,k.o. cloud (possibly storm cloud),,"guba(r,R)",pngoc-gubarr-1,,,PNGOc
2-5-5-2-144-POc-ulu-a,k.o. cloud,,ulu,poc-ulu-1,,,POc
2-5-5-2-144-POc-rapun-a,haze,,Ra(m)bun,pmp-rambun-1,,,PMP
2-5-5-2-145-POc-bapo-a,(?) misty rain,,bʷa(p)o,poc-bapo-1,,,POc
2-5-5-2-145-POc-kaput-a,mist,,kabut,pmp-kabut-1,,,PMP
2-5-5-2-146-POc-gapul-a,mist,,gapu(l),poc-gapul-1,,,POc
2-5-5-2-146-PNPn-kapuqa-a,cloud,,kapuqa,pnpn-kapuqa-1,,,PNPn
2-5-5-3-146-POc-qusan-a,rain,,quZaL,pan-quzal-1,,,PAn
2-5-5-3-147-POc-kadapur-a,"rain, rain cloud",,[ka]dapuR,poc-kadapur-1,,,POc
2-5-5-3-147-PWOc-rrugu-a,rain,,(rR)ugu,pwoc-rrugu-1,,,PWOc
2-5-5-3-148-POc-bata-a,"(?) raindrop, (?) rain cloud",,bata,poc-bata-1,,,POc
2-5-5-3-148-POc-ddrimaddrima-a,"drizzle, light rain",,"(d,dr)im(a)-(d,dr)im(a)",poc-ddrimaddrima-1,,,POc
2-5-5-3-148-PROc-nuanua-a,rainbow,,nua-nua,proc-nuanua-1,,,PROc
2-5-5-3-149-POc-lamur-a,dew,,lamuR,pmp-lamur-1,,,PMP
2-5-5-4-149-POc-qusjilak-a,lightning,,qusilak,pmp-qusilak-1,,,PMP
2-5-5-4-149-POc-ppilak-a,lightning,,bilak,pmp-bilak-1,,,PMP
2-5-5-4-150-POc-pitik-a,lightning,,pitik,pcemp-pitik-1,,,PCEMP
2-5-5-4-150-POc-lapparr-a,"lightning, phosphorescence",,"la(p,pʷ)a(r,R)",poc-lapparr-1,,,POc
2-5-5-4-150-PNGOc-lamar-a,lightning,,lamaR,pngoc-lamar-1,,,PNGOc
2-5-5-4-151-POc-kilap-a,"flash, sparkle",,"kila(p,b)",pmp-kilapb-1,,,PMP
2-5-5-4-151-POc-kuru-a,"noise, tumult",,guruq,pmp-guruq-1,,,PMP
2-5-5-4-152-POc-gurua-a,thunder,,"guru-ŋ(a), gururu-ŋ(a), gururu-aŋ",poc-guruagururuagururua-1,,,POc
2-5-5-4-152-POc-paraq-a,thunder,,"pʷaraq, pʷararaq",poc-paraqpararaq-1,,,POc
2-5-5-4-152-POc-paraa-a,thunder,,para-ŋ(a),poc-paraa-1,,,POc
2-6-2-2-158-PPn-tafatafaqakilai-a,horizon,,"(tafa)tafa-qaki-laŋi, (tafa)tafa-qi-laŋi",ppn-tafatafaqakilaitafatafaqilai-1,,,PPn
2-6-2-2-158-PChk-pailai-a,horizon,,pai-laŋi,pchk-pailai-1,,,PChk
2-6-3-None-160-POc-qaco-a,"sun, daylight",,"qajaw, qalejaw",pan-qajawqalejaw-1,,,PAn
2-6-3-None-161-PPn-qaso-a,"day, as period of time",,qaso,ppn-qaso-1,,,PPn
2-6-3-None-161-PNPn-qaho-a,"daytime, daylight",,qaho,pnpn-qaho-1,,,PNPn
2-6-3-None-161-POc-raqani-a,day,,daqaNi,pan-daqani-1,,,PAn
2-6-3-None-162-POc-drraqa-a,"sun’s heat, sunlight",,"[dr,r]aqā",poc-drraqa-1,,,POc
2-6-3-None-163-POc-rara-a,"be warm, hot, of sun; be warmed or heated by fire or sun",,raraŋ,poc-rara-1,,,POc
2-6-3-None-163-POc-sinar-a,ray of light,,sinaR,pmp-sinar-1,,,PMP
2-6-3-None-164-PPn-masina-a,"moon, month",,mā-sina,ppn-masina-1,,,PPn
2-6-4-None-164-POc-pulan-a,"moon, month, menstruation",,bulaN,pan-bulan-1,,,PAn
2-6-4-None-165-PEOc-madrama-a,moon,,ma[d]rama,peoc-madrama-1,,,PEOc
2-6-5-1-166-POc-pituqun-a,star,,bituqen,pan-bituqen-1,,,PAn
2-6-5-2-167-POc-madala-a,the morning (evening) star: Venus,,mantalaq,pmp-mantalaq-1,,,PMP
2-6-5-2-167-PPn-fetuquqaho-a,Morning Star,,fetuqu qaho,ppn-fetuquqaho-1,,,PPn
2-6-5-2-167-PMic-fiturani-a,Morning Star,,fitū rāni,pmic-fiturani-1,,,PMic
2-6-5-2-170-PPn-takulua-a,a bright star,,takulua,ppn-takulua-1,,,PPn
2-6-5-2-170-PPn-takelo-a,"name of a star or stars, possibly in Orion constellation",,tākelo,ppn-takelo-1,,,PPn
2-6-5-2-171-POc-buluq-a,"a constellation, the Pleiades",,buluq,pmp-buluq-1,,,PMP
2-6-5-2-172-PROc-mataliki-a,name given to a significant star cluster,,mataliki,proc-mataliki-1,,,PROc
2-6-5-2-173-PEOc-bubu-a,Southern Cross; triggerfish,,bubu,peoc-bubu-1,,,PEOc
2-6-5-2-174-PROc-ucunu-a,Aldebaran,,u(C)unu,proc-ucunu-1,,,PROc
2-6-5-2-175-PChk-fitumakut-a,Polaris,,fitū mʷakut,pchk-fitumakut-1,,,PChk
2-6-5-2-175-PChk-mailapa-a,Altair,,mai-lapa,pchk-mailapa-1,,,PChk
2-6-5-2-176-PMic-dzumuri-a,Antares,,"(d,z)umuri",pmic-dzumuri-1,,,PMic
2-6-5-2-176-PCEPn-refua-a,"a star name, Antares?",,refua,pcepn-refua-1,,,PCEPn
2-6-5-2-176-PNPn-melemele-a,Venus or Antares,,mele-mele,pnpn-melemele-1,,,PNPn
2-6-5-2-176-PMic-lakv-a,stars in Pegasus,,lakV,pmic-lakv-1,,,PMic
2-6-5-2-177-PMic-kua-a,Dolphin constellation incl. Cassiopeia,,kua,pmic-kua-1,,,PMic
2-6-5-2-177-PChk-ukulik-a,Cassiopeia,,ukulīk,pchk-ukulik-1,,,PChk
2-6-5-2-177-PMic-tapia-a,"Bowl constellation, approximately Delphinus",,tapia,pmic-tapia-1,,,PMic
2-6-5-2-177-PMic-aremoi-a,Arcturus,,aremoi,pmic-aremoi-1,,,PMic
2-6-5-2-178-PChk-taropolu-a,constellation Corvus,,taropʷolu,pchk-taropolu-1,,,PChk
2-6-5-2-178-PChk-ici-a,constellation Leo,,ici,pchk-ici-1,,,PChk
2-6-5-2-178-PChk-mul-a,"Vega, brightest star in constellation Lyra",,mul,pchk-mul-1,,,PChk
2-6-5-2-178-PChk-caw-a,"Dip net constellation, approximately Corona Borealis",,caw,pchk-caw-1,,,PChk
2-6-5-2-178-PChk-wuleko-a,stars in Ursa Major,,wuleko,pchk-wuleko-1,,,PChk
2-6-5-2-178-PChk-tdza-a,constellation Equeleus,,"tə̄(d,z)a",pchk-tdza-1,,,PChk
2-6-5-2-179-PPn-maqafu-a,Magellanic Clouds,,maqafu,ppn-maqafu-1,,,PPn
2-6-5-2-179-PPn-kaniwa-a,the Milky Way,,kaniwa,ppn-kaniwa-1,,,PPn
2-6-5-3-180-PPn-kaweia-a,that which is steered for (usually a star),,kaweiŋa,ppn-kaweia-1,,,PPn
2-6-5-4-181-POc-sake-a,"catch a ride, ride on something",,sa(ŋ)kay,pmp-sakay-2,,,PMP
2-6-5-4-182-POc-sipo-a,"go down, downwards",,sipo,poc-sipo-1,,,POc
2-7-2-None-199-POc-qitik-a,"small, little; few",,qitik,pmp-qitik-1,,,PMP
2-7-2-None-200-POc-rikitq-a,"little, few, small in amount",,"diki[t,q]",pan-dikitq-1,,,PAn
2-7-2-None-200-POc-drikitq-a,small,,"drik(i(t,q))",poc-drikitq-1,,,POc
2-7-2-None-200-POc-liki-a,small,,liki,poc-liki-2,,,POc
2-7-2-None-201-POc-tinana-a,"her/his mother; big, biggest",,tina-ña,poc-tinana-1,,,POc
2-7-2-2-203-POc-bbarapu-a,"long, tall",,"(b,bʷ)arapu",poc-bbarapu-1,,,POc
2-7-2-2-204-POc-malago-a,"high, tall",,[ma]laŋkaw,pmp-malakaw-1,,,PMP
2-7-2-2-204-POc-malawa-a,wide,,lawa,pmp-lawa-1,,,PMP
2-7-2-2-205-POc-boto-a,short,,botoŋ,poc-boto-2,,,POc
2-7-2-2-205-POc-sauq-a,far away,,Zauq,pmp-zauq-1,,,PMP
2-7-2-2-206-POc-masauq-a,far away,,ma-Zauq,pmp-mazauq-1,,,PMP
2-7-2-2-207-POc-garai-a,be near,,"dani, Sa-dani, ma-dani",pmp-danisadanimadani-1,,,PMP
2-7-2-2-207-POc-karai-a,be near,,karaŋi,poc-karai-1,,,POc
2-7-2-2-207-POc-parai-a,be near,,"pa-raŋi, paka-raŋi",poc-paraipakarai-1,,,POc
2-7-2-2-207-POc-tata-a,near,,tata,poc-tata-1,,,POc
2-7-2-2-207-POc-tapolas-a,spread out to dry,,belaj,pmp-belaj-1,,,PMP
2-7-2-2-208-POc-matolu-a,thick,,telu,pcemp-telu-1,,,PCEMP
2-7-2-2-208-POc-kuba-a,thick (in dimension),,[ma-]kumba,pmp-makumba-1,,,PMP
2-7-2-2-208-POc-tubutubuka-a,thick (in dimension),,[tubu]tubu[-ka],poc-tubutubuka-2,,,POc
2-7-2-2-209-POc-matipis-a,thin,,tipis,pmp-tipis-1,,,PMP
2-7-3-None-211-POc-kalraba-a,new,,"ka(l,r)abʷa",poc-kalraba-1,,,POc
2-7-3-None-211-POc-tuqari-a,"(be) long ago; take a long time, old (of inanimates)",,tuqaRi,poc-tuqari-1,,,POc
2-7-3-None-212-POc-rapuka-a,old (of inanimates),,rapu-ka,poc-rapuka-1,,,POc
2-7-4-None-213-POc-maqetom-a,"black, deep blue",,[ma]qitem,pmp-maqitem-1,,,PMP
2-7-4-None-213-POc-meraq-a,red,,ma-iRaq,pmp-mairaq-1,,,PMP
2-7-4-None-213-POc-maputiq-a,"white, light in colour",,ma-putiq,pmp-maputiq-1,,,PMP
2-7-4-None-213-POc-makarawa-a,"green, blue",,[ma]karawa,poc-makarawa-1,,,POc
2-7-4-None-214-PEOc-marawa-a,"green, blue",,marawa,peoc-marawa-1,,,PEOc
2-7-4-None-215-POc-yaoyao-a,yellow,,[yaŋo]yaŋo,poc-yaoyao-2,,,POc
2-7-4-None-217-POc-kejaka-a,green,,"keja-ka, [keja]keja",poc-kejakakejakeja-1,,,POc
2-7-4-None-217-POc-birika-a,"dark hue, dark red (?)",,biRiŋ,pmp-biri-1,,,PMP
2-7-4-None-217-POc-pulapulan-a,white,,bulan,pmp-bulan-1,,,PMP
2-7-5-1-218-POc-baban-a,"flat; board, plank; canoe strake; flat shelf of rock",,baban,poc-baban-1,,,POc
2-7-5-1-218-POc-rabar-a,"flat, level",,da(m)paD,pmp-dampad-1,,,PMP
2-7-5-1-218-POc-madralist-a,"smooth, slippery",,ma-dalis,pan-madalis-1,,,PAn
2-7-5-1-219-POc-makoto-a,straight,,[ma]koto,poc-makoto-1,,,POc
2-7-5-1-219-POc-kodos-a,go straight; straighten,,kodos,poc-kodos-1,,,POc
2-7-5-1-220-POc-manemane-a,"straight, direct; flat, level",,mʷane-mʷane,poc-manemane-1,,,POc
2-7-5-1-220-POc-wanewane-a,"straight, direct; flat, level",,wane-wane,poc-wanewane-1,,,POc
2-7-5-1-220-PWOc-kalis-a,crooked,,kalis,pwoc-kalis-1,,,PWOc
2-7-5-2-220-POc-papat-a,heavy,,[pa]pat,poc-papat-1,,,POc
2-7-5-2-221-POc-mapat-a,heavy,,mapat,poc-mapat-1,,,POc
2-7-5-2-221-POc-mamat-a,heavy,,mamat,poc-mamat-1,,,POc
2-7-5-2-221-POc-maraqan-a,light in weight,,[ma]Raqan,pmp-maraqan-1,,,PMP
2-7-5-3-222-POc-pakas-a,"swift, strong, energetic, fast",,ba(ŋ)kas,pmp-bakas-1,,,PMP
2-7-5-3-222-POc-lagas-a,"spirited, energetic",,la(ŋ)kas,pmp-lakas-1,,,PMP
2-7-5-4-223-POc-ponuq-a,full,,ponuq,pmp-ponuq-1,,,PMP
2-7-5-4-224-POc-puu-a,full,,puŋu,poc-puu-1,,,POc
2-7-5-4-224-POc-poju-a,"satisfied from having eaten enough, satiated",,besuR,pan-besur-1,,,PAn
2-7-5-6-226-POc-buluk-a,"be wet, soaked, waterlogged",,buluk,poc-buluk-1,,,POc
2-7-5-6-228-POc-karrao-a,be dry; be low tide,,"ka-[R,r]aŋo",poc-karrao-1,,,POc
2-7-5-6-228-POc-goru-a,"dry, of vegetation; coconut growth stage 8: dry and ready to fall",,goRu,poc-goru-1,,,POc
2-8-2-1-236-POc-i-a,g:locative,,i,pan-i-1,,,PAn
2-8-2-1-237-POc-qa-a,local adverb formative,,qa-,poc-qa-1,,,POc
2-8-2-2-239-POc-loa-a,inland,,loŋa,poc-loa-1,,,POc
2-8-2-2-240-PWOc-pa-a,to one’s left when facing the sea,,pa,pwoc-pa-1,,,PWOc
2-8-2-2-240-PWOc-ta-a,to one’s right when facing the sea,,ta,pwoc-ta-1,,,PWOc
2-8-2-2-242-POc-atas-a,"high, tall",,aCas,pan-acas-1,,,PAn
2-8-2-2-243-POc-lait-a,sky,,laŋiC,pan-laic-1,,,PAn
2-8-2-2-244-POc-liwa-a,open space,,liwaŋ,pmp-liwa-1,,,PMP
2-8-2-3-246-POc-lalo-a,inside,,Daləm,pmp-dalm-1,,,PMP
2-8-2-3-247-POc-lo-a,inside,,lo-,poc-lo-1,,,POc
2-8-2-3-247-POc-la-a,inside,,la-,poc-la-2,,,POc
2-8-2-3-248-POc-baloa-a,belly; hollow space,,"bʷal(o,a)-, bʷal(o,a)k",poc-baloabaloak-1,,,POc
2-8-2-3-248-POc-tinaqe-a,small intestine,,tinaqi,pmp-tinaqi-1,,,PMP
2-8-2-3-249-POc-papa-a,"lower surface, bottom, underside",,babaq,pmp-babaq-1,,,PMP
2-8-2-3-250-POc-ruku-a,"underneath, undersurface (?)",,ruku-,poc-ruku-2,,,POc
2-8-2-3-253-POc-qulu-a,head,,qulu,pan-qulu-1,,,PAn
2-8-2-3-254-POc-pala-a,"side, part",,balaŋ,pmp-bala-1,,,PMP
2-8-2-3-255-POc-bali-a,"moiety; answer; oppose; partner, friend, enemy; opposite side or part",,baliw,pmp-baliw-1,,,PMP
2-8-2-3-255-POc-siri-a,"border on, neighbour; peer, equal",,sidiŋ,pmp-sidi-1,,,PMP
2-8-2-3-255-PROc-tapa-a,"side, outside",,tapa-,proc-tapa-1,,,PROc
2-8-2-3-257-POc-muqa-a,front,,muqa[-],poc-muqa-3,,,POc
2-8-2-3-259-POc-nako-a,"face, front",,nako[-],poc-nako-2,,,POc
2-8-2-3-262-ProtoNorthwestSolomonic-mudi-a,back of s.t.; s.o.’s back,,mudi-,protonorthwestsolomonic-mudi-1,,,Proto Northwest Solomonic
2-8-2-3-262-POc-burit-a,"hind part, rear, back",,burit,pmp-burit-1,,,PMP
2-8-2-3-263-POc-takuru-a,(s.o.’s) back,,takuRu[-],poc-takuru-2,,,POc
2-8-2-4-264-POc-pai-a,where?,,pai,pmp-pai-1,,,PMP
2-8-2-4-265-POc-pea-a,where at?,,pea,poc-pea-1,,,POc
2-8-3-3-272-POc-sobu-a,go downward,,sobu,pemp-sobu-1,,,PEMP
2-8-3-3-272-POc-surup-a,"enter, penetrate",,surup,pmp-surup-1,,,PMP
2-8-3-3-272-POc-sjuau-a,"go down vertically, fall",,"[s,j]u[(a,u)]",poc-sjuau-1,,,POc
2-8-3-3-273-POc-wau-a,go seawards,,wau,poc-wau-1,,,POc
2-8-3-3-273-POc-sake-a,go upward,,sake,poc-sake-1,,,POc
2-8-3-3-276-PPn-sisifo-a,(N) west,,si-sifo,ppn-sisifo-1,,,PPn
2-8-3-3-276-PPn-sasake-a,(N) east,,sa-sake,ppn-sasake-1,,,PPn
2-8-3-4-281-POc-mai-a,come,,"maRi, mai",pan-marimai-1,,,PAn
2-8-3-4-283-POc-mai-a,come,,"mai, ma",poc-maima-1,,,POc
2-8-3-4-283-POc-pati-a,come,,pʷati,poc-pati-2,,,POc
2-8-3-4-284-POc-ua-a,go towards addressee,,ua,poc-ua-1,,,POc
2-8-3-4-286-POc-watu-a,go towards addressee,,watu,poc-watu-1,,,POc
2-8-3-4-287-POc-lako-a,go,,lako,pmp-lako-1,,,PMP
2-8-3-4-291-POc-pa-a,go away; move in a transverse direction,,pa,poc-pa-1,,,POc
2-8-3-4-293-POc-tani-a,(go) away from,,tani,poc-tani-1,,,POc
2-9-2-2-305-POc-boi-a,night,,beRŋi,pmp-beri-1,,,PMP
2-9-2-2-308-POc-rodrom-a,be dark,,dem-dem,pmp-demdem-1,,,PMP
2-9-2-2-308-POc-marom-a,be dark,,ma-edem,pmp-maedem-1,,,PMP
2-9-2-2-310-POc-boiboi-a,early morning from dawn to 9 or 10 a.m.,,boŋi-boŋi,poc-boiboi-1,,,POc
2-9-2-2-311-POc-puko-a,"(N, V) morning",,puko,poc-puko-1,,,POc
2-9-2-2-312-PROc-qasoqatea-a,late morning and early afternoon,,qaso-qatea,proc-qasoqatea-1,,,PROc
2-9-2-2-313-POc-rapi-a,evening,,Rabi,pan-rabi-1,,,PAn
2-9-2-2-313-PMic-fakafi-a,"evening, in the evening",,fakāfi,pmic-fakafi-1,,,PMic
2-9-2-3-317-POc-pulanpaqoru-a,"new moon, young moon",,pulan paqoRu,poc-pulanpaqoru-1,,,POc
2-9-2-4-319-POc-taqun-a,period of a year,,taqun,pmp-taqun-1,,,PMP
2-9-3-3-323-PPn-qanapo-a,last night,,qana-pō,ppn-qanapo-1,,,PPn
2-9-3-3-325-POc-norap-a,yesterday,,ñeRab,pmp-nerab-1,,,PMP
2-9-3-3-326-POc-nanorap-a,yesterday,,na-ñoRap,poc-nanorap-1,,,POc
2-9-3-3-327-POc-naboi-a,yesterday,,na-boŋi,poc-naboi-1,,,POc
2-9-3-3-328-POc-irapi-a,(?) in the evening,,i Rapi,poc-irapi-1,,,POc
2-9-3-3-329-POc-iboiboi-a,(?) in the morning,,i boŋi-boŋi,poc-iboiboi-1,,,POc
2-9-3-3-330-POc-mapua-a,tomorrow,,ma-pua,poc-mapua-1,,,POc
2-9-3-3-330-POc-maraqani-a,become light,,ma-raqani,poc-maraqani-1,,,POc
2-9-3-3-331-POc-latuqu-a,tomorrow,,la-tuqu,poc-latuqu-1,,,POc
2-9-3-3-332-POc-iwarisa-a,two days from today,,[i] waRisa,poc-iwarisa-1,,,POc
2-9-3-3-333-POc-qanawarisa-a,day before yesterday,,[qa-]na-waRisa,poc-qanawarisa-1,,,POc
2-9-3-3-334-POc-boirua-a,the day after tomorrow,,boŋi rua,poc-boirua-1,,,POc
2-9-3-5-335-POc-ican-a,when?,,ijan,pan-ijan-1,,,PAn
2-9-3-5-335-POc-iaican-a,when?,,[i] ŋaican,poc-iaican-1,,,POc
2-9-3-5-335-POc-iican-a,when?,,[i] ŋican,poc-iican-1,,,POc
2-9-3-5-336-POc-qanaaican-a,when (past),,"[qa]na-ŋaican, [qa]na-ŋican",poc-qanaaicanqanaican-1,,,POc
2-9-3-5-337-PPn-qafea-a,when (future),,qā-fea,ppn-qafea-1,,,PPn
2-9-3-5-337-PPn-qanafea-a,when (past),,[qa]na-fea,ppn-qanafea-1,,,PPn
6-2-3-6-76-POc-natu-a,"child, s.s. sibling’s child, parallel cousin’s child, __mother’s brother’s child__",,natu-,poc-natu-1,,,POc
6-2-3-6-77-POc-tubu-a,"grandparent, grandchild",,tubu-,poc-tubu-1,,,POc
6-2-3-6-77-POc-tama-a,"father, father’s mother, mother’s sister’s husband, father’s sister’s son, father’s sister’s daughter’s son, father’s sister’s daughter’s daughter’s son",,tama-,poc-tama-1,,,POc
6-2-4-1-83-POc-tama-a,father,,ta-amax,pan-taamax-1,,,PAn
6-2-4-1-85-POc-ama-a,father,,amax,pan-amax-1,,,PAn
6-2-4-1-85-POc-mama-a,"father, father’s brother",,mamah,pan-mamah-1,,,PAn
6-2-4-1-87-POc-tina-a,mother,,ta-ina,pan-taina-1,,,PAn
6-2-4-1-89-POc-ina-a,"mother, mother’s sister",,ina,pan-ina-1,,,PAn
6-2-4-1-89-POc-kina-a,mother,,kina-,poc-kina-1,,,POc
6-2-4-1-89-POc-nana-a,mother,,nana,pmp-nana-1,,,PMP
6-2-4-1-90-POc-nai-a,mother (ADDR),,ina-y,pmp-inay-1,,,PMP
6-2-4-1-90-POc-nene-a,mother,,nene,pemp-nene-1,,,PEMP
6-2-4-1-91-PPn-faqee-a,"mother, mother’s sister",,faqe(e),ppn-faqee-1,,,PPn
6-2-4-1-92-PPn-faqele-a,woman who is pregnant or has recently given birth,,faqele,ppn-faqele-1,,,PPn
6-2-4-1-92-PPn-matuqa-a,parent,,matuqa,ppn-matuqa-1,,,PPn
6-2-4-1-92-PPn-matuqa-b,parents,,mātuqa,ppn-matuqa-2,,,PPn
6-2-4-1-93-POc-kaka-a,parent’s sibling,,ŋkaŋka,pemp-kaka-1,,,PEMP
6-2-4-1-94-PPn-tuqatina-a,mother’s brother,,tuqa-tina,ppn-tuqatina-1,,,PPn
6-2-4-1-95-POc-matuqa-a,"mother’s brother, mother’s brother’s wife, wife’s parent",,matuqa,pmp-matuqa-1,,,PMP
6-2-4-1-96-POc-wawa-a,mother’s brother,,wawa,poc-wawa-1,,,POc
6-2-4-1-96-PWOc-varis-a,"mother’s brother, ♂father-in-law",,varis,pwoc-varis-1,,,PWOc
6-2-4-1-98-POc-aya-a,respect term for a member of ego’s parents’ generation,,aya,pmp-aya-1,,,PMP
6-2-4-1-99-PPn-masakitaa-a,father’s sister,,masakitaŋa,ppn-masakitaa-1,,,PPn
6-2-4-1-99-POc-natu-a,"child, offspring",,natu,pemp-natu-1,,,PEMP
6-2-4-1-101-POc-qatu-a,"child, offspring",,qatu,pemp-qatu-1,,,PEMP
6-2-4-1-101-POc-tu-a,"child, offspring",,tu,pemp-tu-1,,,PEMP
6-2-4-1-101-PPn-tama-a,"woman or couple’s child or classificatory child, esp. son",,tama,ppn-tama-1,,,PPn
6-2-4-1-102-PPn-fosa-a,"♂son, ♂brother’s son",,fosa,ppn-fosa-1,,,PPn
6-2-4-1-102-POc-qalawa-a,"♂sister’s child, (?) mother’s brother",,[qa]lawa,poc-qalawa-1,,,POc
6-2-4-1-103-POc-pascu-a,♂sister’s child,,"pa(s,c)u, pa(s,c)ua-",poc-pascupascua-1,,,POc
6-2-4-1-104-ProtoCentralVanuatu-matailau-a,♂sister’s child,,matailau,protocentralvanuatu-matailau-1,,,Proto Central Vanuatu
6-2-4-1-104-PPn-qilamutu-a,♂sister’s child,,qilāmutu,ppn-qilamutu-1,,,PPn
6-2-4-1-105-POc-tubu-a,"grandparent, grandchild",,tumpu,pmp-tumpu-1,,,PMP
6-2-4-1-107-POc-ubu-a,"grandparent, grandchild",,umpu,pmp-umpu-1,,,PMP
6-2-4-1-107-POc-tabu-a,"grandparent, grandchild",,tampu,pemp-tampu-1,,,PEMP
6-2-4-1-107-POc-abua-a,"grandparent, grandchild",,ampu,pmp-ampu-1,,,PMP
6-2-4-1-109-POc-bubui-a,"grandparent, grandchild",,bubu-y,pmp-bubuy-1,,,PMP
6-2-4-1-109-POc-wawa-a,"grandparent, grandchild",,wawa,pemp-wawa-1,,,PEMP
6-2-4-1-110-POc-makubu-a,grandchild; kin two generations below ego,,makubu-,poc-makubu-1,,,POc
6-2-4-1-110-POc-bawa-a,"great-great-grandparent, great-great-grandchild",,bawa,pemp-bawa-1,,,PEMP
6-2-4-1-111-POc-sese-a,great-great-grandparent (?),,sese-,poc-sese-1,,,POc
6-2-4-1-111-PNNG-sasa-a,"great-grandparent, great-grandchild",,sasa,pnng-sasa-1,,,PNNG
6-2-4-1-112-POc-taci-a,younger s.s. sibling,,taji,pmp-taji-1,,,PMP
6-2-4-1-113-POc-kaci-a,younger s.s. sibling,,kaci-,poc-kaci-1,,,POc
6-2-4-1-114-POc-tua-a,elder s.s. sibling,,tua-,poc-tua-1,,,POc
6-2-4-1-115-POc-tuaka-a,"elder s.s. sibling, elder parallel cousin",,tuaka-,poc-tuaka-1,,,POc
6-2-4-1-116-POc-kaka-a,elder sibling,,kaka,pan-kaka-1,,,PAn
6-2-4-1-116-PPn-taqokete-a,elder s.s. sibling,,taqokete,ppn-taqokete-1,,,PPn
6-2-4-1-118-POc-papine-a,♂sister,,babinay,pemp-babinay-1,,,PEMP
6-2-4-1-119-POc-maqane-a,♀brother,,muaqanay,pemp-muaqanay-1,,,PEMP
6-2-4-1-120-PNCal-mane-a,♀brother,,mʷane,pncal-mane-1,,,PNCal
6-2-4-1-120-PPn-tuafafine-a,♂sister,,"tua-fafine, tua-fine",ppn-tuafafinetuafine-1,,,PPn
6-2-4-1-120-PPn-tuaaqane-a,♀brother,,tua-ŋaqane,ppn-tuaaqane-1,,,PPn
6-2-4-1-121-PChk-meaeya-a,♀brother,,mʷeŋ[ae]ya,pchk-meaeya-1,,,PChk
6-2-4-1-121-POc-lopu-a,o.s. sibling,,lopu-,poc-lopu-1,,,POc
6-2-4-1-122-ProtoCenderawasihBay-ruio-a,o.s. sibling,,"ru(i,o)-",protocenderawasihbay-ruio-1,,,Proto Cenderawasih Bay
6-2-4-1-122-PNGOc-lipu-a,o.s. sibling,,lipu-,pngoc-lipu-1,,,PNGOc
6-2-4-1-123-POc-tura-a,"kinsman, relative (undefined)",,tuRaŋ,pmp-tura-1,,,PMP
6-2-4-2-125-POc-qasawa-a,spouse,,qasawa,pan-qasawa-1,,,PAn
6-2-4-2-126-PEOc-wati-a,spouse,,wati,peoc-wati-1,,,PEOc
6-2-4-2-126-POc-pine-a,"woman, wife",,b⟨in⟩ahi,panpmp-binahi-1,,,PAn/PMP
6-2-4-2-127-POc-kawec-a,"woman, wife",,kawe(C),poc-kawec-1,,,POc
6-2-4-2-128-POc-ipar-a,sibling-in-law (probably of the same sex only),,hipaR,pmp-hipar-1,,,PMP
6-2-4-2-129-PPn-maqa-a,s.s. sibling-in-law,,maqā,ppn-maqa-1,,,PPn
6-2-4-2-129-PROc-taku-a,brother-in-law,,taku,proc-taku-1,,,PROc
6-2-4-2-130-ProtoCentralVanuatu-tauwia-a,brother-in-law,,tau-wia,protocentralvanuatu-tauwia-1,,,Proto Central Vanuatu
6-2-4-2-130-POc-taci-a,"o.s. sibling-in-law, younger than ego",,taci-,poc-taci-1,,,POc
6-2-4-2-131-POc-rawa-a,parent- or child-in-law,,"r(a,e)wa",pemp-raewa-1,,,PEMP
6-2-4-2-132-PEOc-puao-a,parent- or child-in-law,,puŋao-,peoc-puao-1,,,PEOc
6-2-4-2-133-PPn-fuaoai-a,parent-in-law,,fuŋao-ai,ppn-fuaoai-1,,,PPn
6-2-4-2-133-PAdm-nnana-a,parent- or child-in-law,,"(ñ,n)ana",padm-nnana-1,,,PAdm
6-2-4-2-134-PNCV-balika-a,parent- or child-in-law,,bʷalika,pncv-balika-1,,,PNCV
6-2-5-None-134-POc-qasawa-a,marry,,qasawa,poc-qasawa-2,,,POc
6-2-5-None-135-POc-taulaki-a,marry; married person,,[tau]laki,poc-taulaki-1,,,POc
6-4-2-1-152-PPn-qariki-a,"chief, person of chiefly rank",,qariki,ppn-qariki-1,,,PPn
6-4-2-1-154-PPn-qarikitia-a,"be occupied by a chief or chiefs, have a chief or chiefs present",,qariki-tia,ppn-qarikitia-1,,,PPn
6-4-2-1-154-PPn-fakaqariki-a,(act) in the manner of a chief,,faka-qariki,ppn-fakaqariki-1,,,PPn
6-4-2-2-154-PCPPPn-sau-a,chiefly authority or rule,,sau,pcpppn-sau-1,,,PCP/PPn
6-4-2-2-155-PPn-lai-a,one of sufficiently high rank to be honoured or treated as one in authority,,laŋi,ppn-lai-2,,,PPn
6-4-2-2-156-PPn-fatu-a,leader of the _*kāiŋa_,,"fatu, fatu kāiŋa",ppn-fatufatukaia-1,,,PPn
6-4-2-2-158-PPn-kainaa-a,"clan, unilineal descent group",,kainaŋa,ppn-kainaa-1,,,PPn
6-4-5-2-169-ProtoMalaitaMakira-alafa-a,"chief, person of a chiefly lineage",,alafa,protomalaitamakira-alafa-1,,,Proto Malaita-Makira
6-4-5-2-171-PAdm-lapana-a,"chief, leader",,lapa-ña,padm-lapana-1,,,PAdm
6-4-5-2-171-POc-kabina-a,chief,,kabi-ña,poc-kabina-1,,,POc
6-5-3-None-180-PCP-vaolau-a,canoe house,,"v(a,o)lau",pcp-vaolau-1,,,PCP
6-5-4-None-182-POc-malaqai-a,"? public space in a village, village plaza",,malaqai,poc-malaqai-1,,,POc
6-5-5-3-191-PMic-kayinaa-a,"clan, folk, tribe, stock",,kayinaŋa,pmic-kayinaa-1,,,PMic
6-5-5-3-192-PEOc-taupanua-a,"person belonging to a place, land owner",,tau panua,peoc-taupanua-1,,,PEOc
6-6-2-1-196-POc-tapuriq-a,conch shell trumpet,,tapuRiq,pmp-tapuriq-1,,,PMP
6-6-2-1-196-POc-buu-a,conch shell trumpet,,buu,pcemp-buu-1,,,PCEMP
6-6-2-2-199-POc-pigko-a,bamboo wind instrument,,"pi(g,k)o",poc-pigko-1,,,POc
6-6-2-2-200-POc-tulali-a,bamboo nose flute,,tulani,pan-tulani-1,,,PAn
6-6-2-3-201-POc-buogobuogo-a,jew’s harp,,"b(u,o)go-b(u,o)go",poc-buogobuogo-1,,,POc
6-6-2-3-201-PPn-qutete-a,jew’s harp,,qutete,ppn-qutete-1,,,PPn
6-6-2-6-203-PWOc-kudue-a,hourglass drum,,"kud(u,e)",pwoc-kudue-1,,,PWOc
6-6-2-7-204-POc-koko-a,slitgong,,kuŋkuŋ,pan-kuku-1,,,PAn
6-6-2-7-205-POc-rali-a,slitgong,,rali,poc-rali-1,,,POc
6-6-2-7-206-PPn-pasu-a,"drum, to drum, thump",,pasu,ppn-pasu-1,,,PPn
6-6-3-1-208-POc-wari-a,"sing, song",,wari,pcemp-wari-1,,,PCEMP
6-6-3-1-208-POc-kanam-a,"sing, song",,kanam,poc-kanam-1,,,POc
6-6-3-1-209-POc-uu-a,"buzz, hum",,"ŋuŋ, ŋu(ŋ)ŋuŋ",pmp-uuu-1,,,PMP
6-6-3-2-209-POc-rai-a,a song to accompany dance,,raŋi,poc-rai-1,,,POc
6-6-3-2-210-POc-baku-a,"to sing, dance",,bʷaku,poc-baku-1,,,POc
6-6-3-2-210-PChk-uru-a,"play, dance",,uru,pchk-uru-1,,,PChk
6-6-3-2-211-PPn-siwa-a,sing and dance,,siwa,ppn-siwa-1,,,PPn
6-6-3-3-212-POc-sarup-a,to sing in unison,,saRup,pmp-sarup-1,,,PMP
6-6-3-4-212-PPn-fanaa-a,story intended for entertainment and usually containing repetitions of a short chant,,fanaŋa,ppn-fanaa-1,,,PPn
6-6-3-4-212-PNPn-pese-a,"sing; song, chant",,pese,pnpn-pese-1,,,PNPn
6-6-3-6-214-POc-roroor-a,"to sound, be audible",,roroŋoR,poc-roroor-1,,,POc
6-6-3-6-214-PPn-kapa-a,"flap, of wings or stretched out arms",,kapa,ppn-kapa-1,,,PPn
6-6-3-7-215-POc-takunu-a,"tell a story, narrate",,takunu,poc-takunu-1,,,POc
6-6-3-7-216-PNPn-kakai-a,traditional story,,[ka]kai,pnpn-kakai-1,,,PNPn
6-6-3-8-216-POc-olioli-a,a lullaby,,oli-oli,poc-olioli-1,,,POc
6-6-3-11-219-PPn-fati-a,"tune, melody",,fati,ppn-fati-1,,,PPn
6-6-3-11-219-PPn-fatu-a,"weave, compose (e.g. a song)",,fatu,ppn-fatu-1,,,PPn
6-6-4-1-220-POc-sagar-a,dance,,sagar,poc-sagar-1,,,POc
6-6-4-1-221-POc-mako-a,dance,,mako,poc-mako-1,,,POc
6-6-4-1-222-POc-lagar-a,dance accompanied by singing,,lagar,poc-lagar-1,,,POc
6-6-4-1-222-PNCV-sale-a,"jump, dance",,sale,pncv-sale-1,,,PNCV
6-6-4-1-222-PCP-seqa-a,k.o. dance,,se(q)a,pcp-seqa-1,,,PCP
6-6-4-1-222-POc-baki-a,"to clap, sound of clapping or flapping",,pakpak,pan-pakpak-1,,,PAn
6-6-4-3-225-POc-wali-a,"paint, smear, rub on",,wali,poc-wali-1,,,POc
6-6-6-1-228-POc-maja-a,"play, have fun",,mʷaja,poc-maja-1,,,POc
6-6-6-1-228-PPn-taakalo-a,to play; a game,,ta(a)-kalo,ppn-taakalo-1,,,PPn
6-6-6-1-228-PNPn-tafao-a,to play,,tāfao,pnpn-tafao-1,,,PNPn
6-6-6-3-229-POc-sikop-a,catch with the hands,,cikep,pmp-cikep-1,,,PMP
6-6-6-5-231-POc-ppanaq-a,throw s.t. at a target; shoot with bow and arrow,,panaq,pan-panaq-1,,,PAn
6-6-6-6-232-PCP-lavo-a,game played with discs,,lavo,pcp-lavo-1,,,PCP
6-6-6-6-232-PPn-teka-a,"roll, rotate, spin",,teka,ppn-teka-1,,,PPn
6-6-6-6-232-PPn-tupe-a,disc used in game of _*lafo_,,tupe,ppn-tupe-1,,,PPn
6-6-6-6-233-PPn-welo-a,"thrust, as in spearing",,welo,ppn-welo-1,,,PPn
6-6-6-6-233-PPn-fakaseke-a,"slide deliberately, surf",,faka-seke,ppn-fakaseke-1,,,PPn
6-6-6-6-233-PCP-kai-a,points scored in a game,,kai,pcp-kai-1,,,PCP
6-7-2-None-236-POc-qanitu-a,"ghost, spirit of the dead; owl",,qaLiCu,pan-qalicu-1,,,PAn
6-7-2-None-237-PNCV-qatamate-a,ghost; spirit of dead person,,qata-mate,pncv-qatamate-1,,,PNCV
6-7-2-None-238-PNGOc-baraqum-a,spirit of dead person,,bara(q)um,pngoc-baraqum-1,,,PNGOc
6-7-2-None-238-PSES-tiadalo-a,"ghost, spirit",,"t(i,a)dalo",pses-tiadalo-1,,,PSES
6-7-2-None-239-POc-malrriawa-a,"spirit, living or dead",,"mʷa(l,r,R)(i)awa-",poc-malrriawa-1,,,POc
6-7-4-None-244-PPn-qaaqaa-a,"soul, spirit",,qaŋa-qaŋa,ppn-qaaqaa-1,,,PPn
6-7-5-None-245-POc-qatuan-a,deity,,qatuan,pmp-qatuan-1,,,PMP
6-7-5-None-246-POc-tubuqan-a,supernatural being,,tubuqan,poc-tubuqan-1,,,POc
6-8-1-None-250-POc-masi-a,magic; perform magic,,masi,poc-masi-1,,,POc
6-8-2-1-252-ProtoMalaitaMakira-yaru-a,"invoke a spirit, make imprecations, put a spell on someone over something",,yaru,protomalaitamakira-yaru-1,,,Proto Malaita-Makira
6-8-2-1-253-PNCV-tataro-a,"pray, wish for",,[ta]taro,pncv-tataro-1,,,PNCV
6-8-2-4-256-POc-uraki-a,make an offering to the gods,,uraki,poc-uraki-1,,,POc
6-8-2-4-256-PPn-taumafa-a,ceremonial food; offering to the gods,,taumafa,ppn-taumafa-1,,,PPn
6-8-2-4-257-PEOc-soso-a,"to expiate, compensate",,soso,peoc-soso-1,,,PEOc
6-8-2-4-258-PPn-qinati-a,"share, allocated portion of food",,qinati,ppn-qinati-1,,,PPn
6-8-3-None-261-PPn-taaulaqatua-a,"priest, medium, shaman",,taaula[-qatua],ppn-taaulaqatua-1,,,PPn
6-8-3-1-262-PCP-waga-a,spirit medium,,waga,pcp-waga-1,,,PCP
6-8-4-None-265-PPT-baravu-a,sorcery,,baravu,ppt-baravu-1,,,PPT
6-8-4-None-266-PNGOc-naba-a,a spell,,nabʷa,pngoc-naba-1,,,PNGOc
6-9-4-1-277-PPn-mana-a,thunder,,mana,ppn-mana-1,,,PPn
6-10-2-None-285-POc-tabu-a,"forbidden, taboo",,tambu,pcemp-tambu-1,,,PCEMP
6-10-6-None-293-PPn-afua-a,be allowed,,ŋafua,ppn-afua-1,,,PPn
6-10-6-None-293-PPn-noa-a,"be common, worthless",,noa,ppn-noa-1,,,PPn
6-10-6-None-293-ProtoMalaitaMakira-mola-a,"usual, merely; permitted",,mola,protomalaitamakira-mola-1,,,Proto Malaita-Makira
6-10-7-None-294-POc-pali-a,"taboo, ritual restriction; purifying rite",,paliSi,pan-palisi-1,,,PAn
6-11-4-2-307-POc-dramar-a,tree resin used in torches (?),,damaR,pan-damar-1,,,PAn
6-11-5-5-337-ProtoTorresBanks-udgogona-a,bitter (palolo),,ud gogona,prototorresbanks-udgogona-1,,,Proto Torres-Banks
6-11-5-5-338-ProtoTorresBanks-udlava-a,big palolo,,ud lava,prototorresbanks-udlava-1,,,Proto Torres-Banks
6-11-5-5-338-ProtoTorresBanks-udwere-a,rump of palolo,,ud were,prototorresbanks-udwere-1,,,Proto Torres-Banks
6-11-5-5-338-ProtoTorresBanks-makoto-a,fresh/wet Panax grass,,mʷakoto,prototorresbanks-makoto-1,,,Proto Torres-Banks
6-11-5-5-338-ProtoTorresBanks-makotorao-a,dry grass,,mʷakoto raŋo,prototorresbanks-makotorao-1,,,Proto Torres-Banks
6-11-5-7-340-ProtoChuukicPonapeic-makariker-a,about July; the Pleiades,,mʷakariker,protochuukicponapeic-makariker-1,,,Proto Chuukic-Ponapeic
6-11-5-7-341-PWMic-telutelu-a,about August; three stars of Orion’s Belt,,telu-telu,pwmic-telutelu-1,,,PWMic
6-11-5-7-342-PChk-icci-a,"about September, the constellation Leo",,icci,pchk-icci-1,,,PChk
6-11-5-7-342-ProtoChuukicPonapeic-tarobolu-a,"about October, the constellation Corvus",,tarobolu,protochuukicponapeic-tarobolu-1,,,Proto Chuukic-Ponapeic
6-11-5-7-343-PChk-aremoi-a,about November; the star Arcturus,,aremoi,pchk-aremoi-1,,,PChk
6-11-5-7-343-PChk-cewu-a,"about December, January; constellation Corona Borealis (lit. dipping net?)",,cēwu,pchk-cewu-1,,,PChk
6-11-5-7-343-PMic-sumuru-a,the star Antares,,sumʷuru,pmic-sumuru-1,,,PMic
6-11-5-7-344-PMic-maticiki-a,stars in Sagittarius,,māti-ciki,pmic-maticiki-1,,,PMic
6-11-5-7-344-PChk-ml-a,about February; the star Vega in Lyra,,məəl,pchk-ml-1,,,PChk
6-11-5-7-345-PMic-matilapa-a,the star Altair (or perhaps the constellation Aquila including Altair),,māti-lapa,pmic-matilapa-1,,,PMic
6-11-5-7-345-PChk-tada-a,about April; the constellation Equuleus,,taɨdā,pchk-tada-1,,,PChk
6-11-5-7-345-PWMic-laka-a,stars in the constellation Pegasus,,laka,pwmic-laka-1,,,PWMic
6-11-5-7-346-PChk-kua-a,porpoise; May/June; huge constellation including Cassiopeia and Aries,,kua,pchk-kua-1,,,PChk
6-11-5-7-346-PChk-yalimada-a,Andromeda (within _*kua_ constellation),,yalimadaɨ,pchk-yalimada-1,,,PChk
6-11-5-8-350-PPn-mataliki-a,Pleiades,,mataliki,ppn-mataliki-1,,,PPn
6-11-5-8-350-PNPn-kauunuunu-a,June,,[kau]unu-unu,pnpn-kauunuunu-1,,,PNPn
6-11-5-8-351-PNPn-tolu-a,three; the stars of Orion’s Belt; June,,tolu,pnpn-tolu-1,,,PNPn
6-11-5-8-351-PPn-siliakelekele-a,June,,siliŋa kelekele,ppn-siliakelekele-1,,,PPn
6-11-5-8-351-PPn-siliamaqa-a,July,,siliŋa maqa,ppn-siliamaqa-1,,,PPn
6-11-5-8-352-PNPn-oloamanu-a,August,,oloamanu,pnpn-oloamanu-1,,,PNPn
6-11-5-8-353-PNPn-palolomuqa-a,"first (minor) spawning of the palolo worm; month name, September—October",,palolo muqa,pnpn-palolomuqa-1,,,PNPn
6-11-5-8-353-PNPn-palolomuli-a,"second (major) spawning of the palolo worm; month name, October–November",,palolo muli,pnpn-palolomuli-1,,,PNPn
6-11-5-8-354-PNPn-munifa-a,November–December,,munifa,pnpn-munifa-1,,,PNPn
6-11-5-8-354-PNPn-takaoa-a,January,,takaoŋa,pnpn-takaoa-1,,,PNPn
6-11-5-8-354-PPn-lisamuqa-a,December,,lisa muqa,ppn-lisamuqa-1,,,PPn
6-11-5-8-354-PPn-lisamuri-a,January,,lisa muri,ppn-lisamuri-1,,,PPn
6-11-5-8-355-PNPn-utuamuqa-a,January,,utua muqa,pnpn-utuamuqa-1,,,PNPn
6-11-5-8-355-PNPn-utuamuli-a,February,,utua muli,pnpn-utuamuli-1,,,PNPn
6-11-5-8-356-PPn-waimuqa-a,February–March,,wai muqa,ppn-waimuqa-1,,,PPn
6-11-5-8-356-PPn-waimuri-a,March–April,,wai muri,ppn-waimuri-1,,,PPn
6-11-5-8-356-PPn-fakaafumaquri-a,"a month name, April–May",,faka-afu maquri,ppn-fakaafumaquri-1,,,PPn
6-11-5-8-356-PPn-fakaafumate-a,"a month name, May",,faka-afu-mate,ppn-fakaafumate-1,,,PPn
6-12-3-1-379-POc-ka-a,say,,kuaS,pan-kuas-1,,,PAn
6-12-3-1-381-POc-pa-a,say,,bai,pcemp-bai-1,,,PCEMP
6-12-3-1-383-POc-pacaq-a,"tell, inform, ask, enquire, know, understand",,bajaq,pan-bajaq-1,,,PAn
6-12-3-1-383-POc-bala-a,"say, speak",,bʷala,poc-bala-2,,,POc
6-12-3-1-383-PWOc-sowa-a,"say, speak",,"sowa, sowai-",pwoc-sowasowai-1,,,PWOc
6-12-3-1-384-PEOc-bata-a,"speak, utter",,bata,peoc-bata-1,,,PEOc
6-12-3-2-384-POc-wara-a,"say (s.t.), tell (s.o. to do s.t.)",,"waRa, waRai-",poc-warawarai-1,,,POc
6-12-3-2-386-POc-pitirr-a,"say (s.t.), tell (s.o. to do s.t.)",,"pʷiti((r,R)), pʷiti((r,R))i-",poc-pitirrpitirri-1,,,POc
6-12-3-3-386-POc-nanasa-a,ask,,"nanasa, nanasai-",poc-nanasananasai-1,,,POc
6-12-3-3-387-PWOc-tore-a,"ask, enquire",,tore,pwoc-tore-1,,,PWOc
6-12-3-3-387-PEOc-vaizu-a,"ask, enquire",,"vaizu, vaizuni-",peoc-vaizuvaizuni-1,,,PEOc
6-12-3-3-388-PPn-huqi-a,ask (a question),,huqi,ppn-huqi-1,,,PPn
6-12-3-3-388-PPn-sili-a,ask questions,,sili,ppn-sili-1,,,PPn
6-12-3-4-389-POc-noi-a,"beg, ask for",,ŋeni,pmp-eni-1,,,PMP
6-12-3-4-390-PEOc-noqi-a,"ask for, beg",,noqi,peoc-noqi-1,,,PEOc
6-12-3-4-390-POc-suga-a,ask s.o. for .s.t.,,"suga, sugai-",poc-sugasugai-1,,,POc
6-12-3-4-390-POc-taman-a,ask,,taman,poc-taman-1,,,POc
6-12-4-1-391-POc-taram-a,"answer, agree",,taRam,pemp-taram-1,,,PEMP
6-12-4-3-393-POc-paila-a,greet/welcome loudly; exclamation of welcome,,"paila, pela",poc-pailapela-1,,,POc
6-12-4-3-393-POc-karo-a,call out a greeting,,kʷaro,poc-karo-1,,,POc
6-12-4-3-393-POc-pato-a,"say or call s.o.’s name; say, speak",,"pato, patoli-",poc-patopatoli-1,,,POc
6-12-4-3-394-POc-sorop-a,"call, summon",,"soRo(p), soRo(p)i-",poc-soropsoropi-1,,,POc
6-12-4-3-394-PEOc-kai-a,"call out to (s.o.), say forcefully",,kai,peoc-kai-1,,,PEOc
6-12-4-4-395-PSES-kunu-a,"it is said, people say…",,kunu,pmp-kunu-1,,,PMP
6-12-4-5-396-PWOc-pile-a,speak negatively or scornfully to (s.o.),,pile,pwoc-pile-1,,,PWOc
6-12-4-6-396-POc-rupas-a,"tell lies to s.o., deceive s.o.",,"rupʷas, rupʷasi-",poc-rupasrupasi-1,,,POc
6-12-4-6-396-POc-koron-a,"lie, tell a lie",,koron,poc-koron-1,,,POc
6-12-4-6-396-PEOc-sorit-a,"lie, tell a lie",,sori(t),peoc-sorit-1,,,PEOc
6-12-4-6-396-PCP-lasu-a,"tell a lie, deceive",,lasu,pcp-lasu-1,,,PCP
6-12-4-6-397-POc-lami-a,tell a lie,,lami,poc-lami-1,,,POc
6-12-4-6-397-POc-balau-a,lie (by exaggeration?),,balau,poc-balau-1,,,POc
6-12-5-None-397-POc-kapat-a,call or speak loudly,,kapʷat,poc-kapat-1,,,POc
6-12-5-None-398-POc-ulu-a,in a whisper,,ŋulu,poc-ulu-2,,,POc
6-12-5-None-398-PEOc-tatata-a,stammer,,[ta]tata,peoc-tatata-1,,,PEOc
6-12-5-None-398-PROc-kato-a,speak a foreign language,,kato,proc-kato-1,,,PROc
6-12-5-None-399-PPn-kote-a,"talk incomprehensibly, talk in a foreign language",,kote,ppn-kote-1,,,PPn
6-13-3-None-408-POc-poli-a,buy,,beli,pan-beli-1,,,PAn
6-13-3-None-409-POc-polipoli-a,"trade, barter",,poli-poli,poc-polipoli-1,,,POc
6-13-3-None-409-PWOc-kulae-a,"exchange, buy",,"kul(a,e)",pwoc-kulae-1,,,PWOc
6-13-3-None-410-POc-mate-a,"money, payment, medium of commercial exchange",,matay,pcemp-matay-1,,,PCEMP
6-13-4-2-411-POc-sara-a,shell money made from small shells,,saRa,poc-sara-2,,,POc
6-13-4-4-412-PPn-taqoa-a,"valuable, alienable property",,taqoŋa,ppn-taqoa-1,,,PPn
6-13-4-4-413-PPn-koloa-a,valuable possessions,,koloa,ppn-koloa-1,,,PPn
6-13-5-1-415-POc-wase-a,divide,,wa(n)se,pemp-wanse-1,,,PEMP
6-13-5-1-417-POc-soli-a,"distribute, pass to another",,"soli, soli(t,ŋ)-i-",poc-solisoliti-1,,,POc
6-13-5-1-417-POc-taras-a,"distribute, divide up, share",,"tara(s), taras-i-",poc-tarastarasi-1,,,POc
6-13-5-3-419-POc-ponot-a,"stopped up, plugged",,pened,pmp-pened-1,,,PMP
6-13-5-3-419-PEOc-sui-a,"pay, redeem a debt",,sui,peoc-sui-1,,,PEOc
6-13-6-None-422-POc-pani-a,give,,pani-,poc-pani-2,,,POc
6-13-6-None-422-POc-pere-a,give,,beRay,pan-beray-1,,,PAn
6-13-6-None-423-POc-pala-a,give,,"pala, pala-i-",poc-palapalai-1,,,POc
6-13-6-None-423-POc-panako-a,steal,,Cakaw,pan-cakaw-1,,,PAn
6-13-6-None-424-POc-painako-a,steal,,"painako, penako",poc-painakopenako-1,,,POc
6-14-2-None-439-POc-iap-a,count,,ihap,pmp-ihap-1,,,PMP
6-14-2-None-440-POc-luku-a,count,,luku,poc-luku-1,,,POc
6-14-2-None-440-PPn-tau-a,"count, tell",,tau,ppn-tau-2,,,PPn
6-14-2-None-441-PPn-lau-a,"recite, count, list",,lau,ppn-lau-1,,,PPn
6-14-4-None-446-POc-ka-a,,,ka-,poc-ka-1,,,POc
6-14-4-1-448-POc-isa-a,one,,"isa, esa, asa",pan-isaesaasa-1,,,PAn
6-14-4-1-449-POc-tasa-a,one,,ta-sa,poc-tasa-1,,,POc
6-14-4-1-450-POc-ta-a,one,,ta,poc-ta-1,,,POc
6-14-4-1-452-POc-tai-a,one,,tai,poc-tai-1,,,POc
6-14-4-1-454-ProtoBwaidoga-saqeana-a,one,,sa-qe-ana,protobwaidoga-saqeana-1,,,Proto Bwaidoga
6-14-4-1-455-PSES-kesa-a,one,,kesa,pses-kesa-1,,,PSES
6-14-4-2-455-POc-rua-a,2,,duSa,pan-dusa-1,,,PAn
6-14-4-2-457-POc-rarua-a,"two, of people",,da-duSa,pan-dadusa-1,,,PAn
6-14-4-2-457-POc-tolu-a,3,,telu,pan-telu-1,,,PAn
6-14-4-2-459-POc-pat-a,4,,Sepat,pan-sepat-1,,,PAn
6-14-4-2-460-POc-pati-a,4,,pati,pcemp-pati-1,,,PCEMP
6-14-4-2-461-POc-pai-a,4,,paŋi,poc-pai-2,,,POc
6-14-4-2-461-POc-lima-a,"five, hand",,lima,pan-lima-1,,,PAn
6-14-4-2-463-POc-nima-a,"hand, arm",,nima-,poc-nima-1,,,POc
6-14-4-3-463-POc-onom-a,6,,enem,pan-enem-1,,,PAn
6-14-4-3-464-POc-pitu-a,7,,pitu,pan-pitu-1,,,PAn
6-14-4-3-465-POc-walu-a,8,,walu,pan-walu-1,,,PAn
6-14-4-3-466-POc-siwa-a,9,,Siwa,pan-siwa-1,,,PAn
6-14-4-5-468-POc-sapuluq-a,10,,sa-puluq,pan-sapuluq-1,,,PAn
6-14-4-5-469-POc-saratus-a,100,,sa-Ratus,pmp-saratus-1,,,PMP
6-14-4-5-470-POc-saapuluq-a,10,,sa ŋa puluq,pmp-saapuluq-1,,,PMP
6-14-4-5-470-POc-saaratus-a,100,,sa ŋa Ratus,pmp-saaratus-1,,,PMP
6-14-4-6-473-POc-udolu-a,"all, whole",,udolu,poc-udolu-1,,,POc
6-14-4-6-474-POc-palu-a,"some, some more",,balu,pmp-balu-1,,,PMP
6-14-4-7-474-POc-pica-a,how many? how much?,,pijax,pan-pijax-1,,,PAn
6-14-5-1-476-POc-nmlna-a,ordinal numeral form,,NML-ña,poc-nmlna-1,,,POc
6-14-5-1-478-POc-pakanmlna-a,ordinal numeral form,,pa[ka]-NML-ña,poc-pakanmlna-1,,,POc
6-14-5-1-479-POc-ikanml-a,prefix for ordinal numerals,,Si-ka-NML,pan-sikanml-1,,,PAn
6-14-5-2-480-POc-pakanml-a,NML times,,paka-NML,pmp-pakanml-1,,,PMP
6-14-5-3-481-POc-nmlnml-a,NML by NML; NML at a time; NML each,,NML-NML,pan-nmlnml-1,,,PAn
6-14-5-3-482-PPn-taki-a,distributive prefix,,taki-,ppn-taki-1,,,PPn
6-14-6-1-483-POc-pua-a,default inanimate; round object,,pua,poc-pua-2,,,POc
6-14-6-1-485-POc-kai-a,"long, rigid object; wooden object; tree",,kai,poc-kai-1,,,POc
6-14-6-1-486-POc-tau-a,animate; person,,tau,poc-tau-1,,,POc
6-14-6-1-487-POc-manu-a,animate,,manu,poc-manu-1,,,POc
6-14-6-1-488-POc-qapa-a,flat object; sheet of s.t.; leaf,,qapa,poc-qapa-1,,,POc
6-14-6-1-488-POc-pata-a,long cylindrical object; tree trunk,,pata,poc-pata-2,,,POc
6-14-6-2-489-POc-buv-a,"bunch (of fruit, esp. betelnut?)",,buŋV,poc-buv-1,,,POc
6-14-6-2-489-POc-qiti-a,hand of bananas,,"qiti, qi",poc-qitiqi-1,,,POc
6-14-6-2-490-POc-pui-a,"bunch, group",,"pui, pui",poc-puipui-1,,,POc
6-14-6-3-490-POc-waro-a,a string of a specified number of a product,,waRo,poc-waro-1,,,POc
6-14-6-3-491-PCP-mata-a,10 fish; 10 taro,,mata-,pcp-mata-1,,,PCP
6-14-6-4-498-POc-ika-a,unit of 10,,"-ika, ika-",poc-ikaika-1,,,POc
6-14-6-4-500-ProtoMalaitaMakira-sinola-a,"10 large fish, 10 collections of ten yams, or ten branches of s.t.",,sinola,protomalaitamakira-sinola-1,,,Proto Malaita-Makira
6-14-6-4-501-ProtoMalaitaMakira-pela-a,1000 coconuts,,pʷela,protomalaitamakira-pela-1,,,Proto Malaita-Makira
6-14-6-6-501-POc-apuluq-a,unit of 10,,-ŋapuluq,poc-apuluq-1,,,POc
6-14-6-6-501-PEAd-atu-a,unit of 100,,-ŋatu,pead-atu-1,,,PEAd
6-14-6-6-502-PAdm-ruma-a,house,,-Ruma,padm-ruma-1,,,PAdm
6-14-6-6-502-PAdm-maw-a,animate; person (?),,-mʷaw,padm-maw-1,,,PAdm
6-14-6-6-502-PAdm-potv-a,"fire, firewood",,-potV,padm-potv-1,,,PAdm
6-14-6-6-502-PEAd-fatv-a,"container, bag, basket",,-fatV,pead-fatv-1,,,PEAd
6-14-6-6-503-PEAd-polv-a,(longitudinal?) half,,-polV,pead-polv-1,,,PEAd
6-14-6-6-503-PEAd-cala-a,path,,-cala,pead-cala-1,,,PEAd
6-14-6-6-503-PEAd-koro-a,village,,-koro,pead-koro-1,,,PEAd
6-14-6-8-504-PMic-awulu-a,unit of 10,,-ŋawulu,pmic-awulu-1,,,PMic
6-14-6-8-505-PGMic-papaqa-a,coconut frond,,[pa]paq[a]-,pgmic-papaqa-1,,,PGMic
6-14-6-8-505-PMic-sukumv-a,"package, packet",,-sukumV,pmic-sukumv-1,,,PMic
6-14-6-8-506-PGMic-boi-a,"night, 24-hour day",,boŋi,pgmic-boi-1,,,PGMic
6-14-6-8-506-PGMic-raun-a,leaf,,raun,pgmic-raun-1,,,PGMic
6-14-6-8-506-PGMic-puku-a,"node, joint, knot, knee",,pʷuku,pgmic-puku-1,,,PGMic
6-14-6-8-506-PGMic-kisi-a,"small, little",,kisi,pgmic-kisi-1,,,PGMic
6-14-6-8-507-ProtoCentralMicronesian-papa-a,flat object,,-papa,protocentralmicronesian-papa-1,,,Proto Central Micronesian
6-14-6-9-508-POc-pua-a,10 roundish objects,,-pua,poc-pua-3,,,POc
6-14-6-9-509-PPn-kau-a,"a score, 10 pairs",,-kau,ppn-kau-1,,,PPn
6-14-6-9-509-PPn-toka-a,person,,toka-,ppn-toka-2,,,PPn
6-14-6-9-509-ProtoSamoic-tino-a,animate being,,tino-,protosamoic-tino-1,,,Proto Samoic
6-14-6-9-510-ProtoSamoic-fua-a,unit of ten,,fua-,protosamoic-fua-1,,,Proto Samoic
6-14-6-9-510-ProtoSamoic-lau-a,unit of ten,,lau-,protosamoic-lau-1,,,Proto Samoic
6-14-6-9-510-PNPn-kau-a,10 roundish objects,,kau-,pnpn-kau-1,,,PNPn
6-15-5-None-526-PWOc-baqe-a,"wing, (?) hand",,baqe,pwoc-baqe-1,,,PWOc
6-15-5-None-527-ProtoKimbe-gigi-a,"count, tally",,gigi,protokimbe-gigi-1,,,Proto Kimbe
6-16-5-2-557-PChk-makotociki-a,length of one finger segment,,makoto-ciki,pchk-makotociki-1,,,PChk
6-16-5-2-557-PChk-makotolapa-a,length of two finger segments,,makoto-lapa,pchk-makotolapa-1,,,PChk
6-16-5-2-557-POc-tusu-a,forefinger,,tusu-,poc-tusu-1,,,POc
6-16-6-1-558-POc-ropa-a,fathom,,depah,pan-depah-1,,,PAn
6-16-6-1-560-POc-apa-a,fathom,,-ŋapa,poc-apa-1,,,POc
6-16-6-2-562-PChk-dilawupa-a,distance from outstretched finger-tip to mid-chest,,dila-wupʷa,pchk-dilawupa-1,,,PChk
6-16-6-4-564-PMic-manu-a,length from elbow to finger tips,,-mʷanū,pmic-manu-3,,,PMic
6-16-6-5-565-PPn-akumi-a,ten fathoms,,(ŋa)kumi,ppn-akumi-1,,,PPn
6-16-7-None-566-POc-topo-a,"to measure quantities, as amounts of grain",,tepeŋ,pan-tepe-1,,,PAn
6-16-7-None-567-PPn-fua-a,"weigh, measure",,fua,ppn-fua-3,,,PPn
